id,category,question,option_a,option_b,option_c,option_d,answer_index,points,difficulty
Q00001,MIT,Que signifie MIT dans Maroua Innovation Technology ?,Maroua Innovation Technology,Machine Intelligence Technology,Maroua Internet Telecom,Modern Innovation Team,0,10,facile
Q00002,MIT,Quel est le domaine principal de MIT ?,Développement de solutions technologiques,Production agricole,Transport routier,Commerce de détail,0,10,facile
Q00003,MIT,Dans quelle ville MIT est-elle implantée ?,Maroua,Douala,Bafoussam,Bertoua,0,10,facile
Q00004,MIT,Quelle est une expertise de MIT ?,Intelligence artificielle et Machine Learning,Construction de routes,Pêche industrielle,Production textile,0,10,facile
Q00005,MIT,Quel framework frontend est cité par MIT ?,React,Django,Spring,Laravel uniquement,0,10,facile
Q00006,MIT,Quel framework full-stack JavaScript est cité par MIT ?,Next.js,Symfony,Flask,Rails,0,10,facile
Q00007,MIT,Quel langage est utilisé côté mobile chez MIT ?,Kotlin,COBOL,Fortran,Pascal,0,10,facile
Q00008,MIT,Quel framework mobile est cité par MIT ?,Flutter,jQuery,Express,Django,0,10,facile
Q00009,MIT,Quelle base de données est citée parmi les technologies MIT ?,PostgreSQL,SQLite uniquement,Access,FoxPro,0,10,facile
Q00010,MIT,Quelle technologie cloud est citée par MIT ?,AWS,FTP,Telnet,IRC,0,10,facile
Q00011,MIT,Quelle est une mission affichée par MIT ?,Développer des solutions contextuelles et impactantes,Remplacer les écoles,Vendre du matériel uniquement,Créer des jeux exclusivement,0,10,facile
Q00012,MIT,Quelle vision est associée à MIT ?,Démocratiser l'accès à la technologie en Afrique,Limiter l'accès au numérique,Supprimer les services mobiles,Réserver l'IA aux grandes entreprises,0,10,facile
Q00013,MIT,Quel type de développement MIT met en avant ?,Applications Web Progressives,Applications DOS uniquement,Sites statiques sans interaction,Logiciels sans interface,0,10,facile
Q00014,MIT,Quel domaine DevOps est cité par MIT ?,Docker,BIOS,Assembly,VBScript,0,10,facile
Q00015,MIT,Quelle solution agricole de MIT est mise en avant ?,NDEMRI,Malloum,Pharmacie de Garde Maroua,Djanguirde,0,10,facile
Q00016,MIT,Quelle solution éducative par SMS est associée à MIT ?,Malloum,NDEMRI,Docker,PostgreSQL,0,10,facile
Q00017,MIT,Quel service numérique de santé est visible dans l'écosystème MIT ?,Pharmacie de Garde Maroua,NDEMRI,Malloum,React,0,10,facile
Q00018,MIT,Quelle méthode de travail MIT cite-t-elle ?,Méthodologies agiles,Méthode sans test,Développement sans analyse,Programmation papier,0,10,facile
Q00019,MIT,Quelle étape vient avant le développement dans la méthode affichée par MIT ?,Design,Déploiement,Monitoring,Maintenance,0,10,facile
Q00020,MIT,Quelle étape correspond à l'étude des besoins et de faisabilité ?,Analyse,Design,Développement,Déploiement,0,10,facile
Q00021,MIT,Quelle valeur résume l'approche de MIT ?,Innovation ancrée dans les réalités locales,Technologie sans contexte,Solutions exclusivement étrangères,Développement sans utilisateurs,0,10,facile
Q00022,MIT,Quel type d'architecture MIT mentionne-t-elle ?,Microservices,Architecture uniquement monolithique,Peer-to-peer obligatoire,Mainframe uniquement,0,10,facile
Q00023,MIT,Quel langage backend est cité par MIT ?,Python,BASIC,Delphi uniquement,Lua uniquement,0,10,facile
Q00024,MIT,Quel framework backend PHP est cité ?,Laravel,React,Flutter,TensorFlow,0,10,facile
Q00025,MIT,Quel framework frontend supplémentaire est cité ?,Vue.js,NumPy,Keras,Docker,0,10,facile
Q00026,MIT,Au stand MIT : Que signifie MIT dans Maroua Innovation Technology ?,Maroua Innovation Technology,Machine Intelligence Technology,Maroua Internet Telecom,Modern Innovation Team,0,10,facile
Q00027,MIT,Au stand MIT : Quel est le domaine principal de MIT ?,Développement de solutions technologiques,Production agricole,Transport routier,Commerce de détail,0,10,facile
Q00028,MIT,Au stand MIT : Dans quelle ville MIT est-elle implantée ?,Maroua,Douala,Bafoussam,Bertoua,0,10,facile
Q00029,MIT,Au stand MIT : Quelle est une expertise de MIT ?,Intelligence artificielle et Machine Learning,Construction de routes,Pêche industrielle,Production textile,0,10,facile
Q00030,MIT,Au stand MIT : Quel framework frontend est cité par MIT ?,React,Django,Spring,Laravel uniquement,0,10,facile
Q00031,MIT,Au stand MIT : Quel framework full-stack JavaScript est cité par MIT ?,Next.js,Symfony,Flask,Rails,0,10,facile
Q00032,MIT,Au stand MIT : Quel langage est utilisé côté mobile chez MIT ?,Kotlin,COBOL,Fortran,Pascal,0,10,facile
Q00033,MIT,Au stand MIT : Quel framework mobile est cité par MIT ?,Flutter,jQuery,Express,Django,0,10,facile
Q00034,MIT,Au stand MIT : Quelle base de données est citée parmi les technologies MIT ?,PostgreSQL,SQLite uniquement,Access,FoxPro,0,10,facile
Q00035,MIT,Au stand MIT : Quelle technologie cloud est citée par MIT ?,AWS,FTP,Telnet,IRC,0,10,facile
Q00036,MIT,Au stand MIT : Quelle est une mission affichée par MIT ?,Développer des solutions contextuelles et impactantes,Remplacer les écoles,Vendre du matériel uniquement,Créer des jeux exclusivement,0,10,facile
Q00037,MIT,Au stand MIT : Quelle vision est associée à MIT ?,Démocratiser l'accès à la technologie en Afrique,Limiter l'accès au numérique,Supprimer les services mobiles,Réserver l'IA aux grandes entreprises,0,10,facile
Q00038,MIT,Au stand MIT : Quel type de développement MIT met en avant ?,Applications Web Progressives,Applications DOS uniquement,Sites statiques sans interaction,Logiciels sans interface,0,10,facile
Q00039,MIT,Au stand MIT : Quel domaine DevOps est cité par MIT ?,Docker,BIOS,Assembly,VBScript,0,10,facile
Q00040,MIT,Au stand MIT : Quelle solution agricole de MIT est mise en avant ?,NDEMRI,Malloum,Pharmacie de Garde Maroua,Djanguirde,0,10,facile
Q00041,MIT,Au stand MIT : Quelle solution éducative par SMS est associée à MIT ?,Malloum,NDEMRI,Docker,PostgreSQL,0,10,facile
Q00042,MIT,Au stand MIT : Quel service numérique de santé est visible dans l'écosystème MIT ?,Pharmacie de Garde Maroua,NDEMRI,Malloum,React,0,10,facile
Q00043,MIT,Au stand MIT : Quelle méthode de travail MIT cite-t-elle ?,Méthodologies agiles,Méthode sans test,Développement sans analyse,Programmation papier,0,10,facile
Q00044,MIT,Au stand MIT : Quelle étape vient avant le développement dans la méthode affichée par MIT ?,Design,Déploiement,Monitoring,Maintenance,0,10,facile
Q00045,MIT,Au stand MIT : Quelle étape correspond à l'étude des besoins et de faisabilité ?,Analyse,Design,Développement,Déploiement,0,10,facile
Q00046,MIT,Au stand MIT : Quelle valeur résume l'approche de MIT ?,Innovation ancrée dans les réalités locales,Technologie sans contexte,Solutions exclusivement étrangères,Développement sans utilisateurs,0,10,facile
Q00047,MIT,Au stand MIT : Quel type d'architecture MIT mentionne-t-elle ?,Microservices,Architecture uniquement monolithique,Peer-to-peer obligatoire,Mainframe uniquement,0,10,facile
Q00048,MIT,Au stand MIT : Quel langage backend est cité par MIT ?,Python,BASIC,Delphi uniquement,Lua uniquement,0,10,facile
Q00049,MIT,Au stand MIT : Quel framework backend PHP est cité ?,Laravel,React,Flutter,TensorFlow,0,10,facile
Q00050,MIT,Au stand MIT : Quel framework frontend supplémentaire est cité ?,Vue.js,NumPy,Keras,Docker,0,10,facile
Q00051,MIT,Défi express : Que signifie MIT dans Maroua Innovation Technology ?,Maroua Innovation Technology,Machine Intelligence Technology,Maroua Internet Telecom,Modern Innovation Team,0,10,facile
Q00052,MIT,Défi express : Quel est le domaine principal de MIT ?,Développement de solutions technologiques,Production agricole,Transport routier,Commerce de détail,0,10,facile
Q00053,MIT,Défi express : Dans quelle ville MIT est-elle implantée ?,Maroua,Douala,Bafoussam,Bertoua,0,10,facile
Q00054,MIT,Défi express : Quelle est une expertise de MIT ?,Intelligence artificielle et Machine Learning,Construction de routes,Pêche industrielle,Production textile,0,10,facile
Q00055,MIT,Défi express : Quel framework frontend est cité par MIT ?,React,Django,Spring,Laravel uniquement,0,10,facile
Q00056,MIT,Défi express : Quel framework full-stack JavaScript est cité par MIT ?,Next.js,Symfony,Flask,Rails,0,10,facile
Q00057,MIT,Défi express : Quel langage est utilisé côté mobile chez MIT ?,Kotlin,COBOL,Fortran,Pascal,0,10,facile
Q00058,MIT,Défi express : Quel framework mobile est cité par MIT ?,Flutter,jQuery,Express,Django,0,10,facile
Q00059,MIT,Défi express : Quelle base de données est citée parmi les technologies MIT ?,PostgreSQL,SQLite uniquement,Access,FoxPro,0,10,facile
Q00060,MIT,Défi express : Quelle technologie cloud est citée par MIT ?,AWS,FTP,Telnet,IRC,0,10,facile
Q00061,MIT,Défi express : Quelle est une mission affichée par MIT ?,Développer des solutions contextuelles et impactantes,Remplacer les écoles,Vendre du matériel uniquement,Créer des jeux exclusivement,0,10,facile
Q00062,MIT,Défi express : Quelle vision est associée à MIT ?,Démocratiser l'accès à la technologie en Afrique,Limiter l'accès au numérique,Supprimer les services mobiles,Réserver l'IA aux grandes entreprises,0,10,facile
Q00063,MIT,Défi express : Quel type de développement MIT met en avant ?,Applications Web Progressives,Applications DOS uniquement,Sites statiques sans interaction,Logiciels sans interface,0,10,facile
Q00064,MIT,Défi express : Quel domaine DevOps est cité par MIT ?,Docker,BIOS,Assembly,VBScript,0,10,facile
Q00065,MIT,Défi express : Quelle solution agricole de MIT est mise en avant ?,NDEMRI,Malloum,Pharmacie de Garde Maroua,Djanguirde,0,10,facile
Q00066,MIT,Défi express : Quelle solution éducative par SMS est associée à MIT ?,Malloum,NDEMRI,Docker,PostgreSQL,0,10,facile
Q00067,MIT,Défi express : Quel service numérique de santé est visible dans l'écosystème MIT ?,Pharmacie de Garde Maroua,NDEMRI,Malloum,React,0,10,facile
Q00068,MIT,Défi express : Quelle méthode de travail MIT cite-t-elle ?,Méthodologies agiles,Méthode sans test,Développement sans analyse,Programmation papier,0,10,facile
Q00069,MIT,Défi express : Quelle étape vient avant le développement dans la méthode affichée par MIT ?,Design,Déploiement,Monitoring,Maintenance,0,10,facile
Q00070,MIT,Défi express : Quelle étape correspond à l'étude des besoins et de faisabilité ?,Analyse,Design,Développement,Déploiement,0,10,facile
Q00071,MIT,Défi express : Quelle valeur résume l'approche de MIT ?,Innovation ancrée dans les réalités locales,Technologie sans contexte,Solutions exclusivement étrangères,Développement sans utilisateurs,0,10,facile
Q00072,MIT,Défi express : Quel type d'architecture MIT mentionne-t-elle ?,Microservices,Architecture uniquement monolithique,Peer-to-peer obligatoire,Mainframe uniquement,0,10,facile
Q00073,MIT,Défi express : Quel langage backend est cité par MIT ?,Python,BASIC,Delphi uniquement,Lua uniquement,0,10,facile
Q00074,MIT,Défi express : Quel framework backend PHP est cité ?,Laravel,React,Flutter,TensorFlow,0,10,facile
Q00075,MIT,Défi express : Quel framework frontend supplémentaire est cité ?,Vue.js,NumPy,Keras,Docker,0,10,facile
Q00076,MIT,Testez vos connaissances : Que signifie MIT dans Maroua Innovation Technology ?,Maroua Innovation Technology,Machine Intelligence Technology,Maroua Internet Telecom,Modern Innovation Team,0,10,facile
Q00077,MIT,Testez vos connaissances : Quel est le domaine principal de MIT ?,Développement de solutions technologiques,Production agricole,Transport routier,Commerce de détail,0,10,facile
Q00078,MIT,Testez vos connaissances : Dans quelle ville MIT est-elle implantée ?,Maroua,Douala,Bafoussam,Bertoua,0,10,facile
Q00079,MIT,Testez vos connaissances : Quelle est une expertise de MIT ?,Intelligence artificielle et Machine Learning,Construction de routes,Pêche industrielle,Production textile,0,10,facile
Q00080,MIT,Testez vos connaissances : Quel framework frontend est cité par MIT ?,React,Django,Spring,Laravel uniquement,0,10,facile
Q00081,MIT,Testez vos connaissances : Quel framework full-stack JavaScript est cité par MIT ?,Next.js,Symfony,Flask,Rails,0,10,facile
Q00082,MIT,Testez vos connaissances : Quel langage est utilisé côté mobile chez MIT ?,Kotlin,COBOL,Fortran,Pascal,0,10,facile
Q00083,MIT,Testez vos connaissances : Quel framework mobile est cité par MIT ?,Flutter,jQuery,Express,Django,0,10,facile
Q00084,MIT,Testez vos connaissances : Quelle base de données est citée parmi les technologies MIT ?,PostgreSQL,SQLite uniquement,Access,FoxPro,0,10,facile
Q00085,MIT,Testez vos connaissances : Quelle technologie cloud est citée par MIT ?,AWS,FTP,Telnet,IRC,0,10,facile
Q00086,MIT,Testez vos connaissances : Quelle est une mission affichée par MIT ?,Développer des solutions contextuelles et impactantes,Remplacer les écoles,Vendre du matériel uniquement,Créer des jeux exclusivement,0,10,facile
Q00087,MIT,Testez vos connaissances : Quelle vision est associée à MIT ?,Démocratiser l'accès à la technologie en Afrique,Limiter l'accès au numérique,Supprimer les services mobiles,Réserver l'IA aux grandes entreprises,0,10,facile
Q00088,MIT,Testez vos connaissances : Quel type de développement MIT met en avant ?,Applications Web Progressives,Applications DOS uniquement,Sites statiques sans interaction,Logiciels sans interface,0,10,facile
Q00089,MIT,Testez vos connaissances : Quel domaine DevOps est cité par MIT ?,Docker,BIOS,Assembly,VBScript,0,10,facile
Q00090,MIT,Testez vos connaissances : Quelle solution agricole de MIT est mise en avant ?,NDEMRI,Malloum,Pharmacie de Garde Maroua,Djanguirde,0,10,facile
Q00091,MIT,Testez vos connaissances : Quelle solution éducative par SMS est associée à MIT ?,Malloum,NDEMRI,Docker,PostgreSQL,0,10,facile
Q00092,MIT,Testez vos connaissances : Quel service numérique de santé est visible dans l'écosystème MIT ?,Pharmacie de Garde Maroua,NDEMRI,Malloum,React,0,10,facile
Q00093,MIT,Testez vos connaissances : Quelle méthode de travail MIT cite-t-elle ?,Méthodologies agiles,Méthode sans test,Développement sans analyse,Programmation papier,0,10,facile
Q00094,MIT,Testez vos connaissances : Quelle étape vient avant le développement dans la méthode affichée par MIT ?,Design,Déploiement,Monitoring,Maintenance,0,10,facile
Q00095,MIT,Testez vos connaissances : Quelle étape correspond à l'étude des besoins et de faisabilité ?,Analyse,Design,Développement,Déploiement,0,10,facile
Q00096,MIT,Testez vos connaissances : Quelle valeur résume l'approche de MIT ?,Innovation ancrée dans les réalités locales,Technologie sans contexte,Solutions exclusivement étrangères,Développement sans utilisateurs,0,10,facile
Q00097,MIT,Testez vos connaissances : Quel type d'architecture MIT mentionne-t-elle ?,Microservices,Architecture uniquement monolithique,Peer-to-peer obligatoire,Mainframe uniquement,0,10,facile
Q00098,MIT,Testez vos connaissances : Quel langage backend est cité par MIT ?,Python,BASIC,Delphi uniquement,Lua uniquement,0,10,facile
Q00099,MIT,Testez vos connaissances : Quel framework backend PHP est cité ?,Laravel,React,Flutter,TensorFlow,0,10,facile
Q00100,MIT,Testez vos connaissances : Quel framework frontend supplémentaire est cité ?,Vue.js,NumPy,Keras,Docker,0,10,facile
Q00101,MIT,Le saviez-vous ? Que signifie MIT dans Maroua Innovation Technology ?,Maroua Innovation Technology,Machine Intelligence Technology,Maroua Internet Telecom,Modern Innovation Team,0,10,facile
Q00102,MIT,Le saviez-vous ? Quel est le domaine principal de MIT ?,Développement de solutions technologiques,Production agricole,Transport routier,Commerce de détail,0,10,facile
Q00103,MIT,Le saviez-vous ? Dans quelle ville MIT est-elle implantée ?,Maroua,Douala,Bafoussam,Bertoua,0,10,facile
Q00104,MIT,Le saviez-vous ? Quelle est une expertise de MIT ?,Intelligence artificielle et Machine Learning,Construction de routes,Pêche industrielle,Production textile,0,10,facile
Q00105,MIT,Le saviez-vous ? Quel framework frontend est cité par MIT ?,React,Django,Spring,Laravel uniquement,0,10,facile
Q00106,MIT,Le saviez-vous ? Quel framework full-stack JavaScript est cité par MIT ?,Next.js,Symfony,Flask,Rails,0,10,facile
Q00107,MIT,Le saviez-vous ? Quel langage est utilisé côté mobile chez MIT ?,Kotlin,COBOL,Fortran,Pascal,0,10,facile
Q00108,MIT,Le saviez-vous ? Quel framework mobile est cité par MIT ?,Flutter,jQuery,Express,Django,0,10,facile
Q00109,MIT,Le saviez-vous ? Quelle base de données est citée parmi les technologies MIT ?,PostgreSQL,SQLite uniquement,Access,FoxPro,0,10,facile
Q00110,MIT,Le saviez-vous ? Quelle technologie cloud est citée par MIT ?,AWS,FTP,Telnet,IRC,0,10,facile
Q00111,MIT,Le saviez-vous ? Quelle est une mission affichée par MIT ?,Développer des solutions contextuelles et impactantes,Remplacer les écoles,Vendre du matériel uniquement,Créer des jeux exclusivement,0,10,facile
Q00112,MIT,Le saviez-vous ? Quelle vision est associée à MIT ?,Démocratiser l'accès à la technologie en Afrique,Limiter l'accès au numérique,Supprimer les services mobiles,Réserver l'IA aux grandes entreprises,0,10,facile
Q00113,MIT,Le saviez-vous ? Quel type de développement MIT met en avant ?,Applications Web Progressives,Applications DOS uniquement,Sites statiques sans interaction,Logiciels sans interface,0,10,facile
Q00114,MIT,Le saviez-vous ? Quel domaine DevOps est cité par MIT ?,Docker,BIOS,Assembly,VBScript,0,10,facile
Q00115,MIT,Le saviez-vous ? Quelle solution agricole de MIT est mise en avant ?,NDEMRI,Malloum,Pharmacie de Garde Maroua,Djanguirde,0,10,facile
Q00116,MIT,Le saviez-vous ? Quelle solution éducative par SMS est associée à MIT ?,Malloum,NDEMRI,Docker,PostgreSQL,0,10,facile
Q00117,MIT,Le saviez-vous ? Quel service numérique de santé est visible dans l'écosystème MIT ?,Pharmacie de Garde Maroua,NDEMRI,Malloum,React,0,10,facile
Q00118,MIT,Le saviez-vous ? Quelle méthode de travail MIT cite-t-elle ?,Méthodologies agiles,Méthode sans test,Développement sans analyse,Programmation papier,0,10,facile
Q00119,MIT,Le saviez-vous ? Quelle étape vient avant le développement dans la méthode affichée par MIT ?,Design,Déploiement,Monitoring,Maintenance,0,10,facile
Q00120,MIT,Le saviez-vous ? Quelle étape correspond à l'étude des besoins et de faisabilité ?,Analyse,Design,Développement,Déploiement,0,10,facile
Q00121,MIT,Le saviez-vous ? Quelle valeur résume l'approche de MIT ?,Innovation ancrée dans les réalités locales,Technologie sans contexte,Solutions exclusivement étrangères,Développement sans utilisateurs,0,10,facile
Q00122,MIT,Le saviez-vous ? Quel type d'architecture MIT mentionne-t-elle ?,Microservices,Architecture uniquement monolithique,Peer-to-peer obligatoire,Mainframe uniquement,0,10,facile
Q00123,MIT,Le saviez-vous ? Quel langage backend est cité par MIT ?,Python,BASIC,Delphi uniquement,Lua uniquement,0,10,facile
Q00124,MIT,Le saviez-vous ? Quel framework backend PHP est cité ?,Laravel,React,Flutter,TensorFlow,0,10,facile
Q00125,MIT,Le saviez-vous ? Quel framework frontend supplémentaire est cité ?,Vue.js,NumPy,Keras,Docker,0,10,facile
Q00126,MIT,Quiz du jour : Que signifie MIT dans Maroua Innovation Technology ?,Maroua Innovation Technology,Machine Intelligence Technology,Maroua Internet Telecom,Modern Innovation Team,0,10,moyen
Q00127,MIT,Quiz du jour : Quel est le domaine principal de MIT ?,Développement de solutions technologiques,Production agricole,Transport routier,Commerce de détail,0,10,moyen
Q00128,MIT,Quiz du jour : Dans quelle ville MIT est-elle implantée ?,Maroua,Douala,Bafoussam,Bertoua,0,10,moyen
Q00129,MIT,Quiz du jour : Quelle est une expertise de MIT ?,Intelligence artificielle et Machine Learning,Construction de routes,Pêche industrielle,Production textile,0,10,moyen
Q00130,MIT,Quiz du jour : Quel framework frontend est cité par MIT ?,React,Django,Spring,Laravel uniquement,0,10,moyen
Q00131,MIT,Quiz du jour : Quel framework full-stack JavaScript est cité par MIT ?,Next.js,Symfony,Flask,Rails,0,10,moyen
Q00132,MIT,Quiz du jour : Quel langage est utilisé côté mobile chez MIT ?,Kotlin,COBOL,Fortran,Pascal,0,10,moyen
Q00133,MIT,Quiz du jour : Quel framework mobile est cité par MIT ?,Flutter,jQuery,Express,Django,0,10,moyen
Q00134,MIT,Quiz du jour : Quelle base de données est citée parmi les technologies MIT ?,PostgreSQL,SQLite uniquement,Access,FoxPro,0,10,moyen
Q00135,MIT,Quiz du jour : Quelle technologie cloud est citée par MIT ?,AWS,FTP,Telnet,IRC,0,10,moyen
Q00136,MIT,Quiz du jour : Quelle est une mission affichée par MIT ?,Développer des solutions contextuelles et impactantes,Remplacer les écoles,Vendre du matériel uniquement,Créer des jeux exclusivement,0,10,moyen
Q00137,MIT,Quiz du jour : Quelle vision est associée à MIT ?,Démocratiser l'accès à la technologie en Afrique,Limiter l'accès au numérique,Supprimer les services mobiles,Réserver l'IA aux grandes entreprises,0,10,moyen
Q00138,MIT,Quiz du jour : Quel type de développement MIT met en avant ?,Applications Web Progressives,Applications DOS uniquement,Sites statiques sans interaction,Logiciels sans interface,0,10,moyen
Q00139,MIT,Quiz du jour : Quel domaine DevOps est cité par MIT ?,Docker,BIOS,Assembly,VBScript,0,10,moyen
Q00140,MIT,Quiz du jour : Quelle solution agricole de MIT est mise en avant ?,NDEMRI,Malloum,Pharmacie de Garde Maroua,Djanguirde,0,10,moyen
Q00141,MIT,Quiz du jour : Quelle solution éducative par SMS est associée à MIT ?,Malloum,NDEMRI,Docker,PostgreSQL,0,10,moyen
Q00142,MIT,Quiz du jour : Quel service numérique de santé est visible dans l'écosystème MIT ?,Pharmacie de Garde Maroua,NDEMRI,Malloum,React,0,10,moyen
Q00143,MIT,Quiz du jour : Quelle méthode de travail MIT cite-t-elle ?,Méthodologies agiles,Méthode sans test,Développement sans analyse,Programmation papier,0,10,moyen
Q00144,MIT,Quiz du jour : Quelle étape vient avant le développement dans la méthode affichée par MIT ?,Design,Déploiement,Monitoring,Maintenance,0,10,moyen
Q00145,MIT,Quiz du jour : Quelle étape correspond à l'étude des besoins et de faisabilité ?,Analyse,Design,Développement,Déploiement,0,10,moyen
Q00146,MIT,Quiz du jour : Quelle valeur résume l'approche de MIT ?,Innovation ancrée dans les réalités locales,Technologie sans contexte,Solutions exclusivement étrangères,Développement sans utilisateurs,0,10,moyen
Q00147,MIT,Quiz du jour : Quel type d'architecture MIT mentionne-t-elle ?,Microservices,Architecture uniquement monolithique,Peer-to-peer obligatoire,Mainframe uniquement,0,10,moyen
Q00148,MIT,Quiz du jour : Quel langage backend est cité par MIT ?,Python,BASIC,Delphi uniquement,Lua uniquement,0,10,moyen
Q00149,MIT,Quiz du jour : Quel framework backend PHP est cité ?,Laravel,React,Flutter,TensorFlow,0,10,moyen
Q00150,MIT,Quiz du jour : Quel framework frontend supplémentaire est cité ?,Vue.js,NumPy,Keras,Docker,0,10,moyen
Q00151,MIT,À vous de jouer : Que signifie MIT dans Maroua Innovation Technology ?,Maroua Innovation Technology,Machine Intelligence Technology,Maroua Internet Telecom,Modern Innovation Team,0,10,moyen
Q00152,MIT,À vous de jouer : Quel est le domaine principal de MIT ?,Développement de solutions technologiques,Production agricole,Transport routier,Commerce de détail,0,10,moyen
Q00153,MIT,À vous de jouer : Dans quelle ville MIT est-elle implantée ?,Maroua,Douala,Bafoussam,Bertoua,0,10,moyen
Q00154,MIT,À vous de jouer : Quelle est une expertise de MIT ?,Intelligence artificielle et Machine Learning,Construction de routes,Pêche industrielle,Production textile,0,10,moyen
Q00155,MIT,À vous de jouer : Quel framework frontend est cité par MIT ?,React,Django,Spring,Laravel uniquement,0,10,moyen
Q00156,MIT,À vous de jouer : Quel framework full-stack JavaScript est cité par MIT ?,Next.js,Symfony,Flask,Rails,0,10,moyen
Q00157,MIT,À vous de jouer : Quel langage est utilisé côté mobile chez MIT ?,Kotlin,COBOL,Fortran,Pascal,0,10,moyen
Q00158,MIT,À vous de jouer : Quel framework mobile est cité par MIT ?,Flutter,jQuery,Express,Django,0,10,moyen
Q00159,MIT,À vous de jouer : Quelle base de données est citée parmi les technologies MIT ?,PostgreSQL,SQLite uniquement,Access,FoxPro,0,10,moyen
Q00160,MIT,À vous de jouer : Quelle technologie cloud est citée par MIT ?,AWS,FTP,Telnet,IRC,0,10,moyen
Q00161,MIT,À vous de jouer : Quelle est une mission affichée par MIT ?,Développer des solutions contextuelles et impactantes,Remplacer les écoles,Vendre du matériel uniquement,Créer des jeux exclusivement,0,10,moyen
Q00162,MIT,À vous de jouer : Quelle vision est associée à MIT ?,Démocratiser l'accès à la technologie en Afrique,Limiter l'accès au numérique,Supprimer les services mobiles,Réserver l'IA aux grandes entreprises,0,10,moyen
Q00163,MIT,À vous de jouer : Quel type de développement MIT met en avant ?,Applications Web Progressives,Applications DOS uniquement,Sites statiques sans interaction,Logiciels sans interface,0,10,moyen
Q00164,MIT,À vous de jouer : Quel domaine DevOps est cité par MIT ?,Docker,BIOS,Assembly,VBScript,0,10,moyen
Q00165,MIT,À vous de jouer : Quelle solution agricole de MIT est mise en avant ?,NDEMRI,Malloum,Pharmacie de Garde Maroua,Djanguirde,0,10,moyen
Q00166,MIT,À vous de jouer : Quelle solution éducative par SMS est associée à MIT ?,Malloum,NDEMRI,Docker,PostgreSQL,0,10,moyen
Q00167,MIT,À vous de jouer : Quel service numérique de santé est visible dans l'écosystème MIT ?,Pharmacie de Garde Maroua,NDEMRI,Malloum,React,0,10,moyen
Q00168,MIT,À vous de jouer : Quelle méthode de travail MIT cite-t-elle ?,Méthodologies agiles,Méthode sans test,Développement sans analyse,Programmation papier,0,10,moyen
Q00169,MIT,À vous de jouer : Quelle étape vient avant le développement dans la méthode affichée par MIT ?,Design,Déploiement,Monitoring,Maintenance,0,10,moyen
Q00170,MIT,À vous de jouer : Quelle étape correspond à l'étude des besoins et de faisabilité ?,Analyse,Design,Développement,Déploiement,0,10,moyen
Q00171,MIT,À vous de jouer : Quelle valeur résume l'approche de MIT ?,Innovation ancrée dans les réalités locales,Technologie sans contexte,Solutions exclusivement étrangères,Développement sans utilisateurs,0,10,moyen
Q00172,MIT,À vous de jouer : Quel type d'architecture MIT mentionne-t-elle ?,Microservices,Architecture uniquement monolithique,Peer-to-peer obligatoire,Mainframe uniquement,0,10,moyen
Q00173,MIT,À vous de jouer : Quel langage backend est cité par MIT ?,Python,BASIC,Delphi uniquement,Lua uniquement,0,10,moyen
Q00174,MIT,À vous de jouer : Quel framework backend PHP est cité ?,Laravel,React,Flutter,TensorFlow,0,10,moyen
Q00175,MIT,À vous de jouer : Quel framework frontend supplémentaire est cité ?,Vue.js,NumPy,Keras,Docker,0,10,moyen
Q00176,MIT,Challenge : Que signifie MIT dans Maroua Innovation Technology ?,Maroua Innovation Technology,Machine Intelligence Technology,Maroua Internet Telecom,Modern Innovation Team,0,10,moyen
Q00177,MIT,Challenge : Quel est le domaine principal de MIT ?,Développement de solutions technologiques,Production agricole,Transport routier,Commerce de détail,0,10,moyen
Q00178,MIT,Challenge : Dans quelle ville MIT est-elle implantée ?,Maroua,Douala,Bafoussam,Bertoua,0,10,moyen
Q00179,MIT,Challenge : Quelle est une expertise de MIT ?,Intelligence artificielle et Machine Learning,Construction de routes,Pêche industrielle,Production textile,0,10,moyen
Q00180,MIT,Challenge : Quel framework frontend est cité par MIT ?,React,Django,Spring,Laravel uniquement,0,10,moyen
Q00181,MIT,Challenge : Quel framework full-stack JavaScript est cité par MIT ?,Next.js,Symfony,Flask,Rails,0,10,moyen
Q00182,MIT,Challenge : Quel langage est utilisé côté mobile chez MIT ?,Kotlin,COBOL,Fortran,Pascal,0,10,moyen
Q00183,MIT,Challenge : Quel framework mobile est cité par MIT ?,Flutter,jQuery,Express,Django,0,10,moyen
Q00184,MIT,Challenge : Quelle base de données est citée parmi les technologies MIT ?,PostgreSQL,SQLite uniquement,Access,FoxPro,0,10,moyen
Q00185,MIT,Challenge : Quelle technologie cloud est citée par MIT ?,AWS,FTP,Telnet,IRC,0,10,moyen
Q00186,MIT,Challenge : Quelle est une mission affichée par MIT ?,Développer des solutions contextuelles et impactantes,Remplacer les écoles,Vendre du matériel uniquement,Créer des jeux exclusivement,0,10,moyen
Q00187,MIT,Challenge : Quelle vision est associée à MIT ?,Démocratiser l'accès à la technologie en Afrique,Limiter l'accès au numérique,Supprimer les services mobiles,Réserver l'IA aux grandes entreprises,0,10,moyen
Q00188,MIT,Challenge : Quel type de développement MIT met en avant ?,Applications Web Progressives,Applications DOS uniquement,Sites statiques sans interaction,Logiciels sans interface,0,10,moyen
Q00189,MIT,Challenge : Quel domaine DevOps est cité par MIT ?,Docker,BIOS,Assembly,VBScript,0,10,moyen
Q00190,MIT,Challenge : Quelle solution agricole de MIT est mise en avant ?,NDEMRI,Malloum,Pharmacie de Garde Maroua,Djanguirde,0,10,moyen
Q00191,MIT,Challenge : Quelle solution éducative par SMS est associée à MIT ?,Malloum,NDEMRI,Docker,PostgreSQL,0,10,moyen
Q00192,MIT,Challenge : Quel service numérique de santé est visible dans l'écosystème MIT ?,Pharmacie de Garde Maroua,NDEMRI,Malloum,React,0,10,moyen
Q00193,MIT,Challenge : Quelle méthode de travail MIT cite-t-elle ?,Méthodologies agiles,Méthode sans test,Développement sans analyse,Programmation papier,0,10,moyen
Q00194,MIT,Challenge : Quelle étape vient avant le développement dans la méthode affichée par MIT ?,Design,Déploiement,Monitoring,Maintenance,0,10,moyen
Q00195,MIT,Challenge : Quelle étape correspond à l'étude des besoins et de faisabilité ?,Analyse,Design,Développement,Déploiement,0,10,moyen
Q00196,MIT,Challenge : Quelle valeur résume l'approche de MIT ?,Innovation ancrée dans les réalités locales,Technologie sans contexte,Solutions exclusivement étrangères,Développement sans utilisateurs,0,10,moyen
Q00197,MIT,Challenge : Quel type d'architecture MIT mentionne-t-elle ?,Microservices,Architecture uniquement monolithique,Peer-to-peer obligatoire,Mainframe uniquement,0,10,moyen
Q00198,MIT,Challenge : Quel langage backend est cité par MIT ?,Python,BASIC,Delphi uniquement,Lua uniquement,0,10,moyen
Q00199,MIT,Challenge : Quel framework backend PHP est cité ?,Laravel,React,Flutter,TensorFlow,0,10,moyen
Q00200,MIT,Challenge : Quel framework frontend supplémentaire est cité ?,Vue.js,NumPy,Keras,Docker,0,10,moyen
Q00201,MIT,Question bonus : Que signifie MIT dans Maroua Innovation Technology ?,Maroua Innovation Technology,Machine Intelligence Technology,Maroua Internet Telecom,Modern Innovation Team,0,10,moyen
Q00202,MIT,Question bonus : Quel est le domaine principal de MIT ?,Développement de solutions technologiques,Production agricole,Transport routier,Commerce de détail,0,10,moyen
Q00203,MIT,Question bonus : Dans quelle ville MIT est-elle implantée ?,Maroua,Douala,Bafoussam,Bertoua,0,10,moyen
Q00204,MIT,Question bonus : Quelle est une expertise de MIT ?,Intelligence artificielle et Machine Learning,Construction de routes,Pêche industrielle,Production textile,0,10,moyen
Q00205,MIT,Question bonus : Quel framework frontend est cité par MIT ?,React,Django,Spring,Laravel uniquement,0,10,moyen
Q00206,MIT,Question bonus : Quel framework full-stack JavaScript est cité par MIT ?,Next.js,Symfony,Flask,Rails,0,10,moyen
Q00207,MIT,Question bonus : Quel langage est utilisé côté mobile chez MIT ?,Kotlin,COBOL,Fortran,Pascal,0,10,moyen
Q00208,MIT,Question bonus : Quel framework mobile est cité par MIT ?,Flutter,jQuery,Express,Django,0,10,moyen
Q00209,MIT,Question bonus : Quelle base de données est citée parmi les technologies MIT ?,PostgreSQL,SQLite uniquement,Access,FoxPro,0,10,moyen
Q00210,MIT,Question bonus : Quelle technologie cloud est citée par MIT ?,AWS,FTP,Telnet,IRC,0,10,moyen
Q00211,MIT,Question bonus : Quelle est une mission affichée par MIT ?,Développer des solutions contextuelles et impactantes,Remplacer les écoles,Vendre du matériel uniquement,Créer des jeux exclusivement,0,10,moyen
Q00212,MIT,Question bonus : Quelle vision est associée à MIT ?,Démocratiser l'accès à la technologie en Afrique,Limiter l'accès au numérique,Supprimer les services mobiles,Réserver l'IA aux grandes entreprises,0,10,moyen
Q00213,MIT,Question bonus : Quel type de développement MIT met en avant ?,Applications Web Progressives,Applications DOS uniquement,Sites statiques sans interaction,Logiciels sans interface,0,10,moyen
Q00214,MIT,Question bonus : Quel domaine DevOps est cité par MIT ?,Docker,BIOS,Assembly,VBScript,0,10,moyen
Q00215,MIT,Question bonus : Quelle solution agricole de MIT est mise en avant ?,NDEMRI,Malloum,Pharmacie de Garde Maroua,Djanguirde,0,10,moyen
Q00216,MIT,Question bonus : Quelle solution éducative par SMS est associée à MIT ?,Malloum,NDEMRI,Docker,PostgreSQL,0,10,moyen
Q00217,MIT,Question bonus : Quel service numérique de santé est visible dans l'écosystème MIT ?,Pharmacie de Garde Maroua,NDEMRI,Malloum,React,0,10,moyen
Q00218,MIT,Question bonus : Quelle méthode de travail MIT cite-t-elle ?,Méthodologies agiles,Méthode sans test,Développement sans analyse,Programmation papier,0,10,moyen
Q00219,MIT,Question bonus : Quelle étape vient avant le développement dans la méthode affichée par MIT ?,Design,Déploiement,Monitoring,Maintenance,0,10,moyen
Q00220,MIT,Question bonus : Quelle étape correspond à l'étude des besoins et de faisabilité ?,Analyse,Design,Développement,Déploiement,0,10,moyen
Q00221,MIT,Question bonus : Quelle valeur résume l'approche de MIT ?,Innovation ancrée dans les réalités locales,Technologie sans contexte,Solutions exclusivement étrangères,Développement sans utilisateurs,0,10,moyen
Q00222,MIT,Question bonus : Quel type d'architecture MIT mentionne-t-elle ?,Microservices,Architecture uniquement monolithique,Peer-to-peer obligatoire,Mainframe uniquement,0,10,moyen
Q00223,MIT,Question bonus : Quel langage backend est cité par MIT ?,Python,BASIC,Delphi uniquement,Lua uniquement,0,10,moyen
Q00224,MIT,Question bonus : Quel framework backend PHP est cité ?,Laravel,React,Flutter,TensorFlow,0,10,moyen
Q00225,MIT,Question bonus : Quel framework frontend supplémentaire est cité ?,Vue.js,NumPy,Keras,Docker,0,10,moyen
Q00226,MIT,Question éclair : Que signifie MIT dans Maroua Innovation Technology ?,Maroua Innovation Technology,Machine Intelligence Technology,Maroua Internet Telecom,Modern Innovation Team,0,10,moyen
Q00227,MIT,Question éclair : Quel est le domaine principal de MIT ?,Développement de solutions technologiques,Production agricole,Transport routier,Commerce de détail,0,10,moyen
Q00228,MIT,Question éclair : Dans quelle ville MIT est-elle implantée ?,Maroua,Douala,Bafoussam,Bertoua,0,10,moyen
Q00229,MIT,Question éclair : Quelle est une expertise de MIT ?,Intelligence artificielle et Machine Learning,Construction de routes,Pêche industrielle,Production textile,0,10,moyen
Q00230,MIT,Question éclair : Quel framework frontend est cité par MIT ?,React,Django,Spring,Laravel uniquement,0,10,moyen
Q00231,MIT,Question éclair : Quel framework full-stack JavaScript est cité par MIT ?,Next.js,Symfony,Flask,Rails,0,10,moyen
Q00232,MIT,Question éclair : Quel langage est utilisé côté mobile chez MIT ?,Kotlin,COBOL,Fortran,Pascal,0,10,moyen
Q00233,MIT,Question éclair : Quel framework mobile est cité par MIT ?,Flutter,jQuery,Express,Django,0,10,moyen
Q00234,MIT,Question éclair : Quelle base de données est citée parmi les technologies MIT ?,PostgreSQL,SQLite uniquement,Access,FoxPro,0,10,moyen
Q00235,MIT,Question éclair : Quelle technologie cloud est citée par MIT ?,AWS,FTP,Telnet,IRC,0,10,moyen
Q00236,MIT,Question éclair : Quelle est une mission affichée par MIT ?,Développer des solutions contextuelles et impactantes,Remplacer les écoles,Vendre du matériel uniquement,Créer des jeux exclusivement,0,10,moyen
Q00237,MIT,Question éclair : Quelle vision est associée à MIT ?,Démocratiser l'accès à la technologie en Afrique,Limiter l'accès au numérique,Supprimer les services mobiles,Réserver l'IA aux grandes entreprises,0,10,moyen
Q00238,MIT,Question éclair : Quel type de développement MIT met en avant ?,Applications Web Progressives,Applications DOS uniquement,Sites statiques sans interaction,Logiciels sans interface,0,10,moyen
Q00239,MIT,Question éclair : Quel domaine DevOps est cité par MIT ?,Docker,BIOS,Assembly,VBScript,0,10,moyen
Q00240,MIT,Question éclair : Quelle solution agricole de MIT est mise en avant ?,NDEMRI,Malloum,Pharmacie de Garde Maroua,Djanguirde,0,10,moyen
Q00241,MIT,Question éclair : Quelle solution éducative par SMS est associée à MIT ?,Malloum,NDEMRI,Docker,PostgreSQL,0,10,moyen
Q00242,MIT,Question éclair : Quel service numérique de santé est visible dans l'écosystème MIT ?,Pharmacie de Garde Maroua,NDEMRI,Malloum,React,0,10,moyen
Q00243,MIT,Question éclair : Quelle méthode de travail MIT cite-t-elle ?,Méthodologies agiles,Méthode sans test,Développement sans analyse,Programmation papier,0,10,moyen
Q00244,MIT,Question éclair : Quelle étape vient avant le développement dans la méthode affichée par MIT ?,Design,Déploiement,Monitoring,Maintenance,0,10,moyen
Q00245,MIT,Question éclair : Quelle étape correspond à l'étude des besoins et de faisabilité ?,Analyse,Design,Développement,Déploiement,0,10,moyen
Q00246,MIT,Question éclair : Quelle valeur résume l'approche de MIT ?,Innovation ancrée dans les réalités locales,Technologie sans contexte,Solutions exclusivement étrangères,Développement sans utilisateurs,0,10,moyen
Q00247,MIT,Question éclair : Quel type d'architecture MIT mentionne-t-elle ?,Microservices,Architecture uniquement monolithique,Peer-to-peer obligatoire,Mainframe uniquement,0,10,moyen
Q00248,MIT,Question éclair : Quel langage backend est cité par MIT ?,Python,BASIC,Delphi uniquement,Lua uniquement,0,10,moyen
Q00249,MIT,Question éclair : Quel framework backend PHP est cité ?,Laravel,React,Flutter,TensorFlow,0,10,moyen
Q00250,MIT,Question éclair : Quel framework frontend supplémentaire est cité ?,Vue.js,NumPy,Keras,Docker,0,10,moyen
Q00251,MIT,Pour gagner des points : Que signifie MIT dans Maroua Innovation Technology ?,Maroua Innovation Technology,Machine Intelligence Technology,Maroua Internet Telecom,Modern Innovation Team,0,10,moyen
Q00252,MIT,Pour gagner des points : Quel est le domaine principal de MIT ?,Développement de solutions technologiques,Production agricole,Transport routier,Commerce de détail,0,10,moyen
Q00253,MIT,Pour gagner des points : Dans quelle ville MIT est-elle implantée ?,Maroua,Douala,Bafoussam,Bertoua,0,10,moyen
Q00254,MIT,Pour gagner des points : Quelle est une expertise de MIT ?,Intelligence artificielle et Machine Learning,Construction de routes,Pêche industrielle,Production textile,0,10,moyen
Q00255,MIT,Pour gagner des points : Quel framework frontend est cité par MIT ?,React,Django,Spring,Laravel uniquement,0,10,moyen
Q00256,MIT,Pour gagner des points : Quel framework full-stack JavaScript est cité par MIT ?,Next.js,Symfony,Flask,Rails,0,10,moyen
Q00257,MIT,Pour gagner des points : Quel langage est utilisé côté mobile chez MIT ?,Kotlin,COBOL,Fortran,Pascal,0,10,moyen
Q00258,MIT,Pour gagner des points : Quel framework mobile est cité par MIT ?,Flutter,jQuery,Express,Django,0,10,moyen
Q00259,MIT,Pour gagner des points : Quelle base de données est citée parmi les technologies MIT ?,PostgreSQL,SQLite uniquement,Access,FoxPro,0,10,moyen
Q00260,MIT,Pour gagner des points : Quelle technologie cloud est citée par MIT ?,AWS,FTP,Telnet,IRC,0,10,moyen
Q00261,MIT,Pour gagner des points : Quelle est une mission affichée par MIT ?,Développer des solutions contextuelles et impactantes,Remplacer les écoles,Vendre du matériel uniquement,Créer des jeux exclusivement,0,10,moyen
Q00262,MIT,Pour gagner des points : Quelle vision est associée à MIT ?,Démocratiser l'accès à la technologie en Afrique,Limiter l'accès au numérique,Supprimer les services mobiles,Réserver l'IA aux grandes entreprises,0,10,moyen
Q00263,MIT,Pour gagner des points : Quel type de développement MIT met en avant ?,Applications Web Progressives,Applications DOS uniquement,Sites statiques sans interaction,Logiciels sans interface,0,10,moyen
Q00264,MIT,Pour gagner des points : Quel domaine DevOps est cité par MIT ?,Docker,BIOS,Assembly,VBScript,0,10,moyen
Q00265,MIT,Pour gagner des points : Quelle solution agricole de MIT est mise en avant ?,NDEMRI,Malloum,Pharmacie de Garde Maroua,Djanguirde,0,10,moyen
Q00266,MIT,Pour gagner des points : Quelle solution éducative par SMS est associée à MIT ?,Malloum,NDEMRI,Docker,PostgreSQL,0,10,moyen
Q00267,MIT,Pour gagner des points : Quel service numérique de santé est visible dans l'écosystème MIT ?,Pharmacie de Garde Maroua,NDEMRI,Malloum,React,0,10,moyen
Q00268,MIT,Pour gagner des points : Quelle méthode de travail MIT cite-t-elle ?,Méthodologies agiles,Méthode sans test,Développement sans analyse,Programmation papier,0,10,moyen
Q00269,MIT,Pour gagner des points : Quelle étape vient avant le développement dans la méthode affichée par MIT ?,Design,Déploiement,Monitoring,Maintenance,0,10,moyen
Q00270,MIT,Pour gagner des points : Quelle étape correspond à l'étude des besoins et de faisabilité ?,Analyse,Design,Développement,Déploiement,0,10,moyen
Q00271,MIT,Pour gagner des points : Quelle valeur résume l'approche de MIT ?,Innovation ancrée dans les réalités locales,Technologie sans contexte,Solutions exclusivement étrangères,Développement sans utilisateurs,0,10,moyen
Q00272,MIT,Pour gagner des points : Quel type d'architecture MIT mentionne-t-elle ?,Microservices,Architecture uniquement monolithique,Peer-to-peer obligatoire,Mainframe uniquement,0,10,moyen
Q00273,MIT,Pour gagner des points : Quel langage backend est cité par MIT ?,Python,BASIC,Delphi uniquement,Lua uniquement,0,10,moyen
Q00274,MIT,Pour gagner des points : Quel framework backend PHP est cité ?,Laravel,React,Flutter,TensorFlow,0,10,moyen
Q00275,MIT,Pour gagner des points : Quel framework frontend supplémentaire est cité ?,Vue.js,NumPy,Keras,Docker,0,10,moyen
Q00276,MIT,À l'exposition : Que signifie MIT dans Maroua Innovation Technology ?,Maroua Innovation Technology,Machine Intelligence Technology,Maroua Internet Telecom,Modern Innovation Team,0,10,moyen
Q00277,MIT,À l'exposition : Quel est le domaine principal de MIT ?,Développement de solutions technologiques,Production agricole,Transport routier,Commerce de détail,0,10,moyen
Q00278,MIT,À l'exposition : Dans quelle ville MIT est-elle implantée ?,Maroua,Douala,Bafoussam,Bertoua,0,10,moyen
Q00279,MIT,À l'exposition : Quelle est une expertise de MIT ?,Intelligence artificielle et Machine Learning,Construction de routes,Pêche industrielle,Production textile,0,10,moyen
Q00280,MIT,À l'exposition : Quel framework frontend est cité par MIT ?,React,Django,Spring,Laravel uniquement,0,10,moyen
Q00281,MIT,À l'exposition : Quel framework full-stack JavaScript est cité par MIT ?,Next.js,Symfony,Flask,Rails,0,10,moyen
Q00282,MIT,À l'exposition : Quel langage est utilisé côté mobile chez MIT ?,Kotlin,COBOL,Fortran,Pascal,0,10,moyen
Q00283,MIT,À l'exposition : Quel framework mobile est cité par MIT ?,Flutter,jQuery,Express,Django,0,10,moyen
Q00284,MIT,À l'exposition : Quelle base de données est citée parmi les technologies MIT ?,PostgreSQL,SQLite uniquement,Access,FoxPro,0,10,moyen
Q00285,MIT,À l'exposition : Quelle technologie cloud est citée par MIT ?,AWS,FTP,Telnet,IRC,0,10,moyen
Q00286,MIT,À l'exposition : Quelle est une mission affichée par MIT ?,Développer des solutions contextuelles et impactantes,Remplacer les écoles,Vendre du matériel uniquement,Créer des jeux exclusivement,0,10,moyen
Q00287,MIT,À l'exposition : Quelle vision est associée à MIT ?,Démocratiser l'accès à la technologie en Afrique,Limiter l'accès au numérique,Supprimer les services mobiles,Réserver l'IA aux grandes entreprises,0,10,moyen
Q00288,MIT,À l'exposition : Quel type de développement MIT met en avant ?,Applications Web Progressives,Applications DOS uniquement,Sites statiques sans interaction,Logiciels sans interface,0,10,moyen
Q00289,MIT,À l'exposition : Quel domaine DevOps est cité par MIT ?,Docker,BIOS,Assembly,VBScript,0,10,moyen
Q00290,MIT,À l'exposition : Quelle solution agricole de MIT est mise en avant ?,NDEMRI,Malloum,Pharmacie de Garde Maroua,Djanguirde,0,10,moyen
Q00291,MIT,À l'exposition : Quelle solution éducative par SMS est associée à MIT ?,Malloum,NDEMRI,Docker,PostgreSQL,0,10,moyen
Q00292,MIT,À l'exposition : Quel service numérique de santé est visible dans l'écosystème MIT ?,Pharmacie de Garde Maroua,NDEMRI,Malloum,React,0,10,moyen
Q00293,MIT,À l'exposition : Quelle méthode de travail MIT cite-t-elle ?,Méthodologies agiles,Méthode sans test,Développement sans analyse,Programmation papier,0,10,moyen
Q00294,MIT,À l'exposition : Quelle étape vient avant le développement dans la méthode affichée par MIT ?,Design,Déploiement,Monitoring,Maintenance,0,10,moyen
Q00295,MIT,À l'exposition : Quelle étape correspond à l'étude des besoins et de faisabilité ?,Analyse,Design,Développement,Déploiement,0,10,moyen
Q00296,MIT,À l'exposition : Quelle valeur résume l'approche de MIT ?,Innovation ancrée dans les réalités locales,Technologie sans contexte,Solutions exclusivement étrangères,Développement sans utilisateurs,0,10,moyen
Q00297,MIT,À l'exposition : Quel type d'architecture MIT mentionne-t-elle ?,Microservices,Architecture uniquement monolithique,Peer-to-peer obligatoire,Mainframe uniquement,0,10,moyen
Q00298,MIT,À l'exposition : Quel langage backend est cité par MIT ?,Python,BASIC,Delphi uniquement,Lua uniquement,0,10,moyen
Q00299,MIT,À l'exposition : Quel framework backend PHP est cité ?,Laravel,React,Flutter,TensorFlow,0,10,moyen
Q00300,MIT,À l'exposition : Quel framework frontend supplémentaire est cité ?,Vue.js,NumPy,Keras,Docker,0,10,moyen
Q00301,MIT,Défi numérique : Que signifie MIT dans Maroua Innovation Technology ?,Maroua Innovation Technology,Machine Intelligence Technology,Maroua Internet Telecom,Modern Innovation Team,0,10,moyen
Q00302,MIT,Défi numérique : Quel est le domaine principal de MIT ?,Développement de solutions technologiques,Production agricole,Transport routier,Commerce de détail,0,10,moyen
Q00303,MIT,Défi numérique : Dans quelle ville MIT est-elle implantée ?,Maroua,Douala,Bafoussam,Bertoua,0,10,moyen
Q00304,MIT,Défi numérique : Quelle est une expertise de MIT ?,Intelligence artificielle et Machine Learning,Construction de routes,Pêche industrielle,Production textile,0,10,moyen
Q00305,MIT,Défi numérique : Quel framework frontend est cité par MIT ?,React,Django,Spring,Laravel uniquement,0,10,moyen
Q00306,MIT,Défi numérique : Quel framework full-stack JavaScript est cité par MIT ?,Next.js,Symfony,Flask,Rails,0,10,moyen
Q00307,MIT,Défi numérique : Quel langage est utilisé côté mobile chez MIT ?,Kotlin,COBOL,Fortran,Pascal,0,10,moyen
Q00308,MIT,Défi numérique : Quel framework mobile est cité par MIT ?,Flutter,jQuery,Express,Django,0,10,moyen
Q00309,MIT,Défi numérique : Quelle base de données est citée parmi les technologies MIT ?,PostgreSQL,SQLite uniquement,Access,FoxPro,0,10,moyen
Q00310,MIT,Défi numérique : Quelle technologie cloud est citée par MIT ?,AWS,FTP,Telnet,IRC,0,10,moyen
Q00311,MIT,Défi numérique : Quelle est une mission affichée par MIT ?,Développer des solutions contextuelles et impactantes,Remplacer les écoles,Vendre du matériel uniquement,Créer des jeux exclusivement,0,10,moyen
Q00312,MIT,Défi numérique : Quelle vision est associée à MIT ?,Démocratiser l'accès à la technologie en Afrique,Limiter l'accès au numérique,Supprimer les services mobiles,Réserver l'IA aux grandes entreprises,0,10,moyen
Q00313,MIT,Défi numérique : Quel type de développement MIT met en avant ?,Applications Web Progressives,Applications DOS uniquement,Sites statiques sans interaction,Logiciels sans interface,0,10,moyen
Q00314,MIT,Défi numérique : Quel domaine DevOps est cité par MIT ?,Docker,BIOS,Assembly,VBScript,0,10,moyen
Q00315,MIT,Défi numérique : Quelle solution agricole de MIT est mise en avant ?,NDEMRI,Malloum,Pharmacie de Garde Maroua,Djanguirde,0,10,moyen
Q00316,MIT,Défi numérique : Quelle solution éducative par SMS est associée à MIT ?,Malloum,NDEMRI,Docker,PostgreSQL,0,10,moyen
Q00317,MIT,Défi numérique : Quel service numérique de santé est visible dans l'écosystème MIT ?,Pharmacie de Garde Maroua,NDEMRI,Malloum,React,0,10,moyen
Q00318,MIT,Défi numérique : Quelle méthode de travail MIT cite-t-elle ?,Méthodologies agiles,Méthode sans test,Développement sans analyse,Programmation papier,0,10,moyen
Q00319,MIT,Défi numérique : Quelle étape vient avant le développement dans la méthode affichée par MIT ?,Design,Déploiement,Monitoring,Maintenance,0,10,moyen
Q00320,MIT,Défi numérique : Quelle étape correspond à l'étude des besoins et de faisabilité ?,Analyse,Design,Développement,Déploiement,0,10,moyen
Q00321,MIT,Défi numérique : Quelle valeur résume l'approche de MIT ?,Innovation ancrée dans les réalités locales,Technologie sans contexte,Solutions exclusivement étrangères,Développement sans utilisateurs,0,10,moyen
Q00322,MIT,Défi numérique : Quel type d'architecture MIT mentionne-t-elle ?,Microservices,Architecture uniquement monolithique,Peer-to-peer obligatoire,Mainframe uniquement,0,10,moyen
Q00323,MIT,Défi numérique : Quel langage backend est cité par MIT ?,Python,BASIC,Delphi uniquement,Lua uniquement,0,10,moyen
Q00324,MIT,Défi numérique : Quel framework backend PHP est cité ?,Laravel,React,Flutter,TensorFlow,0,10,moyen
Q00325,MIT,Défi numérique : Quel framework frontend supplémentaire est cité ?,Vue.js,NumPy,Keras,Docker,0,10,moyen
Q00326,MIT,À votre avis : Que signifie MIT dans Maroua Innovation Technology ?,Maroua Innovation Technology,Machine Intelligence Technology,Maroua Internet Telecom,Modern Innovation Team,0,10,difficile
Q00327,MIT,À votre avis : Quel est le domaine principal de MIT ?,Développement de solutions technologiques,Production agricole,Transport routier,Commerce de détail,0,10,difficile
Q00328,MIT,À votre avis : Dans quelle ville MIT est-elle implantée ?,Maroua,Douala,Bafoussam,Bertoua,0,10,difficile
Q00329,MIT,À votre avis : Quelle est une expertise de MIT ?,Intelligence artificielle et Machine Learning,Construction de routes,Pêche industrielle,Production textile,0,10,difficile
Q00330,MIT,À votre avis : Quel framework frontend est cité par MIT ?,React,Django,Spring,Laravel uniquement,0,10,difficile
Q00331,MIT,À votre avis : Quel framework full-stack JavaScript est cité par MIT ?,Next.js,Symfony,Flask,Rails,0,10,difficile
Q00332,MIT,À votre avis : Quel langage est utilisé côté mobile chez MIT ?,Kotlin,COBOL,Fortran,Pascal,0,10,difficile
Q00333,MIT,À votre avis : Quel framework mobile est cité par MIT ?,Flutter,jQuery,Express,Django,0,10,difficile
Q00334,MIT,À votre avis : Quelle base de données est citée parmi les technologies MIT ?,PostgreSQL,SQLite uniquement,Access,FoxPro,0,10,difficile
Q00335,MIT,À votre avis : Quelle technologie cloud est citée par MIT ?,AWS,FTP,Telnet,IRC,0,10,difficile
Q00336,MIT,À votre avis : Quelle est une mission affichée par MIT ?,Développer des solutions contextuelles et impactantes,Remplacer les écoles,Vendre du matériel uniquement,Créer des jeux exclusivement,0,10,difficile
Q00337,MIT,À votre avis : Quelle vision est associée à MIT ?,Démocratiser l'accès à la technologie en Afrique,Limiter l'accès au numérique,Supprimer les services mobiles,Réserver l'IA aux grandes entreprises,0,10,difficile
Q00338,MIT,À votre avis : Quel type de développement MIT met en avant ?,Applications Web Progressives,Applications DOS uniquement,Sites statiques sans interaction,Logiciels sans interface,0,10,difficile
Q00339,MIT,À votre avis : Quel domaine DevOps est cité par MIT ?,Docker,BIOS,Assembly,VBScript,0,10,difficile
Q00340,MIT,À votre avis : Quelle solution agricole de MIT est mise en avant ?,NDEMRI,Malloum,Pharmacie de Garde Maroua,Djanguirde,0,10,difficile
Q00341,MIT,À votre avis : Quelle solution éducative par SMS est associée à MIT ?,Malloum,NDEMRI,Docker,PostgreSQL,0,10,difficile
Q00342,MIT,À votre avis : Quel service numérique de santé est visible dans l'écosystème MIT ?,Pharmacie de Garde Maroua,NDEMRI,Malloum,React,0,10,difficile
Q00343,MIT,À votre avis : Quelle méthode de travail MIT cite-t-elle ?,Méthodologies agiles,Méthode sans test,Développement sans analyse,Programmation papier,0,10,difficile
Q00344,MIT,À votre avis : Quelle étape vient avant le développement dans la méthode affichée par MIT ?,Design,Déploiement,Monitoring,Maintenance,0,10,difficile
Q00345,MIT,À votre avis : Quelle étape correspond à l'étude des besoins et de faisabilité ?,Analyse,Design,Développement,Déploiement,0,10,difficile
Q00346,MIT,À votre avis : Quelle valeur résume l'approche de MIT ?,Innovation ancrée dans les réalités locales,Technologie sans contexte,Solutions exclusivement étrangères,Développement sans utilisateurs,0,10,difficile
Q00347,MIT,À votre avis : Quel type d'architecture MIT mentionne-t-elle ?,Microservices,Architecture uniquement monolithique,Peer-to-peer obligatoire,Mainframe uniquement,0,10,difficile
Q00348,MIT,À votre avis : Quel langage backend est cité par MIT ?,Python,BASIC,Delphi uniquement,Lua uniquement,0,10,difficile
Q00349,MIT,À votre avis : Quel framework backend PHP est cité ?,Laravel,React,Flutter,TensorFlow,0,10,difficile
Q00350,MIT,À votre avis : Quel framework frontend supplémentaire est cité ?,Vue.js,NumPy,Keras,Docker,0,10,difficile
Q00351,MIT,Niveau quiz : Que signifie MIT dans Maroua Innovation Technology ?,Maroua Innovation Technology,Machine Intelligence Technology,Maroua Internet Telecom,Modern Innovation Team,0,10,difficile
Q00352,MIT,Niveau quiz : Quel est le domaine principal de MIT ?,Développement de solutions technologiques,Production agricole,Transport routier,Commerce de détail,0,10,difficile
Q00353,MIT,Niveau quiz : Dans quelle ville MIT est-elle implantée ?,Maroua,Douala,Bafoussam,Bertoua,0,10,difficile
Q00354,MIT,Niveau quiz : Quelle est une expertise de MIT ?,Intelligence artificielle et Machine Learning,Construction de routes,Pêche industrielle,Production textile,0,10,difficile
Q00355,MIT,Niveau quiz : Quel framework frontend est cité par MIT ?,React,Django,Spring,Laravel uniquement,0,10,difficile
Q00356,MIT,Niveau quiz : Quel framework full-stack JavaScript est cité par MIT ?,Next.js,Symfony,Flask,Rails,0,10,difficile
Q00357,MIT,Niveau quiz : Quel langage est utilisé côté mobile chez MIT ?,Kotlin,COBOL,Fortran,Pascal,0,10,difficile
Q00358,MIT,Niveau quiz : Quel framework mobile est cité par MIT ?,Flutter,jQuery,Express,Django,0,10,difficile
Q00359,MIT,Niveau quiz : Quelle base de données est citée parmi les technologies MIT ?,PostgreSQL,SQLite uniquement,Access,FoxPro,0,10,difficile
Q00360,MIT,Niveau quiz : Quelle technologie cloud est citée par MIT ?,AWS,FTP,Telnet,IRC,0,10,difficile
Q00361,MIT,Niveau quiz : Quelle est une mission affichée par MIT ?,Développer des solutions contextuelles et impactantes,Remplacer les écoles,Vendre du matériel uniquement,Créer des jeux exclusivement,0,10,difficile
Q00362,MIT,Niveau quiz : Quelle vision est associée à MIT ?,Démocratiser l'accès à la technologie en Afrique,Limiter l'accès au numérique,Supprimer les services mobiles,Réserver l'IA aux grandes entreprises,0,10,difficile
Q00363,MIT,Niveau quiz : Quel type de développement MIT met en avant ?,Applications Web Progressives,Applications DOS uniquement,Sites statiques sans interaction,Logiciels sans interface,0,10,difficile
Q00364,MIT,Niveau quiz : Quel domaine DevOps est cité par MIT ?,Docker,BIOS,Assembly,VBScript,0,10,difficile
Q00365,MIT,Niveau quiz : Quelle solution agricole de MIT est mise en avant ?,NDEMRI,Malloum,Pharmacie de Garde Maroua,Djanguirde,0,10,difficile
Q00366,MIT,Niveau quiz : Quelle solution éducative par SMS est associée à MIT ?,Malloum,NDEMRI,Docker,PostgreSQL,0,10,difficile
Q00367,MIT,Niveau quiz : Quel service numérique de santé est visible dans l'écosystème MIT ?,Pharmacie de Garde Maroua,NDEMRI,Malloum,React,0,10,difficile
Q00368,MIT,Niveau quiz : Quelle méthode de travail MIT cite-t-elle ?,Méthodologies agiles,Méthode sans test,Développement sans analyse,Programmation papier,0,10,difficile
Q00369,MIT,Niveau quiz : Quelle étape vient avant le développement dans la méthode affichée par MIT ?,Design,Déploiement,Monitoring,Maintenance,0,10,difficile
Q00370,MIT,Niveau quiz : Quelle étape correspond à l'étude des besoins et de faisabilité ?,Analyse,Design,Développement,Déploiement,0,10,difficile
Q00371,MIT,Niveau quiz : Quelle valeur résume l'approche de MIT ?,Innovation ancrée dans les réalités locales,Technologie sans contexte,Solutions exclusivement étrangères,Développement sans utilisateurs,0,10,difficile
Q00372,MIT,Niveau quiz : Quel type d'architecture MIT mentionne-t-elle ?,Microservices,Architecture uniquement monolithique,Peer-to-peer obligatoire,Mainframe uniquement,0,10,difficile
Q00373,MIT,Niveau quiz : Quel langage backend est cité par MIT ?,Python,BASIC,Delphi uniquement,Lua uniquement,0,10,difficile
Q00374,MIT,Niveau quiz : Quel framework backend PHP est cité ?,Laravel,React,Flutter,TensorFlow,0,10,difficile
Q00375,MIT,Niveau quiz : Quel framework frontend supplémentaire est cité ?,Vue.js,NumPy,Keras,Docker,0,10,difficile
Q00376,MIT,Question suivante : Que signifie MIT dans Maroua Innovation Technology ?,Maroua Innovation Technology,Machine Intelligence Technology,Maroua Internet Telecom,Modern Innovation Team,0,10,difficile
Q00377,MIT,Question suivante : Quel est le domaine principal de MIT ?,Développement de solutions technologiques,Production agricole,Transport routier,Commerce de détail,0,10,difficile
Q00378,MIT,Question suivante : Dans quelle ville MIT est-elle implantée ?,Maroua,Douala,Bafoussam,Bertoua,0,10,difficile
Q00379,MIT,Question suivante : Quelle est une expertise de MIT ?,Intelligence artificielle et Machine Learning,Construction de routes,Pêche industrielle,Production textile,0,10,difficile
Q00380,MIT,Question suivante : Quel framework frontend est cité par MIT ?,React,Django,Spring,Laravel uniquement,0,10,difficile
Q00381,MIT,Question suivante : Quel framework full-stack JavaScript est cité par MIT ?,Next.js,Symfony,Flask,Rails,0,10,difficile
Q00382,MIT,Question suivante : Quel langage est utilisé côté mobile chez MIT ?,Kotlin,COBOL,Fortran,Pascal,0,10,difficile
Q00383,MIT,Question suivante : Quel framework mobile est cité par MIT ?,Flutter,jQuery,Express,Django,0,10,difficile
Q00384,MIT,Question suivante : Quelle base de données est citée parmi les technologies MIT ?,PostgreSQL,SQLite uniquement,Access,FoxPro,0,10,difficile
Q00385,MIT,Question suivante : Quelle technologie cloud est citée par MIT ?,AWS,FTP,Telnet,IRC,0,10,difficile
Q00386,MIT,Question suivante : Quelle est une mission affichée par MIT ?,Développer des solutions contextuelles et impactantes,Remplacer les écoles,Vendre du matériel uniquement,Créer des jeux exclusivement,0,10,difficile
Q00387,MIT,Question suivante : Quelle vision est associée à MIT ?,Démocratiser l'accès à la technologie en Afrique,Limiter l'accès au numérique,Supprimer les services mobiles,Réserver l'IA aux grandes entreprises,0,10,difficile
Q00388,MIT,Question suivante : Quel type de développement MIT met en avant ?,Applications Web Progressives,Applications DOS uniquement,Sites statiques sans interaction,Logiciels sans interface,0,10,difficile
Q00389,MIT,Question suivante : Quel domaine DevOps est cité par MIT ?,Docker,BIOS,Assembly,VBScript,0,10,difficile
Q00390,MIT,Question suivante : Quelle solution agricole de MIT est mise en avant ?,NDEMRI,Malloum,Pharmacie de Garde Maroua,Djanguirde,0,10,difficile
Q00391,MIT,Question suivante : Quelle solution éducative par SMS est associée à MIT ?,Malloum,NDEMRI,Docker,PostgreSQL,0,10,difficile
Q00392,MIT,Question suivante : Quel service numérique de santé est visible dans l'écosystème MIT ?,Pharmacie de Garde Maroua,NDEMRI,Malloum,React,0,10,difficile
Q00393,MIT,Question suivante : Quelle méthode de travail MIT cite-t-elle ?,Méthodologies agiles,Méthode sans test,Développement sans analyse,Programmation papier,0,10,difficile
Q00394,MIT,Question suivante : Quelle étape vient avant le développement dans la méthode affichée par MIT ?,Design,Déploiement,Monitoring,Maintenance,0,10,difficile
Q00395,MIT,Question suivante : Quelle étape correspond à l'étude des besoins et de faisabilité ?,Analyse,Design,Développement,Déploiement,0,10,difficile
Q00396,MIT,Question suivante : Quelle valeur résume l'approche de MIT ?,Innovation ancrée dans les réalités locales,Technologie sans contexte,Solutions exclusivement étrangères,Développement sans utilisateurs,0,10,difficile
Q00397,MIT,Question suivante : Quel type d'architecture MIT mentionne-t-elle ?,Microservices,Architecture uniquement monolithique,Peer-to-peer obligatoire,Mainframe uniquement,0,10,difficile
Q00398,MIT,Question suivante : Quel langage backend est cité par MIT ?,Python,BASIC,Delphi uniquement,Lua uniquement,0,10,difficile
Q00399,MIT,Question suivante : Quel framework backend PHP est cité ?,Laravel,React,Flutter,TensorFlow,0,10,difficile
Q00400,MIT,Question suivante : Quel framework frontend supplémentaire est cité ?,Vue.js,NumPy,Keras,Docker,0,10,difficile
Q00401,MIT,Challenge visiteurs : Que signifie MIT dans Maroua Innovation Technology ?,Maroua Innovation Technology,Machine Intelligence Technology,Maroua Internet Telecom,Modern Innovation Team,0,10,difficile
Q00402,MIT,Challenge visiteurs : Quel est le domaine principal de MIT ?,Développement de solutions technologiques,Production agricole,Transport routier,Commerce de détail,0,10,difficile
Q00403,MIT,Challenge visiteurs : Dans quelle ville MIT est-elle implantée ?,Maroua,Douala,Bafoussam,Bertoua,0,10,difficile
Q00404,MIT,Challenge visiteurs : Quelle est une expertise de MIT ?,Intelligence artificielle et Machine Learning,Construction de routes,Pêche industrielle,Production textile,0,10,difficile
Q00405,MIT,Challenge visiteurs : Quel framework frontend est cité par MIT ?,React,Django,Spring,Laravel uniquement,0,10,difficile
Q00406,MIT,Challenge visiteurs : Quel framework full-stack JavaScript est cité par MIT ?,Next.js,Symfony,Flask,Rails,0,10,difficile
Q00407,MIT,Challenge visiteurs : Quel langage est utilisé côté mobile chez MIT ?,Kotlin,COBOL,Fortran,Pascal,0,10,difficile
Q00408,MIT,Challenge visiteurs : Quel framework mobile est cité par MIT ?,Flutter,jQuery,Express,Django,0,10,difficile
Q00409,MIT,Challenge visiteurs : Quelle base de données est citée parmi les technologies MIT ?,PostgreSQL,SQLite uniquement,Access,FoxPro,0,10,difficile
Q00410,MIT,Challenge visiteurs : Quelle technologie cloud est citée par MIT ?,AWS,FTP,Telnet,IRC,0,10,difficile
Q00411,MIT,Challenge visiteurs : Quelle est une mission affichée par MIT ?,Développer des solutions contextuelles et impactantes,Remplacer les écoles,Vendre du matériel uniquement,Créer des jeux exclusivement,0,10,difficile
Q00412,MIT,Challenge visiteurs : Quelle vision est associée à MIT ?,Démocratiser l'accès à la technologie en Afrique,Limiter l'accès au numérique,Supprimer les services mobiles,Réserver l'IA aux grandes entreprises,0,10,difficile
Q00413,MIT,Challenge visiteurs : Quel type de développement MIT met en avant ?,Applications Web Progressives,Applications DOS uniquement,Sites statiques sans interaction,Logiciels sans interface,0,10,difficile
Q00414,MIT,Challenge visiteurs : Quel domaine DevOps est cité par MIT ?,Docker,BIOS,Assembly,VBScript,0,10,difficile
Q00415,MIT,Challenge visiteurs : Quelle solution agricole de MIT est mise en avant ?,NDEMRI,Malloum,Pharmacie de Garde Maroua,Djanguirde,0,10,difficile
Q00416,MIT,Challenge visiteurs : Quelle solution éducative par SMS est associée à MIT ?,Malloum,NDEMRI,Docker,PostgreSQL,0,10,difficile
Q00417,MIT,Challenge visiteurs : Quel service numérique de santé est visible dans l'écosystème MIT ?,Pharmacie de Garde Maroua,NDEMRI,Malloum,React,0,10,difficile
Q00418,MIT,Challenge visiteurs : Quelle méthode de travail MIT cite-t-elle ?,Méthodologies agiles,Méthode sans test,Développement sans analyse,Programmation papier,0,10,difficile
Q00419,MIT,Challenge visiteurs : Quelle étape vient avant le développement dans la méthode affichée par MIT ?,Design,Déploiement,Monitoring,Maintenance,0,10,difficile
Q00420,MIT,Challenge visiteurs : Quelle étape correspond à l'étude des besoins et de faisabilité ?,Analyse,Design,Développement,Déploiement,0,10,difficile
Q00421,MIT,Challenge visiteurs : Quelle valeur résume l'approche de MIT ?,Innovation ancrée dans les réalités locales,Technologie sans contexte,Solutions exclusivement étrangères,Développement sans utilisateurs,0,10,difficile
Q00422,MIT,Challenge visiteurs : Quel type d'architecture MIT mentionne-t-elle ?,Microservices,Architecture uniquement monolithique,Peer-to-peer obligatoire,Mainframe uniquement,0,10,difficile
Q00423,MIT,Challenge visiteurs : Quel langage backend est cité par MIT ?,Python,BASIC,Delphi uniquement,Lua uniquement,0,10,difficile
Q00424,MIT,Challenge visiteurs : Quel framework backend PHP est cité ?,Laravel,React,Flutter,TensorFlow,0,10,difficile
Q00425,MIT,Challenge visiteurs : Quel framework frontend supplémentaire est cité ?,Vue.js,NumPy,Keras,Docker,0,10,difficile
Q00426,MIT,Mode compétition : Que signifie MIT dans Maroua Innovation Technology ?,Maroua Innovation Technology,Machine Intelligence Technology,Maroua Internet Telecom,Modern Innovation Team,0,10,difficile
Q00427,MIT,Mode compétition : Quel est le domaine principal de MIT ?,Développement de solutions technologiques,Production agricole,Transport routier,Commerce de détail,0,10,difficile
Q00428,MIT,Mode compétition : Dans quelle ville MIT est-elle implantée ?,Maroua,Douala,Bafoussam,Bertoua,0,10,difficile
Q00429,MIT,Mode compétition : Quelle est une expertise de MIT ?,Intelligence artificielle et Machine Learning,Construction de routes,Pêche industrielle,Production textile,0,10,difficile
Q00430,MIT,Mode compétition : Quel framework frontend est cité par MIT ?,React,Django,Spring,Laravel uniquement,0,10,difficile
Q00431,MIT,Mode compétition : Quel framework full-stack JavaScript est cité par MIT ?,Next.js,Symfony,Flask,Rails,0,10,difficile
Q00432,MIT,Mode compétition : Quel langage est utilisé côté mobile chez MIT ?,Kotlin,COBOL,Fortran,Pascal,0,10,difficile
Q00433,MIT,Mode compétition : Quel framework mobile est cité par MIT ?,Flutter,jQuery,Express,Django,0,10,difficile
Q00434,MIT,Mode compétition : Quelle base de données est citée parmi les technologies MIT ?,PostgreSQL,SQLite uniquement,Access,FoxPro,0,10,difficile
Q00435,MIT,Mode compétition : Quelle technologie cloud est citée par MIT ?,AWS,FTP,Telnet,IRC,0,10,difficile
Q00436,MIT,Mode compétition : Quelle est une mission affichée par MIT ?,Développer des solutions contextuelles et impactantes,Remplacer les écoles,Vendre du matériel uniquement,Créer des jeux exclusivement,0,10,difficile
Q00437,MIT,Mode compétition : Quelle vision est associée à MIT ?,Démocratiser l'accès à la technologie en Afrique,Limiter l'accès au numérique,Supprimer les services mobiles,Réserver l'IA aux grandes entreprises,0,10,difficile
Q00438,MIT,Mode compétition : Quel type de développement MIT met en avant ?,Applications Web Progressives,Applications DOS uniquement,Sites statiques sans interaction,Logiciels sans interface,0,10,difficile
Q00439,MIT,Mode compétition : Quel domaine DevOps est cité par MIT ?,Docker,BIOS,Assembly,VBScript,0,10,difficile
Q00440,MIT,Mode compétition : Quelle solution agricole de MIT est mise en avant ?,NDEMRI,Malloum,Pharmacie de Garde Maroua,Djanguirde,0,10,difficile
Q00441,MIT,Mode compétition : Quelle solution éducative par SMS est associée à MIT ?,Malloum,NDEMRI,Docker,PostgreSQL,0,10,difficile
Q00442,MIT,Mode compétition : Quel service numérique de santé est visible dans l'écosystème MIT ?,Pharmacie de Garde Maroua,NDEMRI,Malloum,React,0,10,difficile
Q00443,MIT,Mode compétition : Quelle méthode de travail MIT cite-t-elle ?,Méthodologies agiles,Méthode sans test,Développement sans analyse,Programmation papier,0,10,difficile
Q00444,MIT,Mode compétition : Quelle étape vient avant le développement dans la méthode affichée par MIT ?,Design,Déploiement,Monitoring,Maintenance,0,10,difficile
Q00445,MIT,Mode compétition : Quelle étape correspond à l'étude des besoins et de faisabilité ?,Analyse,Design,Développement,Déploiement,0,10,difficile
Q00446,MIT,Mode compétition : Quelle valeur résume l'approche de MIT ?,Innovation ancrée dans les réalités locales,Technologie sans contexte,Solutions exclusivement étrangères,Développement sans utilisateurs,0,10,difficile
Q00447,MIT,Mode compétition : Quel type d'architecture MIT mentionne-t-elle ?,Microservices,Architecture uniquement monolithique,Peer-to-peer obligatoire,Mainframe uniquement,0,10,difficile
Q00448,MIT,Mode compétition : Quel langage backend est cité par MIT ?,Python,BASIC,Delphi uniquement,Lua uniquement,0,10,difficile
Q00449,MIT,Mode compétition : Quel framework backend PHP est cité ?,Laravel,React,Flutter,TensorFlow,0,10,difficile
Q00450,MIT,Mode compétition : Quel framework frontend supplémentaire est cité ?,Vue.js,NumPy,Keras,Docker,0,10,difficile
Q00451,MIT,Question expert : Que signifie MIT dans Maroua Innovation Technology ?,Maroua Innovation Technology,Machine Intelligence Technology,Maroua Internet Telecom,Modern Innovation Team,0,10,difficile
Q00452,MIT,Question expert : Quel est le domaine principal de MIT ?,Développement de solutions technologiques,Production agricole,Transport routier,Commerce de détail,0,10,difficile
Q00453,MIT,Question expert : Dans quelle ville MIT est-elle implantée ?,Maroua,Douala,Bafoussam,Bertoua,0,10,difficile
Q00454,MIT,Question expert : Quelle est une expertise de MIT ?,Intelligence artificielle et Machine Learning,Construction de routes,Pêche industrielle,Production textile,0,10,difficile
Q00455,MIT,Question expert : Quel framework frontend est cité par MIT ?,React,Django,Spring,Laravel uniquement,0,10,difficile
Q00456,MIT,Question expert : Quel framework full-stack JavaScript est cité par MIT ?,Next.js,Symfony,Flask,Rails,0,10,difficile
Q00457,MIT,Question expert : Quel langage est utilisé côté mobile chez MIT ?,Kotlin,COBOL,Fortran,Pascal,0,10,difficile
Q00458,MIT,Question expert : Quel framework mobile est cité par MIT ?,Flutter,jQuery,Express,Django,0,10,difficile
Q00459,MIT,Question expert : Quelle base de données est citée parmi les technologies MIT ?,PostgreSQL,SQLite uniquement,Access,FoxPro,0,10,difficile
Q00460,MIT,Question expert : Quelle technologie cloud est citée par MIT ?,AWS,FTP,Telnet,IRC,0,10,difficile
Q00461,MIT,Question expert : Quelle est une mission affichée par MIT ?,Développer des solutions contextuelles et impactantes,Remplacer les écoles,Vendre du matériel uniquement,Créer des jeux exclusivement,0,10,difficile
Q00462,MIT,Question expert : Quelle vision est associée à MIT ?,Démocratiser l'accès à la technologie en Afrique,Limiter l'accès au numérique,Supprimer les services mobiles,Réserver l'IA aux grandes entreprises,0,10,difficile
Q00463,MIT,Question expert : Quel type de développement MIT met en avant ?,Applications Web Progressives,Applications DOS uniquement,Sites statiques sans interaction,Logiciels sans interface,0,10,difficile
Q00464,MIT,Question expert : Quel domaine DevOps est cité par MIT ?,Docker,BIOS,Assembly,VBScript,0,10,difficile
Q00465,MIT,Question expert : Quelle solution agricole de MIT est mise en avant ?,NDEMRI,Malloum,Pharmacie de Garde Maroua,Djanguirde,0,10,difficile
Q00466,MIT,Question expert : Quelle solution éducative par SMS est associée à MIT ?,Malloum,NDEMRI,Docker,PostgreSQL,0,10,difficile
Q00467,MIT,Question expert : Quel service numérique de santé est visible dans l'écosystème MIT ?,Pharmacie de Garde Maroua,NDEMRI,Malloum,React,0,10,difficile
Q00468,MIT,Question expert : Quelle méthode de travail MIT cite-t-elle ?,Méthodologies agiles,Méthode sans test,Développement sans analyse,Programmation papier,0,10,difficile
Q00469,MIT,Question expert : Quelle étape vient avant le développement dans la méthode affichée par MIT ?,Design,Déploiement,Monitoring,Maintenance,0,10,difficile
Q00470,MIT,Question expert : Quelle étape correspond à l'étude des besoins et de faisabilité ?,Analyse,Design,Développement,Déploiement,0,10,difficile
Q00471,MIT,Question expert : Quelle valeur résume l'approche de MIT ?,Innovation ancrée dans les réalités locales,Technologie sans contexte,Solutions exclusivement étrangères,Développement sans utilisateurs,0,10,difficile
Q00472,MIT,Question expert : Quel type d'architecture MIT mentionne-t-elle ?,Microservices,Architecture uniquement monolithique,Peer-to-peer obligatoire,Mainframe uniquement,0,10,difficile
Q00473,MIT,Question expert : Quel langage backend est cité par MIT ?,Python,BASIC,Delphi uniquement,Lua uniquement,0,10,difficile
Q00474,MIT,Question expert : Quel framework backend PHP est cité ?,Laravel,React,Flutter,TensorFlow,0,10,difficile
Q00475,MIT,Question expert : Quel framework frontend supplémentaire est cité ?,Vue.js,NumPy,Keras,Docker,0,10,difficile
Q00476,MIT,Dernier défi : Que signifie MIT dans Maroua Innovation Technology ?,Maroua Innovation Technology,Machine Intelligence Technology,Maroua Internet Telecom,Modern Innovation Team,0,10,difficile
Q00477,MIT,Dernier défi : Quel est le domaine principal de MIT ?,Développement de solutions technologiques,Production agricole,Transport routier,Commerce de détail,0,10,difficile
Q00478,MIT,Dernier défi : Dans quelle ville MIT est-elle implantée ?,Maroua,Douala,Bafoussam,Bertoua,0,10,difficile
Q00479,MIT,Dernier défi : Quelle est une expertise de MIT ?,Intelligence artificielle et Machine Learning,Construction de routes,Pêche industrielle,Production textile,0,10,difficile
Q00480,MIT,Dernier défi : Quel framework frontend est cité par MIT ?,React,Django,Spring,Laravel uniquement,0,10,difficile
Q00481,MIT,Dernier défi : Quel framework full-stack JavaScript est cité par MIT ?,Next.js,Symfony,Flask,Rails,0,10,difficile
Q00482,MIT,Dernier défi : Quel langage est utilisé côté mobile chez MIT ?,Kotlin,COBOL,Fortran,Pascal,0,10,difficile
Q00483,MIT,Dernier défi : Quel framework mobile est cité par MIT ?,Flutter,jQuery,Express,Django,0,10,difficile
Q00484,MIT,Dernier défi : Quelle base de données est citée parmi les technologies MIT ?,PostgreSQL,SQLite uniquement,Access,FoxPro,0,10,difficile
Q00485,MIT,Dernier défi : Quelle technologie cloud est citée par MIT ?,AWS,FTP,Telnet,IRC,0,10,difficile
Q00486,MIT,Dernier défi : Quelle est une mission affichée par MIT ?,Développer des solutions contextuelles et impactantes,Remplacer les écoles,Vendre du matériel uniquement,Créer des jeux exclusivement,0,10,difficile
Q00487,MIT,Dernier défi : Quelle vision est associée à MIT ?,Démocratiser l'accès à la technologie en Afrique,Limiter l'accès au numérique,Supprimer les services mobiles,Réserver l'IA aux grandes entreprises,0,10,difficile
Q00488,MIT,Dernier défi : Quel type de développement MIT met en avant ?,Applications Web Progressives,Applications DOS uniquement,Sites statiques sans interaction,Logiciels sans interface,0,10,difficile
Q00489,MIT,Dernier défi : Quel domaine DevOps est cité par MIT ?,Docker,BIOS,Assembly,VBScript,0,10,difficile
Q00490,MIT,Dernier défi : Quelle solution agricole de MIT est mise en avant ?,NDEMRI,Malloum,Pharmacie de Garde Maroua,Djanguirde,0,10,difficile
Q00491,MIT,Dernier défi : Quelle solution éducative par SMS est associée à MIT ?,Malloum,NDEMRI,Docker,PostgreSQL,0,10,difficile
Q00492,MIT,Dernier défi : Quel service numérique de santé est visible dans l'écosystème MIT ?,Pharmacie de Garde Maroua,NDEMRI,Malloum,React,0,10,difficile
Q00493,MIT,Dernier défi : Quelle méthode de travail MIT cite-t-elle ?,Méthodologies agiles,Méthode sans test,Développement sans analyse,Programmation papier,0,10,difficile
Q00494,MIT,Dernier défi : Quelle étape vient avant le développement dans la méthode affichée par MIT ?,Design,Déploiement,Monitoring,Maintenance,0,10,difficile
Q00495,MIT,Dernier défi : Quelle étape correspond à l'étude des besoins et de faisabilité ?,Analyse,Design,Développement,Déploiement,0,10,difficile
Q00496,MIT,Dernier défi : Quelle valeur résume l'approche de MIT ?,Innovation ancrée dans les réalités locales,Technologie sans contexte,Solutions exclusivement étrangères,Développement sans utilisateurs,0,10,difficile
Q00497,MIT,Dernier défi : Quel type d'architecture MIT mentionne-t-elle ?,Microservices,Architecture uniquement monolithique,Peer-to-peer obligatoire,Mainframe uniquement,0,10,difficile
Q00498,MIT,Dernier défi : Quel langage backend est cité par MIT ?,Python,BASIC,Delphi uniquement,Lua uniquement,0,10,difficile
Q00499,MIT,Dernier défi : Quel framework backend PHP est cité ?,Laravel,React,Flutter,TensorFlow,0,10,difficile
Q00500,MIT,Dernier défi : Quel framework frontend supplémentaire est cité ?,Vue.js,NumPy,Keras,Docker,0,10,difficile
Q00501,NDEMRI,Que signifie NDEMRI en fulfuldé ?,Agriculture,École,Santé,Commerce,0,10,facile
Q00502,NDEMRI,Quel secteur cible principalement NDEMRI ?,Agriculture,Banque,Transport,Tourisme,0,10,facile
Q00503,NDEMRI,Quelle technologie est au cœur de NDEMRI ?,Intelligence artificielle,Radio analogique uniquement,Télévision,Impression 3D uniquement,0,10,facile
Q00504,NDEMRI,Que peut analyser NDEMRI concernant le sol ?,La qualité du sol,La vitesse d'un véhicule,La température d'un serveur,Le prix d'un smartphone,0,10,facile
Q00505,NDEMRI,Quelle fonctionnalité concerne les plantes ?,Détection des maladies,Traduction automatique uniquement,Paiement mobile,Gestion de billets,0,10,facile
Q00506,NDEMRI,Quel type d'image peut servir à l'analyse de NDEMRI ?,Image capturée avec un smartphone,Image satellite obligatoire uniquement,Scan de passeport,Photo de facture,0,10,facile
Q00507,NDEMRI,Quel modèle est utilisé pour estimer des paramètres du sol ?,Un modèle de machine learning,Un tableur sans modèle,Un lecteur PDF,Un antivirus,0,10,facile
Q00508,NDEMRI,Quel conseil agricole NDEMRI peut-il fournir ?,Recommandations d'irrigation,Réservation d'hôtel,Réparation automobile,Billetterie aérienne,0,10,facile
Q00509,NDEMRI,Pourquoi NDEMRI est-il particulièrement pertinent dans le Nord-Cameroun ?,Il répond à des contraintes agricoles et de connectivité locales,Il ne fonctionne qu'en laboratoire,Il cible uniquement les banques,Il nécessite un supercalculateur local,0,10,facile
Q00510,NDEMRI,Quelle fonctionnalité communautaire est associée à NDEMRI ?,Partage d'expériences entre agriculteurs,Réseau social de gamers uniquement,Vente de billets,Streaming musical,0,10,facile
Q00511,NDEMRI,Qui peut apporter un suivi expert dans NDEMRI ?,Des spécialistes du sol et des maladies des plantes,Des contrôleurs aériens,Des chauffeurs,Des agents immobiliers,0,10,facile
Q00512,NDEMRI,Quel type de recommandation peut être fourni après analyse ?,Conseils de traitement et de pratiques agricoles,Conseils de programmation uniquement,Conseils fiscaux uniquement,Conseils de voyage,0,10,facile
Q00513,NDEMRI,Quel objectif général est associé à NDEMRI ?,Améliorer la productivité agricole,Créer des jeux vidéo,Gérer des parkings,Scanner des livres,0,10,facile
Q00514,NDEMRI,NDEMRI combine notamment agriculture et…,IA/ML,Blockchain uniquement,Bluetooth uniquement,Impression papier,0,10,facile
Q00515,NDEMRI,Quel problème agricole NDEMRI cherche-t-il à aider à traiter ?,Dégradation des sols,Panne des smartphones,Manque de places de parking,Lenteur des imprimantes,0,10,facile
Q00516,NDEMRI,Quelle contrainte locale motive une partie de la conception de NDEMRI ?,Connectivité Internet instable,Absence totale d'électricité partout,Absence de téléphones,Interdiction des smartphones,0,10,facile
Q00517,NDEMRI,NDEMRI a été présenté dans quel type de compétition ?,Agritech Innovation Challenge,Concours de musique,Tournoi de football,Salon automobile,0,10,facile
Q00518,NDEMRI,Quelle approche rend NDEMRI utile aux agriculteurs ?,Des recommandations adaptées au contexte agricole,Des fonctions sans rapport avec l'agriculture,Un système uniquement administratif,Un jeu de cartes,0,10,facile
Q00519,NDEMRI,Quel capteur peut compléter l'analyse agricole ?,Un capteur installé dans le sol,Une manette de jeu,Une webcam de salle,Un lecteur CD,0,10,facile
Q00520,NDEMRI,Quel type de données peut être exploité pour détecter une maladie ?,Des photos de plantes,Des relevés de parking,Des tickets de cinéma,Des fichiers audio uniquement,0,10,facile
Q00521,NDEMRI,NDEMRI vise notamment à aider à choisir…,Des cultures adaptées,Un opérateur téléphonique,Un système d'exploitation,Un navigateur web,0,10,facile
Q00522,NDEMRI,Quel bénéfice attendu est lié à la gestion de l'eau ?,Une irrigation mieux adaptée,Une vitesse Internet plus élevée,Une meilleure qualité audio,Une batterie plus grande,0,10,facile
Q00523,NDEMRI,Quel rôle l'IA joue-t-elle dans NDEMRI ?,Analyser des données et produire des prédictions/recommandations,Remplacer le téléphone,Fournir uniquement du stockage,Créer des câbles,0,10,facile
Q00524,NDEMRI,Quel public est prioritairement visé ?,Les agriculteurs,Les pilotes de ligne,Les comptables uniquement,Les architectes uniquement,0,10,facile
Q00525,NDEMRI,Quel contexte géographique est fortement associé au projet ?,Le Nord et l'Extrême-Nord du Cameroun,Le Canada,Le Japon,L'Australie,0,10,facile
Q00526,NDEMRI,Au stand MIT : Que signifie NDEMRI en fulfuldé ?,Agriculture,École,Santé,Commerce,0,10,facile
Q00527,NDEMRI,Au stand MIT : Quel secteur cible principalement NDEMRI ?,Agriculture,Banque,Transport,Tourisme,0,10,facile
Q00528,NDEMRI,Au stand MIT : Quelle technologie est au cœur de NDEMRI ?,Intelligence artificielle,Radio analogique uniquement,Télévision,Impression 3D uniquement,0,10,facile
Q00529,NDEMRI,Au stand MIT : Que peut analyser NDEMRI concernant le sol ?,La qualité du sol,La vitesse d'un véhicule,La température d'un serveur,Le prix d'un smartphone,0,10,facile
Q00530,NDEMRI,Au stand MIT : Quelle fonctionnalité concerne les plantes ?,Détection des maladies,Traduction automatique uniquement,Paiement mobile,Gestion de billets,0,10,facile
Q00531,NDEMRI,Au stand MIT : Quel type d'image peut servir à l'analyse de NDEMRI ?,Image capturée avec un smartphone,Image satellite obligatoire uniquement,Scan de passeport,Photo de facture,0,10,facile
Q00532,NDEMRI,Au stand MIT : Quel modèle est utilisé pour estimer des paramètres du sol ?,Un modèle de machine learning,Un tableur sans modèle,Un lecteur PDF,Un antivirus,0,10,facile
Q00533,NDEMRI,Au stand MIT : Quel conseil agricole NDEMRI peut-il fournir ?,Recommandations d'irrigation,Réservation d'hôtel,Réparation automobile,Billetterie aérienne,0,10,facile
Q00534,NDEMRI,Au stand MIT : Pourquoi NDEMRI est-il particulièrement pertinent dans le Nord-Cameroun ?,Il répond à des contraintes agricoles et de connectivité locales,Il ne fonctionne qu'en laboratoire,Il cible uniquement les banques,Il nécessite un supercalculateur local,0,10,facile
Q00535,NDEMRI,Au stand MIT : Quelle fonctionnalité communautaire est associée à NDEMRI ?,Partage d'expériences entre agriculteurs,Réseau social de gamers uniquement,Vente de billets,Streaming musical,0,10,facile
Q00536,NDEMRI,Au stand MIT : Qui peut apporter un suivi expert dans NDEMRI ?,Des spécialistes du sol et des maladies des plantes,Des contrôleurs aériens,Des chauffeurs,Des agents immobiliers,0,10,facile
Q00537,NDEMRI,Au stand MIT : Quel type de recommandation peut être fourni après analyse ?,Conseils de traitement et de pratiques agricoles,Conseils de programmation uniquement,Conseils fiscaux uniquement,Conseils de voyage,0,10,facile
Q00538,NDEMRI,Au stand MIT : Quel objectif général est associé à NDEMRI ?,Améliorer la productivité agricole,Créer des jeux vidéo,Gérer des parkings,Scanner des livres,0,10,facile
Q00539,NDEMRI,Au stand MIT : NDEMRI combine notamment agriculture et…,IA/ML,Blockchain uniquement,Bluetooth uniquement,Impression papier,0,10,facile
Q00540,NDEMRI,Au stand MIT : Quel problème agricole NDEMRI cherche-t-il à aider à traiter ?,Dégradation des sols,Panne des smartphones,Manque de places de parking,Lenteur des imprimantes,0,10,facile
Q00541,NDEMRI,Au stand MIT : Quelle contrainte locale motive une partie de la conception de NDEMRI ?,Connectivité Internet instable,Absence totale d'électricité partout,Absence de téléphones,Interdiction des smartphones,0,10,facile
Q00542,NDEMRI,Au stand MIT : NDEMRI a été présenté dans quel type de compétition ?,Agritech Innovation Challenge,Concours de musique,Tournoi de football,Salon automobile,0,10,facile
Q00543,NDEMRI,Au stand MIT : Quelle approche rend NDEMRI utile aux agriculteurs ?,Des recommandations adaptées au contexte agricole,Des fonctions sans rapport avec l'agriculture,Un système uniquement administratif,Un jeu de cartes,0,10,facile
Q00544,NDEMRI,Au stand MIT : Quel capteur peut compléter l'analyse agricole ?,Un capteur installé dans le sol,Une manette de jeu,Une webcam de salle,Un lecteur CD,0,10,facile
Q00545,NDEMRI,Au stand MIT : Quel type de données peut être exploité pour détecter une maladie ?,Des photos de plantes,Des relevés de parking,Des tickets de cinéma,Des fichiers audio uniquement,0,10,facile
Q00546,NDEMRI,Au stand MIT : NDEMRI vise notamment à aider à choisir…,Des cultures adaptées,Un opérateur téléphonique,Un système d'exploitation,Un navigateur web,0,10,facile
Q00547,NDEMRI,Au stand MIT : Quel bénéfice attendu est lié à la gestion de l'eau ?,Une irrigation mieux adaptée,Une vitesse Internet plus élevée,Une meilleure qualité audio,Une batterie plus grande,0,10,facile
Q00548,NDEMRI,Au stand MIT : Quel rôle l'IA joue-t-elle dans NDEMRI ?,Analyser des données et produire des prédictions/recommandations,Remplacer le téléphone,Fournir uniquement du stockage,Créer des câbles,0,10,facile
Q00549,NDEMRI,Au stand MIT : Quel public est prioritairement visé ?,Les agriculteurs,Les pilotes de ligne,Les comptables uniquement,Les architectes uniquement,0,10,facile
Q00550,NDEMRI,Au stand MIT : Quel contexte géographique est fortement associé au projet ?,Le Nord et l'Extrême-Nord du Cameroun,Le Canada,Le Japon,L'Australie,0,10,facile
Q00551,NDEMRI,Défi express : Que signifie NDEMRI en fulfuldé ?,Agriculture,École,Santé,Commerce,0,10,facile
Q00552,NDEMRI,Défi express : Quel secteur cible principalement NDEMRI ?,Agriculture,Banque,Transport,Tourisme,0,10,facile
Q00553,NDEMRI,Défi express : Quelle technologie est au cœur de NDEMRI ?,Intelligence artificielle,Radio analogique uniquement,Télévision,Impression 3D uniquement,0,10,facile
Q00554,NDEMRI,Défi express : Que peut analyser NDEMRI concernant le sol ?,La qualité du sol,La vitesse d'un véhicule,La température d'un serveur,Le prix d'un smartphone,0,10,facile
Q00555,NDEMRI,Défi express : Quelle fonctionnalité concerne les plantes ?,Détection des maladies,Traduction automatique uniquement,Paiement mobile,Gestion de billets,0,10,facile
Q00556,NDEMRI,Défi express : Quel type d'image peut servir à l'analyse de NDEMRI ?,Image capturée avec un smartphone,Image satellite obligatoire uniquement,Scan de passeport,Photo de facture,0,10,facile
Q00557,NDEMRI,Défi express : Quel modèle est utilisé pour estimer des paramètres du sol ?,Un modèle de machine learning,Un tableur sans modèle,Un lecteur PDF,Un antivirus,0,10,facile
Q00558,NDEMRI,Défi express : Quel conseil agricole NDEMRI peut-il fournir ?,Recommandations d'irrigation,Réservation d'hôtel,Réparation automobile,Billetterie aérienne,0,10,facile
Q00559,NDEMRI,Défi express : Pourquoi NDEMRI est-il particulièrement pertinent dans le Nord-Cameroun ?,Il répond à des contraintes agricoles et de connectivité locales,Il ne fonctionne qu'en laboratoire,Il cible uniquement les banques,Il nécessite un supercalculateur local,0,10,facile
Q00560,NDEMRI,Défi express : Quelle fonctionnalité communautaire est associée à NDEMRI ?,Partage d'expériences entre agriculteurs,Réseau social de gamers uniquement,Vente de billets,Streaming musical,0,10,facile
Q00561,NDEMRI,Défi express : Qui peut apporter un suivi expert dans NDEMRI ?,Des spécialistes du sol et des maladies des plantes,Des contrôleurs aériens,Des chauffeurs,Des agents immobiliers,0,10,facile
Q00562,NDEMRI,Défi express : Quel type de recommandation peut être fourni après analyse ?,Conseils de traitement et de pratiques agricoles,Conseils de programmation uniquement,Conseils fiscaux uniquement,Conseils de voyage,0,10,facile
Q00563,NDEMRI,Défi express : Quel objectif général est associé à NDEMRI ?,Améliorer la productivité agricole,Créer des jeux vidéo,Gérer des parkings,Scanner des livres,0,10,facile
Q00564,NDEMRI,Défi express : NDEMRI combine notamment agriculture et…,IA/ML,Blockchain uniquement,Bluetooth uniquement,Impression papier,0,10,facile
Q00565,NDEMRI,Défi express : Quel problème agricole NDEMRI cherche-t-il à aider à traiter ?,Dégradation des sols,Panne des smartphones,Manque de places de parking,Lenteur des imprimantes,0,10,facile
Q00566,NDEMRI,Défi express : Quelle contrainte locale motive une partie de la conception de NDEMRI ?,Connectivité Internet instable,Absence totale d'électricité partout,Absence de téléphones,Interdiction des smartphones,0,10,facile
Q00567,NDEMRI,Défi express : NDEMRI a été présenté dans quel type de compétition ?,Agritech Innovation Challenge,Concours de musique,Tournoi de football,Salon automobile,0,10,facile
Q00568,NDEMRI,Défi express : Quelle approche rend NDEMRI utile aux agriculteurs ?,Des recommandations adaptées au contexte agricole,Des fonctions sans rapport avec l'agriculture,Un système uniquement administratif,Un jeu de cartes,0,10,facile
Q00569,NDEMRI,Défi express : Quel capteur peut compléter l'analyse agricole ?,Un capteur installé dans le sol,Une manette de jeu,Une webcam de salle,Un lecteur CD,0,10,facile
Q00570,NDEMRI,Défi express : Quel type de données peut être exploité pour détecter une maladie ?,Des photos de plantes,Des relevés de parking,Des tickets de cinéma,Des fichiers audio uniquement,0,10,facile
Q00571,NDEMRI,Défi express : NDEMRI vise notamment à aider à choisir…,Des cultures adaptées,Un opérateur téléphonique,Un système d'exploitation,Un navigateur web,0,10,facile
Q00572,NDEMRI,Défi express : Quel bénéfice attendu est lié à la gestion de l'eau ?,Une irrigation mieux adaptée,Une vitesse Internet plus élevée,Une meilleure qualité audio,Une batterie plus grande,0,10,facile
Q00573,NDEMRI,Défi express : Quel rôle l'IA joue-t-elle dans NDEMRI ?,Analyser des données et produire des prédictions/recommandations,Remplacer le téléphone,Fournir uniquement du stockage,Créer des câbles,0,10,facile
Q00574,NDEMRI,Défi express : Quel public est prioritairement visé ?,Les agriculteurs,Les pilotes de ligne,Les comptables uniquement,Les architectes uniquement,0,10,facile
Q00575,NDEMRI,Défi express : Quel contexte géographique est fortement associé au projet ?,Le Nord et l'Extrême-Nord du Cameroun,Le Canada,Le Japon,L'Australie,0,10,facile
Q00576,NDEMRI,Testez vos connaissances : Que signifie NDEMRI en fulfuldé ?,Agriculture,École,Santé,Commerce,0,10,facile
Q00577,NDEMRI,Testez vos connaissances : Quel secteur cible principalement NDEMRI ?,Agriculture,Banque,Transport,Tourisme,0,10,facile
Q00578,NDEMRI,Testez vos connaissances : Quelle technologie est au cœur de NDEMRI ?,Intelligence artificielle,Radio analogique uniquement,Télévision,Impression 3D uniquement,0,10,facile
Q00579,NDEMRI,Testez vos connaissances : Que peut analyser NDEMRI concernant le sol ?,La qualité du sol,La vitesse d'un véhicule,La température d'un serveur,Le prix d'un smartphone,0,10,facile
Q00580,NDEMRI,Testez vos connaissances : Quelle fonctionnalité concerne les plantes ?,Détection des maladies,Traduction automatique uniquement,Paiement mobile,Gestion de billets,0,10,facile
Q00581,NDEMRI,Testez vos connaissances : Quel type d'image peut servir à l'analyse de NDEMRI ?,Image capturée avec un smartphone,Image satellite obligatoire uniquement,Scan de passeport,Photo de facture,0,10,facile
Q00582,NDEMRI,Testez vos connaissances : Quel modèle est utilisé pour estimer des paramètres du sol ?,Un modèle de machine learning,Un tableur sans modèle,Un lecteur PDF,Un antivirus,0,10,facile
Q00583,NDEMRI,Testez vos connaissances : Quel conseil agricole NDEMRI peut-il fournir ?,Recommandations d'irrigation,Réservation d'hôtel,Réparation automobile,Billetterie aérienne,0,10,facile
Q00584,NDEMRI,Testez vos connaissances : Pourquoi NDEMRI est-il particulièrement pertinent dans le Nord-Cameroun ?,Il répond à des contraintes agricoles et de connectivité locales,Il ne fonctionne qu'en laboratoire,Il cible uniquement les banques,Il nécessite un supercalculateur local,0,10,facile
Q00585,NDEMRI,Testez vos connaissances : Quelle fonctionnalité communautaire est associée à NDEMRI ?,Partage d'expériences entre agriculteurs,Réseau social de gamers uniquement,Vente de billets,Streaming musical,0,10,facile
Q00586,NDEMRI,Testez vos connaissances : Qui peut apporter un suivi expert dans NDEMRI ?,Des spécialistes du sol et des maladies des plantes,Des contrôleurs aériens,Des chauffeurs,Des agents immobiliers,0,10,facile
Q00587,NDEMRI,Testez vos connaissances : Quel type de recommandation peut être fourni après analyse ?,Conseils de traitement et de pratiques agricoles,Conseils de programmation uniquement,Conseils fiscaux uniquement,Conseils de voyage,0,10,facile
Q00588,NDEMRI,Testez vos connaissances : Quel objectif général est associé à NDEMRI ?,Améliorer la productivité agricole,Créer des jeux vidéo,Gérer des parkings,Scanner des livres,0,10,facile
Q00589,NDEMRI,Testez vos connaissances : NDEMRI combine notamment agriculture et…,IA/ML,Blockchain uniquement,Bluetooth uniquement,Impression papier,0,10,facile
Q00590,NDEMRI,Testez vos connaissances : Quel problème agricole NDEMRI cherche-t-il à aider à traiter ?,Dégradation des sols,Panne des smartphones,Manque de places de parking,Lenteur des imprimantes,0,10,facile
Q00591,NDEMRI,Testez vos connaissances : Quelle contrainte locale motive une partie de la conception de NDEMRI ?,Connectivité Internet instable,Absence totale d'électricité partout,Absence de téléphones,Interdiction des smartphones,0,10,facile
Q00592,NDEMRI,Testez vos connaissances : NDEMRI a été présenté dans quel type de compétition ?,Agritech Innovation Challenge,Concours de musique,Tournoi de football,Salon automobile,0,10,facile
Q00593,NDEMRI,Testez vos connaissances : Quelle approche rend NDEMRI utile aux agriculteurs ?,Des recommandations adaptées au contexte agricole,Des fonctions sans rapport avec l'agriculture,Un système uniquement administratif,Un jeu de cartes,0,10,facile
Q00594,NDEMRI,Testez vos connaissances : Quel capteur peut compléter l'analyse agricole ?,Un capteur installé dans le sol,Une manette de jeu,Une webcam de salle,Un lecteur CD,0,10,facile
Q00595,NDEMRI,Testez vos connaissances : Quel type de données peut être exploité pour détecter une maladie ?,Des photos de plantes,Des relevés de parking,Des tickets de cinéma,Des fichiers audio uniquement,0,10,facile
Q00596,NDEMRI,Testez vos connaissances : NDEMRI vise notamment à aider à choisir…,Des cultures adaptées,Un opérateur téléphonique,Un système d'exploitation,Un navigateur web,0,10,facile
Q00597,NDEMRI,Testez vos connaissances : Quel bénéfice attendu est lié à la gestion de l'eau ?,Une irrigation mieux adaptée,Une vitesse Internet plus élevée,Une meilleure qualité audio,Une batterie plus grande,0,10,facile
Q00598,NDEMRI,Testez vos connaissances : Quel rôle l'IA joue-t-elle dans NDEMRI ?,Analyser des données et produire des prédictions/recommandations,Remplacer le téléphone,Fournir uniquement du stockage,Créer des câbles,0,10,facile
Q00599,NDEMRI,Testez vos connaissances : Quel public est prioritairement visé ?,Les agriculteurs,Les pilotes de ligne,Les comptables uniquement,Les architectes uniquement,0,10,facile
Q00600,NDEMRI,Testez vos connaissances : Quel contexte géographique est fortement associé au projet ?,Le Nord et l'Extrême-Nord du Cameroun,Le Canada,Le Japon,L'Australie,0,10,facile
Q00601,NDEMRI,Le saviez-vous ? Que signifie NDEMRI en fulfuldé ?,Agriculture,École,Santé,Commerce,0,10,facile
Q00602,NDEMRI,Le saviez-vous ? Quel secteur cible principalement NDEMRI ?,Agriculture,Banque,Transport,Tourisme,0,10,facile
Q00603,NDEMRI,Le saviez-vous ? Quelle technologie est au cœur de NDEMRI ?,Intelligence artificielle,Radio analogique uniquement,Télévision,Impression 3D uniquement,0,10,facile
Q00604,NDEMRI,Le saviez-vous ? Que peut analyser NDEMRI concernant le sol ?,La qualité du sol,La vitesse d'un véhicule,La température d'un serveur,Le prix d'un smartphone,0,10,facile
Q00605,NDEMRI,Le saviez-vous ? Quelle fonctionnalité concerne les plantes ?,Détection des maladies,Traduction automatique uniquement,Paiement mobile,Gestion de billets,0,10,facile
Q00606,NDEMRI,Le saviez-vous ? Quel type d'image peut servir à l'analyse de NDEMRI ?,Image capturée avec un smartphone,Image satellite obligatoire uniquement,Scan de passeport,Photo de facture,0,10,facile
Q00607,NDEMRI,Le saviez-vous ? Quel modèle est utilisé pour estimer des paramètres du sol ?,Un modèle de machine learning,Un tableur sans modèle,Un lecteur PDF,Un antivirus,0,10,facile
Q00608,NDEMRI,Le saviez-vous ? Quel conseil agricole NDEMRI peut-il fournir ?,Recommandations d'irrigation,Réservation d'hôtel,Réparation automobile,Billetterie aérienne,0,10,facile
Q00609,NDEMRI,Le saviez-vous ? Pourquoi NDEMRI est-il particulièrement pertinent dans le Nord-Cameroun ?,Il répond à des contraintes agricoles et de connectivité locales,Il ne fonctionne qu'en laboratoire,Il cible uniquement les banques,Il nécessite un supercalculateur local,0,10,facile
Q00610,NDEMRI,Le saviez-vous ? Quelle fonctionnalité communautaire est associée à NDEMRI ?,Partage d'expériences entre agriculteurs,Réseau social de gamers uniquement,Vente de billets,Streaming musical,0,10,facile
Q00611,NDEMRI,Le saviez-vous ? Qui peut apporter un suivi expert dans NDEMRI ?,Des spécialistes du sol et des maladies des plantes,Des contrôleurs aériens,Des chauffeurs,Des agents immobiliers,0,10,facile
Q00612,NDEMRI,Le saviez-vous ? Quel type de recommandation peut être fourni après analyse ?,Conseils de traitement et de pratiques agricoles,Conseils de programmation uniquement,Conseils fiscaux uniquement,Conseils de voyage,0,10,facile
Q00613,NDEMRI,Le saviez-vous ? Quel objectif général est associé à NDEMRI ?,Améliorer la productivité agricole,Créer des jeux vidéo,Gérer des parkings,Scanner des livres,0,10,facile
Q00614,NDEMRI,Le saviez-vous ? NDEMRI combine notamment agriculture et…,IA/ML,Blockchain uniquement,Bluetooth uniquement,Impression papier,0,10,facile
Q00615,NDEMRI,Le saviez-vous ? Quel problème agricole NDEMRI cherche-t-il à aider à traiter ?,Dégradation des sols,Panne des smartphones,Manque de places de parking,Lenteur des imprimantes,0,10,facile
Q00616,NDEMRI,Le saviez-vous ? Quelle contrainte locale motive une partie de la conception de NDEMRI ?,Connectivité Internet instable,Absence totale d'électricité partout,Absence de téléphones,Interdiction des smartphones,0,10,facile
Q00617,NDEMRI,Le saviez-vous ? NDEMRI a été présenté dans quel type de compétition ?,Agritech Innovation Challenge,Concours de musique,Tournoi de football,Salon automobile,0,10,facile
Q00618,NDEMRI,Le saviez-vous ? Quelle approche rend NDEMRI utile aux agriculteurs ?,Des recommandations adaptées au contexte agricole,Des fonctions sans rapport avec l'agriculture,Un système uniquement administratif,Un jeu de cartes,0,10,facile
Q00619,NDEMRI,Le saviez-vous ? Quel capteur peut compléter l'analyse agricole ?,Un capteur installé dans le sol,Une manette de jeu,Une webcam de salle,Un lecteur CD,0,10,facile
Q00620,NDEMRI,Le saviez-vous ? Quel type de données peut être exploité pour détecter une maladie ?,Des photos de plantes,Des relevés de parking,Des tickets de cinéma,Des fichiers audio uniquement,0,10,facile
Q00621,NDEMRI,Le saviez-vous ? NDEMRI vise notamment à aider à choisir…,Des cultures adaptées,Un opérateur téléphonique,Un système d'exploitation,Un navigateur web,0,10,facile
Q00622,NDEMRI,Le saviez-vous ? Quel bénéfice attendu est lié à la gestion de l'eau ?,Une irrigation mieux adaptée,Une vitesse Internet plus élevée,Une meilleure qualité audio,Une batterie plus grande,0,10,facile
Q00623,NDEMRI,Le saviez-vous ? Quel rôle l'IA joue-t-elle dans NDEMRI ?,Analyser des données et produire des prédictions/recommandations,Remplacer le téléphone,Fournir uniquement du stockage,Créer des câbles,0,10,facile
Q00624,NDEMRI,Le saviez-vous ? Quel public est prioritairement visé ?,Les agriculteurs,Les pilotes de ligne,Les comptables uniquement,Les architectes uniquement,0,10,facile
Q00625,NDEMRI,Le saviez-vous ? Quel contexte géographique est fortement associé au projet ?,Le Nord et l'Extrême-Nord du Cameroun,Le Canada,Le Japon,L'Australie,0,10,facile
Q00626,NDEMRI,Quiz du jour : Que signifie NDEMRI en fulfuldé ?,Agriculture,École,Santé,Commerce,0,10,moyen
Q00627,NDEMRI,Quiz du jour : Quel secteur cible principalement NDEMRI ?,Agriculture,Banque,Transport,Tourisme,0,10,moyen
Q00628,NDEMRI,Quiz du jour : Quelle technologie est au cœur de NDEMRI ?,Intelligence artificielle,Radio analogique uniquement,Télévision,Impression 3D uniquement,0,10,moyen
Q00629,NDEMRI,Quiz du jour : Que peut analyser NDEMRI concernant le sol ?,La qualité du sol,La vitesse d'un véhicule,La température d'un serveur,Le prix d'un smartphone,0,10,moyen
Q00630,NDEMRI,Quiz du jour : Quelle fonctionnalité concerne les plantes ?,Détection des maladies,Traduction automatique uniquement,Paiement mobile,Gestion de billets,0,10,moyen
Q00631,NDEMRI,Quiz du jour : Quel type d'image peut servir à l'analyse de NDEMRI ?,Image capturée avec un smartphone,Image satellite obligatoire uniquement,Scan de passeport,Photo de facture,0,10,moyen
Q00632,NDEMRI,Quiz du jour : Quel modèle est utilisé pour estimer des paramètres du sol ?,Un modèle de machine learning,Un tableur sans modèle,Un lecteur PDF,Un antivirus,0,10,moyen
Q00633,NDEMRI,Quiz du jour : Quel conseil agricole NDEMRI peut-il fournir ?,Recommandations d'irrigation,Réservation d'hôtel,Réparation automobile,Billetterie aérienne,0,10,moyen
Q00634,NDEMRI,Quiz du jour : Pourquoi NDEMRI est-il particulièrement pertinent dans le Nord-Cameroun ?,Il répond à des contraintes agricoles et de connectivité locales,Il ne fonctionne qu'en laboratoire,Il cible uniquement les banques,Il nécessite un supercalculateur local,0,10,moyen
Q00635,NDEMRI,Quiz du jour : Quelle fonctionnalité communautaire est associée à NDEMRI ?,Partage d'expériences entre agriculteurs,Réseau social de gamers uniquement,Vente de billets,Streaming musical,0,10,moyen
Q00636,NDEMRI,Quiz du jour : Qui peut apporter un suivi expert dans NDEMRI ?,Des spécialistes du sol et des maladies des plantes,Des contrôleurs aériens,Des chauffeurs,Des agents immobiliers,0,10,moyen
Q00637,NDEMRI,Quiz du jour : Quel type de recommandation peut être fourni après analyse ?,Conseils de traitement et de pratiques agricoles,Conseils de programmation uniquement,Conseils fiscaux uniquement,Conseils de voyage,0,10,moyen
Q00638,NDEMRI,Quiz du jour : Quel objectif général est associé à NDEMRI ?,Améliorer la productivité agricole,Créer des jeux vidéo,Gérer des parkings,Scanner des livres,0,10,moyen
Q00639,NDEMRI,Quiz du jour : NDEMRI combine notamment agriculture et…,IA/ML,Blockchain uniquement,Bluetooth uniquement,Impression papier,0,10,moyen
Q00640,NDEMRI,Quiz du jour : Quel problème agricole NDEMRI cherche-t-il à aider à traiter ?,Dégradation des sols,Panne des smartphones,Manque de places de parking,Lenteur des imprimantes,0,10,moyen
Q00641,NDEMRI,Quiz du jour : Quelle contrainte locale motive une partie de la conception de NDEMRI ?,Connectivité Internet instable,Absence totale d'électricité partout,Absence de téléphones,Interdiction des smartphones,0,10,moyen
Q00642,NDEMRI,Quiz du jour : NDEMRI a été présenté dans quel type de compétition ?,Agritech Innovation Challenge,Concours de musique,Tournoi de football,Salon automobile,0,10,moyen
Q00643,NDEMRI,Quiz du jour : Quelle approche rend NDEMRI utile aux agriculteurs ?,Des recommandations adaptées au contexte agricole,Des fonctions sans rapport avec l'agriculture,Un système uniquement administratif,Un jeu de cartes,0,10,moyen
Q00644,NDEMRI,Quiz du jour : Quel capteur peut compléter l'analyse agricole ?,Un capteur installé dans le sol,Une manette de jeu,Une webcam de salle,Un lecteur CD,0,10,moyen
Q00645,NDEMRI,Quiz du jour : Quel type de données peut être exploité pour détecter une maladie ?,Des photos de plantes,Des relevés de parking,Des tickets de cinéma,Des fichiers audio uniquement,0,10,moyen
Q00646,NDEMRI,Quiz du jour : NDEMRI vise notamment à aider à choisir…,Des cultures adaptées,Un opérateur téléphonique,Un système d'exploitation,Un navigateur web,0,10,moyen
Q00647,NDEMRI,Quiz du jour : Quel bénéfice attendu est lié à la gestion de l'eau ?,Une irrigation mieux adaptée,Une vitesse Internet plus élevée,Une meilleure qualité audio,Une batterie plus grande,0,10,moyen
Q00648,NDEMRI,Quiz du jour : Quel rôle l'IA joue-t-elle dans NDEMRI ?,Analyser des données et produire des prédictions/recommandations,Remplacer le téléphone,Fournir uniquement du stockage,Créer des câbles,0,10,moyen
Q00649,NDEMRI,Quiz du jour : Quel public est prioritairement visé ?,Les agriculteurs,Les pilotes de ligne,Les comptables uniquement,Les architectes uniquement,0,10,moyen
Q00650,NDEMRI,Quiz du jour : Quel contexte géographique est fortement associé au projet ?,Le Nord et l'Extrême-Nord du Cameroun,Le Canada,Le Japon,L'Australie,0,10,moyen
Q00651,NDEMRI,À vous de jouer : Que signifie NDEMRI en fulfuldé ?,Agriculture,École,Santé,Commerce,0,10,moyen
Q00652,NDEMRI,À vous de jouer : Quel secteur cible principalement NDEMRI ?,Agriculture,Banque,Transport,Tourisme,0,10,moyen
Q00653,NDEMRI,À vous de jouer : Quelle technologie est au cœur de NDEMRI ?,Intelligence artificielle,Radio analogique uniquement,Télévision,Impression 3D uniquement,0,10,moyen
Q00654,NDEMRI,À vous de jouer : Que peut analyser NDEMRI concernant le sol ?,La qualité du sol,La vitesse d'un véhicule,La température d'un serveur,Le prix d'un smartphone,0,10,moyen
Q00655,NDEMRI,À vous de jouer : Quelle fonctionnalité concerne les plantes ?,Détection des maladies,Traduction automatique uniquement,Paiement mobile,Gestion de billets,0,10,moyen
Q00656,NDEMRI,À vous de jouer : Quel type d'image peut servir à l'analyse de NDEMRI ?,Image capturée avec un smartphone,Image satellite obligatoire uniquement,Scan de passeport,Photo de facture,0,10,moyen
Q00657,NDEMRI,À vous de jouer : Quel modèle est utilisé pour estimer des paramètres du sol ?,Un modèle de machine learning,Un tableur sans modèle,Un lecteur PDF,Un antivirus,0,10,moyen
Q00658,NDEMRI,À vous de jouer : Quel conseil agricole NDEMRI peut-il fournir ?,Recommandations d'irrigation,Réservation d'hôtel,Réparation automobile,Billetterie aérienne,0,10,moyen
Q00659,NDEMRI,À vous de jouer : Pourquoi NDEMRI est-il particulièrement pertinent dans le Nord-Cameroun ?,Il répond à des contraintes agricoles et de connectivité locales,Il ne fonctionne qu'en laboratoire,Il cible uniquement les banques,Il nécessite un supercalculateur local,0,10,moyen
Q00660,NDEMRI,À vous de jouer : Quelle fonctionnalité communautaire est associée à NDEMRI ?,Partage d'expériences entre agriculteurs,Réseau social de gamers uniquement,Vente de billets,Streaming musical,0,10,moyen
Q00661,NDEMRI,À vous de jouer : Qui peut apporter un suivi expert dans NDEMRI ?,Des spécialistes du sol et des maladies des plantes,Des contrôleurs aériens,Des chauffeurs,Des agents immobiliers,0,10,moyen
Q00662,NDEMRI,À vous de jouer : Quel type de recommandation peut être fourni après analyse ?,Conseils de traitement et de pratiques agricoles,Conseils de programmation uniquement,Conseils fiscaux uniquement,Conseils de voyage,0,10,moyen
Q00663,NDEMRI,À vous de jouer : Quel objectif général est associé à NDEMRI ?,Améliorer la productivité agricole,Créer des jeux vidéo,Gérer des parkings,Scanner des livres,0,10,moyen
Q00664,NDEMRI,À vous de jouer : NDEMRI combine notamment agriculture et…,IA/ML,Blockchain uniquement,Bluetooth uniquement,Impression papier,0,10,moyen
Q00665,NDEMRI,À vous de jouer : Quel problème agricole NDEMRI cherche-t-il à aider à traiter ?,Dégradation des sols,Panne des smartphones,Manque de places de parking,Lenteur des imprimantes,0,10,moyen
Q00666,NDEMRI,À vous de jouer : Quelle contrainte locale motive une partie de la conception de NDEMRI ?,Connectivité Internet instable,Absence totale d'électricité partout,Absence de téléphones,Interdiction des smartphones,0,10,moyen
Q00667,NDEMRI,À vous de jouer : NDEMRI a été présenté dans quel type de compétition ?,Agritech Innovation Challenge,Concours de musique,Tournoi de football,Salon automobile,0,10,moyen
Q00668,NDEMRI,À vous de jouer : Quelle approche rend NDEMRI utile aux agriculteurs ?,Des recommandations adaptées au contexte agricole,Des fonctions sans rapport avec l'agriculture,Un système uniquement administratif,Un jeu de cartes,0,10,moyen
Q00669,NDEMRI,À vous de jouer : Quel capteur peut compléter l'analyse agricole ?,Un capteur installé dans le sol,Une manette de jeu,Une webcam de salle,Un lecteur CD,0,10,moyen
Q00670,NDEMRI,À vous de jouer : Quel type de données peut être exploité pour détecter une maladie ?,Des photos de plantes,Des relevés de parking,Des tickets de cinéma,Des fichiers audio uniquement,0,10,moyen
Q00671,NDEMRI,À vous de jouer : NDEMRI vise notamment à aider à choisir…,Des cultures adaptées,Un opérateur téléphonique,Un système d'exploitation,Un navigateur web,0,10,moyen
Q00672,NDEMRI,À vous de jouer : Quel bénéfice attendu est lié à la gestion de l'eau ?,Une irrigation mieux adaptée,Une vitesse Internet plus élevée,Une meilleure qualité audio,Une batterie plus grande,0,10,moyen
Q00673,NDEMRI,À vous de jouer : Quel rôle l'IA joue-t-elle dans NDEMRI ?,Analyser des données et produire des prédictions/recommandations,Remplacer le téléphone,Fournir uniquement du stockage,Créer des câbles,0,10,moyen
Q00674,NDEMRI,À vous de jouer : Quel public est prioritairement visé ?,Les agriculteurs,Les pilotes de ligne,Les comptables uniquement,Les architectes uniquement,0,10,moyen
Q00675,NDEMRI,À vous de jouer : Quel contexte géographique est fortement associé au projet ?,Le Nord et l'Extrême-Nord du Cameroun,Le Canada,Le Japon,L'Australie,0,10,moyen
Q00676,NDEMRI,Challenge : Que signifie NDEMRI en fulfuldé ?,Agriculture,École,Santé,Commerce,0,10,moyen
Q00677,NDEMRI,Challenge : Quel secteur cible principalement NDEMRI ?,Agriculture,Banque,Transport,Tourisme,0,10,moyen
Q00678,NDEMRI,Challenge : Quelle technologie est au cœur de NDEMRI ?,Intelligence artificielle,Radio analogique uniquement,Télévision,Impression 3D uniquement,0,10,moyen
Q00679,NDEMRI,Challenge : Que peut analyser NDEMRI concernant le sol ?,La qualité du sol,La vitesse d'un véhicule,La température d'un serveur,Le prix d'un smartphone,0,10,moyen
Q00680,NDEMRI,Challenge : Quelle fonctionnalité concerne les plantes ?,Détection des maladies,Traduction automatique uniquement,Paiement mobile,Gestion de billets,0,10,moyen
Q00681,NDEMRI,Challenge : Quel type d'image peut servir à l'analyse de NDEMRI ?,Image capturée avec un smartphone,Image satellite obligatoire uniquement,Scan de passeport,Photo de facture,0,10,moyen
Q00682,NDEMRI,Challenge : Quel modèle est utilisé pour estimer des paramètres du sol ?,Un modèle de machine learning,Un tableur sans modèle,Un lecteur PDF,Un antivirus,0,10,moyen
Q00683,NDEMRI,Challenge : Quel conseil agricole NDEMRI peut-il fournir ?,Recommandations d'irrigation,Réservation d'hôtel,Réparation automobile,Billetterie aérienne,0,10,moyen
Q00684,NDEMRI,Challenge : Pourquoi NDEMRI est-il particulièrement pertinent dans le Nord-Cameroun ?,Il répond à des contraintes agricoles et de connectivité locales,Il ne fonctionne qu'en laboratoire,Il cible uniquement les banques,Il nécessite un supercalculateur local,0,10,moyen
Q00685,NDEMRI,Challenge : Quelle fonctionnalité communautaire est associée à NDEMRI ?,Partage d'expériences entre agriculteurs,Réseau social de gamers uniquement,Vente de billets,Streaming musical,0,10,moyen
Q00686,NDEMRI,Challenge : Qui peut apporter un suivi expert dans NDEMRI ?,Des spécialistes du sol et des maladies des plantes,Des contrôleurs aériens,Des chauffeurs,Des agents immobiliers,0,10,moyen
Q00687,NDEMRI,Challenge : Quel type de recommandation peut être fourni après analyse ?,Conseils de traitement et de pratiques agricoles,Conseils de programmation uniquement,Conseils fiscaux uniquement,Conseils de voyage,0,10,moyen
Q00688,NDEMRI,Challenge : Quel objectif général est associé à NDEMRI ?,Améliorer la productivité agricole,Créer des jeux vidéo,Gérer des parkings,Scanner des livres,0,10,moyen
Q00689,NDEMRI,Challenge : NDEMRI combine notamment agriculture et…,IA/ML,Blockchain uniquement,Bluetooth uniquement,Impression papier,0,10,moyen
Q00690,NDEMRI,Challenge : Quel problème agricole NDEMRI cherche-t-il à aider à traiter ?,Dégradation des sols,Panne des smartphones,Manque de places de parking,Lenteur des imprimantes,0,10,moyen
Q00691,NDEMRI,Challenge : Quelle contrainte locale motive une partie de la conception de NDEMRI ?,Connectivité Internet instable,Absence totale d'électricité partout,Absence de téléphones,Interdiction des smartphones,0,10,moyen
Q00692,NDEMRI,Challenge : NDEMRI a été présenté dans quel type de compétition ?,Agritech Innovation Challenge,Concours de musique,Tournoi de football,Salon automobile,0,10,moyen
Q00693,NDEMRI,Challenge : Quelle approche rend NDEMRI utile aux agriculteurs ?,Des recommandations adaptées au contexte agricole,Des fonctions sans rapport avec l'agriculture,Un système uniquement administratif,Un jeu de cartes,0,10,moyen
Q00694,NDEMRI,Challenge : Quel capteur peut compléter l'analyse agricole ?,Un capteur installé dans le sol,Une manette de jeu,Une webcam de salle,Un lecteur CD,0,10,moyen
Q00695,NDEMRI,Challenge : Quel type de données peut être exploité pour détecter une maladie ?,Des photos de plantes,Des relevés de parking,Des tickets de cinéma,Des fichiers audio uniquement,0,10,moyen
Q00696,NDEMRI,Challenge : NDEMRI vise notamment à aider à choisir…,Des cultures adaptées,Un opérateur téléphonique,Un système d'exploitation,Un navigateur web,0,10,moyen
Q00697,NDEMRI,Challenge : Quel bénéfice attendu est lié à la gestion de l'eau ?,Une irrigation mieux adaptée,Une vitesse Internet plus élevée,Une meilleure qualité audio,Une batterie plus grande,0,10,moyen
Q00698,NDEMRI,Challenge : Quel rôle l'IA joue-t-elle dans NDEMRI ?,Analyser des données et produire des prédictions/recommandations,Remplacer le téléphone,Fournir uniquement du stockage,Créer des câbles,0,10,moyen
Q00699,NDEMRI,Challenge : Quel public est prioritairement visé ?,Les agriculteurs,Les pilotes de ligne,Les comptables uniquement,Les architectes uniquement,0,10,moyen
Q00700,NDEMRI,Challenge : Quel contexte géographique est fortement associé au projet ?,Le Nord et l'Extrême-Nord du Cameroun,Le Canada,Le Japon,L'Australie,0,10,moyen
Q00701,NDEMRI,Question bonus : Que signifie NDEMRI en fulfuldé ?,Agriculture,École,Santé,Commerce,0,10,moyen
Q00702,NDEMRI,Question bonus : Quel secteur cible principalement NDEMRI ?,Agriculture,Banque,Transport,Tourisme,0,10,moyen
Q00703,NDEMRI,Question bonus : Quelle technologie est au cœur de NDEMRI ?,Intelligence artificielle,Radio analogique uniquement,Télévision,Impression 3D uniquement,0,10,moyen
Q00704,NDEMRI,Question bonus : Que peut analyser NDEMRI concernant le sol ?,La qualité du sol,La vitesse d'un véhicule,La température d'un serveur,Le prix d'un smartphone,0,10,moyen
Q00705,NDEMRI,Question bonus : Quelle fonctionnalité concerne les plantes ?,Détection des maladies,Traduction automatique uniquement,Paiement mobile,Gestion de billets,0,10,moyen
Q00706,NDEMRI,Question bonus : Quel type d'image peut servir à l'analyse de NDEMRI ?,Image capturée avec un smartphone,Image satellite obligatoire uniquement,Scan de passeport,Photo de facture,0,10,moyen
Q00707,NDEMRI,Question bonus : Quel modèle est utilisé pour estimer des paramètres du sol ?,Un modèle de machine learning,Un tableur sans modèle,Un lecteur PDF,Un antivirus,0,10,moyen
Q00708,NDEMRI,Question bonus : Quel conseil agricole NDEMRI peut-il fournir ?,Recommandations d'irrigation,Réservation d'hôtel,Réparation automobile,Billetterie aérienne,0,10,moyen
Q00709,NDEMRI,Question bonus : Pourquoi NDEMRI est-il particulièrement pertinent dans le Nord-Cameroun ?,Il répond à des contraintes agricoles et de connectivité locales,Il ne fonctionne qu'en laboratoire,Il cible uniquement les banques,Il nécessite un supercalculateur local,0,10,moyen
Q00710,NDEMRI,Question bonus : Quelle fonctionnalité communautaire est associée à NDEMRI ?,Partage d'expériences entre agriculteurs,Réseau social de gamers uniquement,Vente de billets,Streaming musical,0,10,moyen
Q00711,NDEMRI,Question bonus : Qui peut apporter un suivi expert dans NDEMRI ?,Des spécialistes du sol et des maladies des plantes,Des contrôleurs aériens,Des chauffeurs,Des agents immobiliers,0,10,moyen
Q00712,NDEMRI,Question bonus : Quel type de recommandation peut être fourni après analyse ?,Conseils de traitement et de pratiques agricoles,Conseils de programmation uniquement,Conseils fiscaux uniquement,Conseils de voyage,0,10,moyen
Q00713,NDEMRI,Question bonus : Quel objectif général est associé à NDEMRI ?,Améliorer la productivité agricole,Créer des jeux vidéo,Gérer des parkings,Scanner des livres,0,10,moyen
Q00714,NDEMRI,Question bonus : NDEMRI combine notamment agriculture et…,IA/ML,Blockchain uniquement,Bluetooth uniquement,Impression papier,0,10,moyen
Q00715,NDEMRI,Question bonus : Quel problème agricole NDEMRI cherche-t-il à aider à traiter ?,Dégradation des sols,Panne des smartphones,Manque de places de parking,Lenteur des imprimantes,0,10,moyen
Q00716,NDEMRI,Question bonus : Quelle contrainte locale motive une partie de la conception de NDEMRI ?,Connectivité Internet instable,Absence totale d'électricité partout,Absence de téléphones,Interdiction des smartphones,0,10,moyen
Q00717,NDEMRI,Question bonus : NDEMRI a été présenté dans quel type de compétition ?,Agritech Innovation Challenge,Concours de musique,Tournoi de football,Salon automobile,0,10,moyen
Q00718,NDEMRI,Question bonus : Quelle approche rend NDEMRI utile aux agriculteurs ?,Des recommandations adaptées au contexte agricole,Des fonctions sans rapport avec l'agriculture,Un système uniquement administratif,Un jeu de cartes,0,10,moyen
Q00719,NDEMRI,Question bonus : Quel capteur peut compléter l'analyse agricole ?,Un capteur installé dans le sol,Une manette de jeu,Une webcam de salle,Un lecteur CD,0,10,moyen
Q00720,NDEMRI,Question bonus : Quel type de données peut être exploité pour détecter une maladie ?,Des photos de plantes,Des relevés de parking,Des tickets de cinéma,Des fichiers audio uniquement,0,10,moyen
Q00721,NDEMRI,Question bonus : NDEMRI vise notamment à aider à choisir…,Des cultures adaptées,Un opérateur téléphonique,Un système d'exploitation,Un navigateur web,0,10,moyen
Q00722,NDEMRI,Question bonus : Quel bénéfice attendu est lié à la gestion de l'eau ?,Une irrigation mieux adaptée,Une vitesse Internet plus élevée,Une meilleure qualité audio,Une batterie plus grande,0,10,moyen
Q00723,NDEMRI,Question bonus : Quel rôle l'IA joue-t-elle dans NDEMRI ?,Analyser des données et produire des prédictions/recommandations,Remplacer le téléphone,Fournir uniquement du stockage,Créer des câbles,0,10,moyen
Q00724,NDEMRI,Question bonus : Quel public est prioritairement visé ?,Les agriculteurs,Les pilotes de ligne,Les comptables uniquement,Les architectes uniquement,0,10,moyen
Q00725,NDEMRI,Question bonus : Quel contexte géographique est fortement associé au projet ?,Le Nord et l'Extrême-Nord du Cameroun,Le Canada,Le Japon,L'Australie,0,10,moyen
Q00726,NDEMRI,Question éclair : Que signifie NDEMRI en fulfuldé ?,Agriculture,École,Santé,Commerce,0,10,moyen
Q00727,NDEMRI,Question éclair : Quel secteur cible principalement NDEMRI ?,Agriculture,Banque,Transport,Tourisme,0,10,moyen
Q00728,NDEMRI,Question éclair : Quelle technologie est au cœur de NDEMRI ?,Intelligence artificielle,Radio analogique uniquement,Télévision,Impression 3D uniquement,0,10,moyen
Q00729,NDEMRI,Question éclair : Que peut analyser NDEMRI concernant le sol ?,La qualité du sol,La vitesse d'un véhicule,La température d'un serveur,Le prix d'un smartphone,0,10,moyen
Q00730,NDEMRI,Question éclair : Quelle fonctionnalité concerne les plantes ?,Détection des maladies,Traduction automatique uniquement,Paiement mobile,Gestion de billets,0,10,moyen
Q00731,NDEMRI,Question éclair : Quel type d'image peut servir à l'analyse de NDEMRI ?,Image capturée avec un smartphone,Image satellite obligatoire uniquement,Scan de passeport,Photo de facture,0,10,moyen
Q00732,NDEMRI,Question éclair : Quel modèle est utilisé pour estimer des paramètres du sol ?,Un modèle de machine learning,Un tableur sans modèle,Un lecteur PDF,Un antivirus,0,10,moyen
Q00733,NDEMRI,Question éclair : Quel conseil agricole NDEMRI peut-il fournir ?,Recommandations d'irrigation,Réservation d'hôtel,Réparation automobile,Billetterie aérienne,0,10,moyen
Q00734,NDEMRI,Question éclair : Pourquoi NDEMRI est-il particulièrement pertinent dans le Nord-Cameroun ?,Il répond à des contraintes agricoles et de connectivité locales,Il ne fonctionne qu'en laboratoire,Il cible uniquement les banques,Il nécessite un supercalculateur local,0,10,moyen
Q00735,NDEMRI,Question éclair : Quelle fonctionnalité communautaire est associée à NDEMRI ?,Partage d'expériences entre agriculteurs,Réseau social de gamers uniquement,Vente de billets,Streaming musical,0,10,moyen
Q00736,NDEMRI,Question éclair : Qui peut apporter un suivi expert dans NDEMRI ?,Des spécialistes du sol et des maladies des plantes,Des contrôleurs aériens,Des chauffeurs,Des agents immobiliers,0,10,moyen
Q00737,NDEMRI,Question éclair : Quel type de recommandation peut être fourni après analyse ?,Conseils de traitement et de pratiques agricoles,Conseils de programmation uniquement,Conseils fiscaux uniquement,Conseils de voyage,0,10,moyen
Q00738,NDEMRI,Question éclair : Quel objectif général est associé à NDEMRI ?,Améliorer la productivité agricole,Créer des jeux vidéo,Gérer des parkings,Scanner des livres,0,10,moyen
Q00739,NDEMRI,Question éclair : NDEMRI combine notamment agriculture et…,IA/ML,Blockchain uniquement,Bluetooth uniquement,Impression papier,0,10,moyen
Q00740,NDEMRI,Question éclair : Quel problème agricole NDEMRI cherche-t-il à aider à traiter ?,Dégradation des sols,Panne des smartphones,Manque de places de parking,Lenteur des imprimantes,0,10,moyen
Q00741,NDEMRI,Question éclair : Quelle contrainte locale motive une partie de la conception de NDEMRI ?,Connectivité Internet instable,Absence totale d'électricité partout,Absence de téléphones,Interdiction des smartphones,0,10,moyen
Q00742,NDEMRI,Question éclair : NDEMRI a été présenté dans quel type de compétition ?,Agritech Innovation Challenge,Concours de musique,Tournoi de football,Salon automobile,0,10,moyen
Q00743,NDEMRI,Question éclair : Quelle approche rend NDEMRI utile aux agriculteurs ?,Des recommandations adaptées au contexte agricole,Des fonctions sans rapport avec l'agriculture,Un système uniquement administratif,Un jeu de cartes,0,10,moyen
Q00744,NDEMRI,Question éclair : Quel capteur peut compléter l'analyse agricole ?,Un capteur installé dans le sol,Une manette de jeu,Une webcam de salle,Un lecteur CD,0,10,moyen
Q00745,NDEMRI,Question éclair : Quel type de données peut être exploité pour détecter une maladie ?,Des photos de plantes,Des relevés de parking,Des tickets de cinéma,Des fichiers audio uniquement,0,10,moyen
Q00746,NDEMRI,Question éclair : NDEMRI vise notamment à aider à choisir…,Des cultures adaptées,Un opérateur téléphonique,Un système d'exploitation,Un navigateur web,0,10,moyen
Q00747,NDEMRI,Question éclair : Quel bénéfice attendu est lié à la gestion de l'eau ?,Une irrigation mieux adaptée,Une vitesse Internet plus élevée,Une meilleure qualité audio,Une batterie plus grande,0,10,moyen
Q00748,NDEMRI,Question éclair : Quel rôle l'IA joue-t-elle dans NDEMRI ?,Analyser des données et produire des prédictions/recommandations,Remplacer le téléphone,Fournir uniquement du stockage,Créer des câbles,0,10,moyen
Q00749,NDEMRI,Question éclair : Quel public est prioritairement visé ?,Les agriculteurs,Les pilotes de ligne,Les comptables uniquement,Les architectes uniquement,0,10,moyen
Q00750,NDEMRI,Question éclair : Quel contexte géographique est fortement associé au projet ?,Le Nord et l'Extrême-Nord du Cameroun,Le Canada,Le Japon,L'Australie,0,10,moyen
Q00751,NDEMRI,Pour gagner des points : Que signifie NDEMRI en fulfuldé ?,Agriculture,École,Santé,Commerce,0,10,moyen
Q00752,NDEMRI,Pour gagner des points : Quel secteur cible principalement NDEMRI ?,Agriculture,Banque,Transport,Tourisme,0,10,moyen
Q00753,NDEMRI,Pour gagner des points : Quelle technologie est au cœur de NDEMRI ?,Intelligence artificielle,Radio analogique uniquement,Télévision,Impression 3D uniquement,0,10,moyen
Q00754,NDEMRI,Pour gagner des points : Que peut analyser NDEMRI concernant le sol ?,La qualité du sol,La vitesse d'un véhicule,La température d'un serveur,Le prix d'un smartphone,0,10,moyen
Q00755,NDEMRI,Pour gagner des points : Quelle fonctionnalité concerne les plantes ?,Détection des maladies,Traduction automatique uniquement,Paiement mobile,Gestion de billets,0,10,moyen
Q00756,NDEMRI,Pour gagner des points : Quel type d'image peut servir à l'analyse de NDEMRI ?,Image capturée avec un smartphone,Image satellite obligatoire uniquement,Scan de passeport,Photo de facture,0,10,moyen
Q00757,NDEMRI,Pour gagner des points : Quel modèle est utilisé pour estimer des paramètres du sol ?,Un modèle de machine learning,Un tableur sans modèle,Un lecteur PDF,Un antivirus,0,10,moyen
Q00758,NDEMRI,Pour gagner des points : Quel conseil agricole NDEMRI peut-il fournir ?,Recommandations d'irrigation,Réservation d'hôtel,Réparation automobile,Billetterie aérienne,0,10,moyen
Q00759,NDEMRI,Pour gagner des points : Pourquoi NDEMRI est-il particulièrement pertinent dans le Nord-Cameroun ?,Il répond à des contraintes agricoles et de connectivité locales,Il ne fonctionne qu'en laboratoire,Il cible uniquement les banques,Il nécessite un supercalculateur local,0,10,moyen
Q00760,NDEMRI,Pour gagner des points : Quelle fonctionnalité communautaire est associée à NDEMRI ?,Partage d'expériences entre agriculteurs,Réseau social de gamers uniquement,Vente de billets,Streaming musical,0,10,moyen
Q00761,NDEMRI,Pour gagner des points : Qui peut apporter un suivi expert dans NDEMRI ?,Des spécialistes du sol et des maladies des plantes,Des contrôleurs aériens,Des chauffeurs,Des agents immobiliers,0,10,moyen
Q00762,NDEMRI,Pour gagner des points : Quel type de recommandation peut être fourni après analyse ?,Conseils de traitement et de pratiques agricoles,Conseils de programmation uniquement,Conseils fiscaux uniquement,Conseils de voyage,0,10,moyen
Q00763,NDEMRI,Pour gagner des points : Quel objectif général est associé à NDEMRI ?,Améliorer la productivité agricole,Créer des jeux vidéo,Gérer des parkings,Scanner des livres,0,10,moyen
Q00764,NDEMRI,Pour gagner des points : NDEMRI combine notamment agriculture et…,IA/ML,Blockchain uniquement,Bluetooth uniquement,Impression papier,0,10,moyen
Q00765,NDEMRI,Pour gagner des points : Quel problème agricole NDEMRI cherche-t-il à aider à traiter ?,Dégradation des sols,Panne des smartphones,Manque de places de parking,Lenteur des imprimantes,0,10,moyen
Q00766,NDEMRI,Pour gagner des points : Quelle contrainte locale motive une partie de la conception de NDEMRI ?,Connectivité Internet instable,Absence totale d'électricité partout,Absence de téléphones,Interdiction des smartphones,0,10,moyen
Q00767,NDEMRI,Pour gagner des points : NDEMRI a été présenté dans quel type de compétition ?,Agritech Innovation Challenge,Concours de musique,Tournoi de football,Salon automobile,0,10,moyen
Q00768,NDEMRI,Pour gagner des points : Quelle approche rend NDEMRI utile aux agriculteurs ?,Des recommandations adaptées au contexte agricole,Des fonctions sans rapport avec l'agriculture,Un système uniquement administratif,Un jeu de cartes,0,10,moyen
Q00769,NDEMRI,Pour gagner des points : Quel capteur peut compléter l'analyse agricole ?,Un capteur installé dans le sol,Une manette de jeu,Une webcam de salle,Un lecteur CD,0,10,moyen
Q00770,NDEMRI,Pour gagner des points : Quel type de données peut être exploité pour détecter une maladie ?,Des photos de plantes,Des relevés de parking,Des tickets de cinéma,Des fichiers audio uniquement,0,10,moyen
Q00771,NDEMRI,Pour gagner des points : NDEMRI vise notamment à aider à choisir…,Des cultures adaptées,Un opérateur téléphonique,Un système d'exploitation,Un navigateur web,0,10,moyen
Q00772,NDEMRI,Pour gagner des points : Quel bénéfice attendu est lié à la gestion de l'eau ?,Une irrigation mieux adaptée,Une vitesse Internet plus élevée,Une meilleure qualité audio,Une batterie plus grande,0,10,moyen
Q00773,NDEMRI,Pour gagner des points : Quel rôle l'IA joue-t-elle dans NDEMRI ?,Analyser des données et produire des prédictions/recommandations,Remplacer le téléphone,Fournir uniquement du stockage,Créer des câbles,0,10,moyen
Q00774,NDEMRI,Pour gagner des points : Quel public est prioritairement visé ?,Les agriculteurs,Les pilotes de ligne,Les comptables uniquement,Les architectes uniquement,0,10,moyen
Q00775,NDEMRI,Pour gagner des points : Quel contexte géographique est fortement associé au projet ?,Le Nord et l'Extrême-Nord du Cameroun,Le Canada,Le Japon,L'Australie,0,10,moyen
Q00776,NDEMRI,À l'exposition : Que signifie NDEMRI en fulfuldé ?,Agriculture,École,Santé,Commerce,0,10,moyen
Q00777,NDEMRI,À l'exposition : Quel secteur cible principalement NDEMRI ?,Agriculture,Banque,Transport,Tourisme,0,10,moyen
Q00778,NDEMRI,À l'exposition : Quelle technologie est au cœur de NDEMRI ?,Intelligence artificielle,Radio analogique uniquement,Télévision,Impression 3D uniquement,0,10,moyen
Q00779,NDEMRI,À l'exposition : Que peut analyser NDEMRI concernant le sol ?,La qualité du sol,La vitesse d'un véhicule,La température d'un serveur,Le prix d'un smartphone,0,10,moyen
Q00780,NDEMRI,À l'exposition : Quelle fonctionnalité concerne les plantes ?,Détection des maladies,Traduction automatique uniquement,Paiement mobile,Gestion de billets,0,10,moyen
Q00781,NDEMRI,À l'exposition : Quel type d'image peut servir à l'analyse de NDEMRI ?,Image capturée avec un smartphone,Image satellite obligatoire uniquement,Scan de passeport,Photo de facture,0,10,moyen
Q00782,NDEMRI,À l'exposition : Quel modèle est utilisé pour estimer des paramètres du sol ?,Un modèle de machine learning,Un tableur sans modèle,Un lecteur PDF,Un antivirus,0,10,moyen
Q00783,NDEMRI,À l'exposition : Quel conseil agricole NDEMRI peut-il fournir ?,Recommandations d'irrigation,Réservation d'hôtel,Réparation automobile,Billetterie aérienne,0,10,moyen
Q00784,NDEMRI,À l'exposition : Pourquoi NDEMRI est-il particulièrement pertinent dans le Nord-Cameroun ?,Il répond à des contraintes agricoles et de connectivité locales,Il ne fonctionne qu'en laboratoire,Il cible uniquement les banques,Il nécessite un supercalculateur local,0,10,moyen
Q00785,NDEMRI,À l'exposition : Quelle fonctionnalité communautaire est associée à NDEMRI ?,Partage d'expériences entre agriculteurs,Réseau social de gamers uniquement,Vente de billets,Streaming musical,0,10,moyen
Q00786,NDEMRI,À l'exposition : Qui peut apporter un suivi expert dans NDEMRI ?,Des spécialistes du sol et des maladies des plantes,Des contrôleurs aériens,Des chauffeurs,Des agents immobiliers,0,10,moyen
Q00787,NDEMRI,À l'exposition : Quel type de recommandation peut être fourni après analyse ?,Conseils de traitement et de pratiques agricoles,Conseils de programmation uniquement,Conseils fiscaux uniquement,Conseils de voyage,0,10,moyen
Q00788,NDEMRI,À l'exposition : Quel objectif général est associé à NDEMRI ?,Améliorer la productivité agricole,Créer des jeux vidéo,Gérer des parkings,Scanner des livres,0,10,moyen
Q00789,NDEMRI,À l'exposition : NDEMRI combine notamment agriculture et…,IA/ML,Blockchain uniquement,Bluetooth uniquement,Impression papier,0,10,moyen
Q00790,NDEMRI,À l'exposition : Quel problème agricole NDEMRI cherche-t-il à aider à traiter ?,Dégradation des sols,Panne des smartphones,Manque de places de parking,Lenteur des imprimantes,0,10,moyen
Q00791,NDEMRI,À l'exposition : Quelle contrainte locale motive une partie de la conception de NDEMRI ?,Connectivité Internet instable,Absence totale d'électricité partout,Absence de téléphones,Interdiction des smartphones,0,10,moyen
Q00792,NDEMRI,À l'exposition : NDEMRI a été présenté dans quel type de compétition ?,Agritech Innovation Challenge,Concours de musique,Tournoi de football,Salon automobile,0,10,moyen
Q00793,NDEMRI,À l'exposition : Quelle approche rend NDEMRI utile aux agriculteurs ?,Des recommandations adaptées au contexte agricole,Des fonctions sans rapport avec l'agriculture,Un système uniquement administratif,Un jeu de cartes,0,10,moyen
Q00794,NDEMRI,À l'exposition : Quel capteur peut compléter l'analyse agricole ?,Un capteur installé dans le sol,Une manette de jeu,Une webcam de salle,Un lecteur CD,0,10,moyen
Q00795,NDEMRI,À l'exposition : Quel type de données peut être exploité pour détecter une maladie ?,Des photos de plantes,Des relevés de parking,Des tickets de cinéma,Des fichiers audio uniquement,0,10,moyen
Q00796,NDEMRI,À l'exposition : NDEMRI vise notamment à aider à choisir…,Des cultures adaptées,Un opérateur téléphonique,Un système d'exploitation,Un navigateur web,0,10,moyen
Q00797,NDEMRI,À l'exposition : Quel bénéfice attendu est lié à la gestion de l'eau ?,Une irrigation mieux adaptée,Une vitesse Internet plus élevée,Une meilleure qualité audio,Une batterie plus grande,0,10,moyen
Q00798,NDEMRI,À l'exposition : Quel rôle l'IA joue-t-elle dans NDEMRI ?,Analyser des données et produire des prédictions/recommandations,Remplacer le téléphone,Fournir uniquement du stockage,Créer des câbles,0,10,moyen
Q00799,NDEMRI,À l'exposition : Quel public est prioritairement visé ?,Les agriculteurs,Les pilotes de ligne,Les comptables uniquement,Les architectes uniquement,0,10,moyen
Q00800,NDEMRI,À l'exposition : Quel contexte géographique est fortement associé au projet ?,Le Nord et l'Extrême-Nord du Cameroun,Le Canada,Le Japon,L'Australie,0,10,moyen
Q00801,NDEMRI,Défi numérique : Que signifie NDEMRI en fulfuldé ?,Agriculture,École,Santé,Commerce,0,10,moyen
Q00802,NDEMRI,Défi numérique : Quel secteur cible principalement NDEMRI ?,Agriculture,Banque,Transport,Tourisme,0,10,moyen
Q00803,NDEMRI,Défi numérique : Quelle technologie est au cœur de NDEMRI ?,Intelligence artificielle,Radio analogique uniquement,Télévision,Impression 3D uniquement,0,10,moyen
Q00804,NDEMRI,Défi numérique : Que peut analyser NDEMRI concernant le sol ?,La qualité du sol,La vitesse d'un véhicule,La température d'un serveur,Le prix d'un smartphone,0,10,moyen
Q00805,NDEMRI,Défi numérique : Quelle fonctionnalité concerne les plantes ?,Détection des maladies,Traduction automatique uniquement,Paiement mobile,Gestion de billets,0,10,moyen
Q00806,NDEMRI,Défi numérique : Quel type d'image peut servir à l'analyse de NDEMRI ?,Image capturée avec un smartphone,Image satellite obligatoire uniquement,Scan de passeport,Photo de facture,0,10,moyen
Q00807,NDEMRI,Défi numérique : Quel modèle est utilisé pour estimer des paramètres du sol ?,Un modèle de machine learning,Un tableur sans modèle,Un lecteur PDF,Un antivirus,0,10,moyen
Q00808,NDEMRI,Défi numérique : Quel conseil agricole NDEMRI peut-il fournir ?,Recommandations d'irrigation,Réservation d'hôtel,Réparation automobile,Billetterie aérienne,0,10,moyen
Q00809,NDEMRI,Défi numérique : Pourquoi NDEMRI est-il particulièrement pertinent dans le Nord-Cameroun ?,Il répond à des contraintes agricoles et de connectivité locales,Il ne fonctionne qu'en laboratoire,Il cible uniquement les banques,Il nécessite un supercalculateur local,0,10,moyen
Q00810,NDEMRI,Défi numérique : Quelle fonctionnalité communautaire est associée à NDEMRI ?,Partage d'expériences entre agriculteurs,Réseau social de gamers uniquement,Vente de billets,Streaming musical,0,10,moyen
Q00811,NDEMRI,Défi numérique : Qui peut apporter un suivi expert dans NDEMRI ?,Des spécialistes du sol et des maladies des plantes,Des contrôleurs aériens,Des chauffeurs,Des agents immobiliers,0,10,moyen
Q00812,NDEMRI,Défi numérique : Quel type de recommandation peut être fourni après analyse ?,Conseils de traitement et de pratiques agricoles,Conseils de programmation uniquement,Conseils fiscaux uniquement,Conseils de voyage,0,10,moyen
Q00813,NDEMRI,Défi numérique : Quel objectif général est associé à NDEMRI ?,Améliorer la productivité agricole,Créer des jeux vidéo,Gérer des parkings,Scanner des livres,0,10,moyen
Q00814,NDEMRI,Défi numérique : NDEMRI combine notamment agriculture et…,IA/ML,Blockchain uniquement,Bluetooth uniquement,Impression papier,0,10,moyen
Q00815,NDEMRI,Défi numérique : Quel problème agricole NDEMRI cherche-t-il à aider à traiter ?,Dégradation des sols,Panne des smartphones,Manque de places de parking,Lenteur des imprimantes,0,10,moyen
Q00816,NDEMRI,Défi numérique : Quelle contrainte locale motive une partie de la conception de NDEMRI ?,Connectivité Internet instable,Absence totale d'électricité partout,Absence de téléphones,Interdiction des smartphones,0,10,moyen
Q00817,NDEMRI,Défi numérique : NDEMRI a été présenté dans quel type de compétition ?,Agritech Innovation Challenge,Concours de musique,Tournoi de football,Salon automobile,0,10,moyen
Q00818,NDEMRI,Défi numérique : Quelle approche rend NDEMRI utile aux agriculteurs ?,Des recommandations adaptées au contexte agricole,Des fonctions sans rapport avec l'agriculture,Un système uniquement administratif,Un jeu de cartes,0,10,moyen
Q00819,NDEMRI,Défi numérique : Quel capteur peut compléter l'analyse agricole ?,Un capteur installé dans le sol,Une manette de jeu,Une webcam de salle,Un lecteur CD,0,10,moyen
Q00820,NDEMRI,Défi numérique : Quel type de données peut être exploité pour détecter une maladie ?,Des photos de plantes,Des relevés de parking,Des tickets de cinéma,Des fichiers audio uniquement,0,10,moyen
Q00821,NDEMRI,Défi numérique : NDEMRI vise notamment à aider à choisir…,Des cultures adaptées,Un opérateur téléphonique,Un système d'exploitation,Un navigateur web,0,10,moyen
Q00822,NDEMRI,Défi numérique : Quel bénéfice attendu est lié à la gestion de l'eau ?,Une irrigation mieux adaptée,Une vitesse Internet plus élevée,Une meilleure qualité audio,Une batterie plus grande,0,10,moyen
Q00823,NDEMRI,Défi numérique : Quel rôle l'IA joue-t-elle dans NDEMRI ?,Analyser des données et produire des prédictions/recommandations,Remplacer le téléphone,Fournir uniquement du stockage,Créer des câbles,0,10,moyen
Q00824,NDEMRI,Défi numérique : Quel public est prioritairement visé ?,Les agriculteurs,Les pilotes de ligne,Les comptables uniquement,Les architectes uniquement,0,10,moyen
Q00825,NDEMRI,Défi numérique : Quel contexte géographique est fortement associé au projet ?,Le Nord et l'Extrême-Nord du Cameroun,Le Canada,Le Japon,L'Australie,0,10,moyen
Q00826,NDEMRI,À votre avis : Que signifie NDEMRI en fulfuldé ?,Agriculture,École,Santé,Commerce,0,10,difficile
Q00827,NDEMRI,À votre avis : Quel secteur cible principalement NDEMRI ?,Agriculture,Banque,Transport,Tourisme,0,10,difficile
Q00828,NDEMRI,À votre avis : Quelle technologie est au cœur de NDEMRI ?,Intelligence artificielle,Radio analogique uniquement,Télévision,Impression 3D uniquement,0,10,difficile
Q00829,NDEMRI,À votre avis : Que peut analyser NDEMRI concernant le sol ?,La qualité du sol,La vitesse d'un véhicule,La température d'un serveur,Le prix d'un smartphone,0,10,difficile
Q00830,NDEMRI,À votre avis : Quelle fonctionnalité concerne les plantes ?,Détection des maladies,Traduction automatique uniquement,Paiement mobile,Gestion de billets,0,10,difficile
Q00831,NDEMRI,À votre avis : Quel type d'image peut servir à l'analyse de NDEMRI ?,Image capturée avec un smartphone,Image satellite obligatoire uniquement,Scan de passeport,Photo de facture,0,10,difficile
Q00832,NDEMRI,À votre avis : Quel modèle est utilisé pour estimer des paramètres du sol ?,Un modèle de machine learning,Un tableur sans modèle,Un lecteur PDF,Un antivirus,0,10,difficile
Q00833,NDEMRI,À votre avis : Quel conseil agricole NDEMRI peut-il fournir ?,Recommandations d'irrigation,Réservation d'hôtel,Réparation automobile,Billetterie aérienne,0,10,difficile
Q00834,NDEMRI,À votre avis : Pourquoi NDEMRI est-il particulièrement pertinent dans le Nord-Cameroun ?,Il répond à des contraintes agricoles et de connectivité locales,Il ne fonctionne qu'en laboratoire,Il cible uniquement les banques,Il nécessite un supercalculateur local,0,10,difficile
Q00835,NDEMRI,À votre avis : Quelle fonctionnalité communautaire est associée à NDEMRI ?,Partage d'expériences entre agriculteurs,Réseau social de gamers uniquement,Vente de billets,Streaming musical,0,10,difficile
Q00836,NDEMRI,À votre avis : Qui peut apporter un suivi expert dans NDEMRI ?,Des spécialistes du sol et des maladies des plantes,Des contrôleurs aériens,Des chauffeurs,Des agents immobiliers,0,10,difficile
Q00837,NDEMRI,À votre avis : Quel type de recommandation peut être fourni après analyse ?,Conseils de traitement et de pratiques agricoles,Conseils de programmation uniquement,Conseils fiscaux uniquement,Conseils de voyage,0,10,difficile
Q00838,NDEMRI,À votre avis : Quel objectif général est associé à NDEMRI ?,Améliorer la productivité agricole,Créer des jeux vidéo,Gérer des parkings,Scanner des livres,0,10,difficile
Q00839,NDEMRI,À votre avis : NDEMRI combine notamment agriculture et…,IA/ML,Blockchain uniquement,Bluetooth uniquement,Impression papier,0,10,difficile
Q00840,NDEMRI,À votre avis : Quel problème agricole NDEMRI cherche-t-il à aider à traiter ?,Dégradation des sols,Panne des smartphones,Manque de places de parking,Lenteur des imprimantes,0,10,difficile
Q00841,NDEMRI,À votre avis : Quelle contrainte locale motive une partie de la conception de NDEMRI ?,Connectivité Internet instable,Absence totale d'électricité partout,Absence de téléphones,Interdiction des smartphones,0,10,difficile
Q00842,NDEMRI,À votre avis : NDEMRI a été présenté dans quel type de compétition ?,Agritech Innovation Challenge,Concours de musique,Tournoi de football,Salon automobile,0,10,difficile
Q00843,NDEMRI,À votre avis : Quelle approche rend NDEMRI utile aux agriculteurs ?,Des recommandations adaptées au contexte agricole,Des fonctions sans rapport avec l'agriculture,Un système uniquement administratif,Un jeu de cartes,0,10,difficile
Q00844,NDEMRI,À votre avis : Quel capteur peut compléter l'analyse agricole ?,Un capteur installé dans le sol,Une manette de jeu,Une webcam de salle,Un lecteur CD,0,10,difficile
Q00845,NDEMRI,À votre avis : Quel type de données peut être exploité pour détecter une maladie ?,Des photos de plantes,Des relevés de parking,Des tickets de cinéma,Des fichiers audio uniquement,0,10,difficile
Q00846,NDEMRI,À votre avis : NDEMRI vise notamment à aider à choisir…,Des cultures adaptées,Un opérateur téléphonique,Un système d'exploitation,Un navigateur web,0,10,difficile
Q00847,NDEMRI,À votre avis : Quel bénéfice attendu est lié à la gestion de l'eau ?,Une irrigation mieux adaptée,Une vitesse Internet plus élevée,Une meilleure qualité audio,Une batterie plus grande,0,10,difficile
Q00848,NDEMRI,À votre avis : Quel rôle l'IA joue-t-elle dans NDEMRI ?,Analyser des données et produire des prédictions/recommandations,Remplacer le téléphone,Fournir uniquement du stockage,Créer des câbles,0,10,difficile
Q00849,NDEMRI,À votre avis : Quel public est prioritairement visé ?,Les agriculteurs,Les pilotes de ligne,Les comptables uniquement,Les architectes uniquement,0,10,difficile
Q00850,NDEMRI,À votre avis : Quel contexte géographique est fortement associé au projet ?,Le Nord et l'Extrême-Nord du Cameroun,Le Canada,Le Japon,L'Australie,0,10,difficile
Q00851,NDEMRI,Niveau quiz : Que signifie NDEMRI en fulfuldé ?,Agriculture,École,Santé,Commerce,0,10,difficile
Q00852,NDEMRI,Niveau quiz : Quel secteur cible principalement NDEMRI ?,Agriculture,Banque,Transport,Tourisme,0,10,difficile
Q00853,NDEMRI,Niveau quiz : Quelle technologie est au cœur de NDEMRI ?,Intelligence artificielle,Radio analogique uniquement,Télévision,Impression 3D uniquement,0,10,difficile
Q00854,NDEMRI,Niveau quiz : Que peut analyser NDEMRI concernant le sol ?,La qualité du sol,La vitesse d'un véhicule,La température d'un serveur,Le prix d'un smartphone,0,10,difficile
Q00855,NDEMRI,Niveau quiz : Quelle fonctionnalité concerne les plantes ?,Détection des maladies,Traduction automatique uniquement,Paiement mobile,Gestion de billets,0,10,difficile
Q00856,NDEMRI,Niveau quiz : Quel type d'image peut servir à l'analyse de NDEMRI ?,Image capturée avec un smartphone,Image satellite obligatoire uniquement,Scan de passeport,Photo de facture,0,10,difficile
Q00857,NDEMRI,Niveau quiz : Quel modèle est utilisé pour estimer des paramètres du sol ?,Un modèle de machine learning,Un tableur sans modèle,Un lecteur PDF,Un antivirus,0,10,difficile
Q00858,NDEMRI,Niveau quiz : Quel conseil agricole NDEMRI peut-il fournir ?,Recommandations d'irrigation,Réservation d'hôtel,Réparation automobile,Billetterie aérienne,0,10,difficile
Q00859,NDEMRI,Niveau quiz : Pourquoi NDEMRI est-il particulièrement pertinent dans le Nord-Cameroun ?,Il répond à des contraintes agricoles et de connectivité locales,Il ne fonctionne qu'en laboratoire,Il cible uniquement les banques,Il nécessite un supercalculateur local,0,10,difficile
Q00860,NDEMRI,Niveau quiz : Quelle fonctionnalité communautaire est associée à NDEMRI ?,Partage d'expériences entre agriculteurs,Réseau social de gamers uniquement,Vente de billets,Streaming musical,0,10,difficile
Q00861,NDEMRI,Niveau quiz : Qui peut apporter un suivi expert dans NDEMRI ?,Des spécialistes du sol et des maladies des plantes,Des contrôleurs aériens,Des chauffeurs,Des agents immobiliers,0,10,difficile
Q00862,NDEMRI,Niveau quiz : Quel type de recommandation peut être fourni après analyse ?,Conseils de traitement et de pratiques agricoles,Conseils de programmation uniquement,Conseils fiscaux uniquement,Conseils de voyage,0,10,difficile
Q00863,NDEMRI,Niveau quiz : Quel objectif général est associé à NDEMRI ?,Améliorer la productivité agricole,Créer des jeux vidéo,Gérer des parkings,Scanner des livres,0,10,difficile
Q00864,NDEMRI,Niveau quiz : NDEMRI combine notamment agriculture et…,IA/ML,Blockchain uniquement,Bluetooth uniquement,Impression papier,0,10,difficile
Q00865,NDEMRI,Niveau quiz : Quel problème agricole NDEMRI cherche-t-il à aider à traiter ?,Dégradation des sols,Panne des smartphones,Manque de places de parking,Lenteur des imprimantes,0,10,difficile
Q00866,NDEMRI,Niveau quiz : Quelle contrainte locale motive une partie de la conception de NDEMRI ?,Connectivité Internet instable,Absence totale d'électricité partout,Absence de téléphones,Interdiction des smartphones,0,10,difficile
Q00867,NDEMRI,Niveau quiz : NDEMRI a été présenté dans quel type de compétition ?,Agritech Innovation Challenge,Concours de musique,Tournoi de football,Salon automobile,0,10,difficile
Q00868,NDEMRI,Niveau quiz : Quelle approche rend NDEMRI utile aux agriculteurs ?,Des recommandations adaptées au contexte agricole,Des fonctions sans rapport avec l'agriculture,Un système uniquement administratif,Un jeu de cartes,0,10,difficile
Q00869,NDEMRI,Niveau quiz : Quel capteur peut compléter l'analyse agricole ?,Un capteur installé dans le sol,Une manette de jeu,Une webcam de salle,Un lecteur CD,0,10,difficile
Q00870,NDEMRI,Niveau quiz : Quel type de données peut être exploité pour détecter une maladie ?,Des photos de plantes,Des relevés de parking,Des tickets de cinéma,Des fichiers audio uniquement,0,10,difficile
Q00871,NDEMRI,Niveau quiz : NDEMRI vise notamment à aider à choisir…,Des cultures adaptées,Un opérateur téléphonique,Un système d'exploitation,Un navigateur web,0,10,difficile
Q00872,NDEMRI,Niveau quiz : Quel bénéfice attendu est lié à la gestion de l'eau ?,Une irrigation mieux adaptée,Une vitesse Internet plus élevée,Une meilleure qualité audio,Une batterie plus grande,0,10,difficile
Q00873,NDEMRI,Niveau quiz : Quel rôle l'IA joue-t-elle dans NDEMRI ?,Analyser des données et produire des prédictions/recommandations,Remplacer le téléphone,Fournir uniquement du stockage,Créer des câbles,0,10,difficile
Q00874,NDEMRI,Niveau quiz : Quel public est prioritairement visé ?,Les agriculteurs,Les pilotes de ligne,Les comptables uniquement,Les architectes uniquement,0,10,difficile
Q00875,NDEMRI,Niveau quiz : Quel contexte géographique est fortement associé au projet ?,Le Nord et l'Extrême-Nord du Cameroun,Le Canada,Le Japon,L'Australie,0,10,difficile
Q00876,NDEMRI,Question suivante : Que signifie NDEMRI en fulfuldé ?,Agriculture,École,Santé,Commerce,0,10,difficile
Q00877,NDEMRI,Question suivante : Quel secteur cible principalement NDEMRI ?,Agriculture,Banque,Transport,Tourisme,0,10,difficile
Q00878,NDEMRI,Question suivante : Quelle technologie est au cœur de NDEMRI ?,Intelligence artificielle,Radio analogique uniquement,Télévision,Impression 3D uniquement,0,10,difficile
Q00879,NDEMRI,Question suivante : Que peut analyser NDEMRI concernant le sol ?,La qualité du sol,La vitesse d'un véhicule,La température d'un serveur,Le prix d'un smartphone,0,10,difficile
Q00880,NDEMRI,Question suivante : Quelle fonctionnalité concerne les plantes ?,Détection des maladies,Traduction automatique uniquement,Paiement mobile,Gestion de billets,0,10,difficile
Q00881,NDEMRI,Question suivante : Quel type d'image peut servir à l'analyse de NDEMRI ?,Image capturée avec un smartphone,Image satellite obligatoire uniquement,Scan de passeport,Photo de facture,0,10,difficile
Q00882,NDEMRI,Question suivante : Quel modèle est utilisé pour estimer des paramètres du sol ?,Un modèle de machine learning,Un tableur sans modèle,Un lecteur PDF,Un antivirus,0,10,difficile
Q00883,NDEMRI,Question suivante : Quel conseil agricole NDEMRI peut-il fournir ?,Recommandations d'irrigation,Réservation d'hôtel,Réparation automobile,Billetterie aérienne,0,10,difficile
Q00884,NDEMRI,Question suivante : Pourquoi NDEMRI est-il particulièrement pertinent dans le Nord-Cameroun ?,Il répond à des contraintes agricoles et de connectivité locales,Il ne fonctionne qu'en laboratoire,Il cible uniquement les banques,Il nécessite un supercalculateur local,0,10,difficile
Q00885,NDEMRI,Question suivante : Quelle fonctionnalité communautaire est associée à NDEMRI ?,Partage d'expériences entre agriculteurs,Réseau social de gamers uniquement,Vente de billets,Streaming musical,0,10,difficile
Q00886,NDEMRI,Question suivante : Qui peut apporter un suivi expert dans NDEMRI ?,Des spécialistes du sol et des maladies des plantes,Des contrôleurs aériens,Des chauffeurs,Des agents immobiliers,0,10,difficile
Q00887,NDEMRI,Question suivante : Quel type de recommandation peut être fourni après analyse ?,Conseils de traitement et de pratiques agricoles,Conseils de programmation uniquement,Conseils fiscaux uniquement,Conseils de voyage,0,10,difficile
Q00888,NDEMRI,Question suivante : Quel objectif général est associé à NDEMRI ?,Améliorer la productivité agricole,Créer des jeux vidéo,Gérer des parkings,Scanner des livres,0,10,difficile
Q00889,NDEMRI,Question suivante : NDEMRI combine notamment agriculture et…,IA/ML,Blockchain uniquement,Bluetooth uniquement,Impression papier,0,10,difficile
Q00890,NDEMRI,Question suivante : Quel problème agricole NDEMRI cherche-t-il à aider à traiter ?,Dégradation des sols,Panne des smartphones,Manque de places de parking,Lenteur des imprimantes,0,10,difficile
Q00891,NDEMRI,Question suivante : Quelle contrainte locale motive une partie de la conception de NDEMRI ?,Connectivité Internet instable,Absence totale d'électricité partout,Absence de téléphones,Interdiction des smartphones,0,10,difficile
Q00892,NDEMRI,Question suivante : NDEMRI a été présenté dans quel type de compétition ?,Agritech Innovation Challenge,Concours de musique,Tournoi de football,Salon automobile,0,10,difficile
Q00893,NDEMRI,Question suivante : Quelle approche rend NDEMRI utile aux agriculteurs ?,Des recommandations adaptées au contexte agricole,Des fonctions sans rapport avec l'agriculture,Un système uniquement administratif,Un jeu de cartes,0,10,difficile
Q00894,NDEMRI,Question suivante : Quel capteur peut compléter l'analyse agricole ?,Un capteur installé dans le sol,Une manette de jeu,Une webcam de salle,Un lecteur CD,0,10,difficile
Q00895,NDEMRI,Question suivante : Quel type de données peut être exploité pour détecter une maladie ?,Des photos de plantes,Des relevés de parking,Des tickets de cinéma,Des fichiers audio uniquement,0,10,difficile
Q00896,NDEMRI,Question suivante : NDEMRI vise notamment à aider à choisir…,Des cultures adaptées,Un opérateur téléphonique,Un système d'exploitation,Un navigateur web,0,10,difficile
Q00897,NDEMRI,Question suivante : Quel bénéfice attendu est lié à la gestion de l'eau ?,Une irrigation mieux adaptée,Une vitesse Internet plus élevée,Une meilleure qualité audio,Une batterie plus grande,0,10,difficile
Q00898,NDEMRI,Question suivante : Quel rôle l'IA joue-t-elle dans NDEMRI ?,Analyser des données et produire des prédictions/recommandations,Remplacer le téléphone,Fournir uniquement du stockage,Créer des câbles,0,10,difficile
Q00899,NDEMRI,Question suivante : Quel public est prioritairement visé ?,Les agriculteurs,Les pilotes de ligne,Les comptables uniquement,Les architectes uniquement,0,10,difficile
Q00900,NDEMRI,Question suivante : Quel contexte géographique est fortement associé au projet ?,Le Nord et l'Extrême-Nord du Cameroun,Le Canada,Le Japon,L'Australie,0,10,difficile
Q00901,NDEMRI,Challenge visiteurs : Que signifie NDEMRI en fulfuldé ?,Agriculture,École,Santé,Commerce,0,10,difficile
Q00902,NDEMRI,Challenge visiteurs : Quel secteur cible principalement NDEMRI ?,Agriculture,Banque,Transport,Tourisme,0,10,difficile
Q00903,NDEMRI,Challenge visiteurs : Quelle technologie est au cœur de NDEMRI ?,Intelligence artificielle,Radio analogique uniquement,Télévision,Impression 3D uniquement,0,10,difficile
Q00904,NDEMRI,Challenge visiteurs : Que peut analyser NDEMRI concernant le sol ?,La qualité du sol,La vitesse d'un véhicule,La température d'un serveur,Le prix d'un smartphone,0,10,difficile
Q00905,NDEMRI,Challenge visiteurs : Quelle fonctionnalité concerne les plantes ?,Détection des maladies,Traduction automatique uniquement,Paiement mobile,Gestion de billets,0,10,difficile
Q00906,NDEMRI,Challenge visiteurs : Quel type d'image peut servir à l'analyse de NDEMRI ?,Image capturée avec un smartphone,Image satellite obligatoire uniquement,Scan de passeport,Photo de facture,0,10,difficile
Q00907,NDEMRI,Challenge visiteurs : Quel modèle est utilisé pour estimer des paramètres du sol ?,Un modèle de machine learning,Un tableur sans modèle,Un lecteur PDF,Un antivirus,0,10,difficile
Q00908,NDEMRI,Challenge visiteurs : Quel conseil agricole NDEMRI peut-il fournir ?,Recommandations d'irrigation,Réservation d'hôtel,Réparation automobile,Billetterie aérienne,0,10,difficile
Q00909,NDEMRI,Challenge visiteurs : Pourquoi NDEMRI est-il particulièrement pertinent dans le Nord-Cameroun ?,Il répond à des contraintes agricoles et de connectivité locales,Il ne fonctionne qu'en laboratoire,Il cible uniquement les banques,Il nécessite un supercalculateur local,0,10,difficile
Q00910,NDEMRI,Challenge visiteurs : Quelle fonctionnalité communautaire est associée à NDEMRI ?,Partage d'expériences entre agriculteurs,Réseau social de gamers uniquement,Vente de billets,Streaming musical,0,10,difficile
Q00911,NDEMRI,Challenge visiteurs : Qui peut apporter un suivi expert dans NDEMRI ?,Des spécialistes du sol et des maladies des plantes,Des contrôleurs aériens,Des chauffeurs,Des agents immobiliers,0,10,difficile
Q00912,NDEMRI,Challenge visiteurs : Quel type de recommandation peut être fourni après analyse ?,Conseils de traitement et de pratiques agricoles,Conseils de programmation uniquement,Conseils fiscaux uniquement,Conseils de voyage,0,10,difficile
Q00913,NDEMRI,Challenge visiteurs : Quel objectif général est associé à NDEMRI ?,Améliorer la productivité agricole,Créer des jeux vidéo,Gérer des parkings,Scanner des livres,0,10,difficile
Q00914,NDEMRI,Challenge visiteurs : NDEMRI combine notamment agriculture et…,IA/ML,Blockchain uniquement,Bluetooth uniquement,Impression papier,0,10,difficile
Q00915,NDEMRI,Challenge visiteurs : Quel problème agricole NDEMRI cherche-t-il à aider à traiter ?,Dégradation des sols,Panne des smartphones,Manque de places de parking,Lenteur des imprimantes,0,10,difficile
Q00916,NDEMRI,Challenge visiteurs : Quelle contrainte locale motive une partie de la conception de NDEMRI ?,Connectivité Internet instable,Absence totale d'électricité partout,Absence de téléphones,Interdiction des smartphones,0,10,difficile
Q00917,NDEMRI,Challenge visiteurs : NDEMRI a été présenté dans quel type de compétition ?,Agritech Innovation Challenge,Concours de musique,Tournoi de football,Salon automobile,0,10,difficile
Q00918,NDEMRI,Challenge visiteurs : Quelle approche rend NDEMRI utile aux agriculteurs ?,Des recommandations adaptées au contexte agricole,Des fonctions sans rapport avec l'agriculture,Un système uniquement administratif,Un jeu de cartes,0,10,difficile
Q00919,NDEMRI,Challenge visiteurs : Quel capteur peut compléter l'analyse agricole ?,Un capteur installé dans le sol,Une manette de jeu,Une webcam de salle,Un lecteur CD,0,10,difficile
Q00920,NDEMRI,Challenge visiteurs : Quel type de données peut être exploité pour détecter une maladie ?,Des photos de plantes,Des relevés de parking,Des tickets de cinéma,Des fichiers audio uniquement,0,10,difficile
Q00921,NDEMRI,Challenge visiteurs : NDEMRI vise notamment à aider à choisir…,Des cultures adaptées,Un opérateur téléphonique,Un système d'exploitation,Un navigateur web,0,10,difficile
Q00922,NDEMRI,Challenge visiteurs : Quel bénéfice attendu est lié à la gestion de l'eau ?,Une irrigation mieux adaptée,Une vitesse Internet plus élevée,Une meilleure qualité audio,Une batterie plus grande,0,10,difficile
Q00923,NDEMRI,Challenge visiteurs : Quel rôle l'IA joue-t-elle dans NDEMRI ?,Analyser des données et produire des prédictions/recommandations,Remplacer le téléphone,Fournir uniquement du stockage,Créer des câbles,0,10,difficile
Q00924,NDEMRI,Challenge visiteurs : Quel public est prioritairement visé ?,Les agriculteurs,Les pilotes de ligne,Les comptables uniquement,Les architectes uniquement,0,10,difficile
Q00925,NDEMRI,Challenge visiteurs : Quel contexte géographique est fortement associé au projet ?,Le Nord et l'Extrême-Nord du Cameroun,Le Canada,Le Japon,L'Australie,0,10,difficile
Q00926,NDEMRI,Mode compétition : Que signifie NDEMRI en fulfuldé ?,Agriculture,École,Santé,Commerce,0,10,difficile
Q00927,NDEMRI,Mode compétition : Quel secteur cible principalement NDEMRI ?,Agriculture,Banque,Transport,Tourisme,0,10,difficile
Q00928,NDEMRI,Mode compétition : Quelle technologie est au cœur de NDEMRI ?,Intelligence artificielle,Radio analogique uniquement,Télévision,Impression 3D uniquement,0,10,difficile
Q00929,NDEMRI,Mode compétition : Que peut analyser NDEMRI concernant le sol ?,La qualité du sol,La vitesse d'un véhicule,La température d'un serveur,Le prix d'un smartphone,0,10,difficile
Q00930,NDEMRI,Mode compétition : Quelle fonctionnalité concerne les plantes ?,Détection des maladies,Traduction automatique uniquement,Paiement mobile,Gestion de billets,0,10,difficile
Q00931,NDEMRI,Mode compétition : Quel type d'image peut servir à l'analyse de NDEMRI ?,Image capturée avec un smartphone,Image satellite obligatoire uniquement,Scan de passeport,Photo de facture,0,10,difficile
Q00932,NDEMRI,Mode compétition : Quel modèle est utilisé pour estimer des paramètres du sol ?,Un modèle de machine learning,Un tableur sans modèle,Un lecteur PDF,Un antivirus,0,10,difficile
Q00933,NDEMRI,Mode compétition : Quel conseil agricole NDEMRI peut-il fournir ?,Recommandations d'irrigation,Réservation d'hôtel,Réparation automobile,Billetterie aérienne,0,10,difficile
Q00934,NDEMRI,Mode compétition : Pourquoi NDEMRI est-il particulièrement pertinent dans le Nord-Cameroun ?,Il répond à des contraintes agricoles et de connectivité locales,Il ne fonctionne qu'en laboratoire,Il cible uniquement les banques,Il nécessite un supercalculateur local,0,10,difficile
Q00935,NDEMRI,Mode compétition : Quelle fonctionnalité communautaire est associée à NDEMRI ?,Partage d'expériences entre agriculteurs,Réseau social de gamers uniquement,Vente de billets,Streaming musical,0,10,difficile
Q00936,NDEMRI,Mode compétition : Qui peut apporter un suivi expert dans NDEMRI ?,Des spécialistes du sol et des maladies des plantes,Des contrôleurs aériens,Des chauffeurs,Des agents immobiliers,0,10,difficile
Q00937,NDEMRI,Mode compétition : Quel type de recommandation peut être fourni après analyse ?,Conseils de traitement et de pratiques agricoles,Conseils de programmation uniquement,Conseils fiscaux uniquement,Conseils de voyage,0,10,difficile
Q00938,NDEMRI,Mode compétition : Quel objectif général est associé à NDEMRI ?,Améliorer la productivité agricole,Créer des jeux vidéo,Gérer des parkings,Scanner des livres,0,10,difficile
Q00939,NDEMRI,Mode compétition : NDEMRI combine notamment agriculture et…,IA/ML,Blockchain uniquement,Bluetooth uniquement,Impression papier,0,10,difficile
Q00940,NDEMRI,Mode compétition : Quel problème agricole NDEMRI cherche-t-il à aider à traiter ?,Dégradation des sols,Panne des smartphones,Manque de places de parking,Lenteur des imprimantes,0,10,difficile
Q00941,NDEMRI,Mode compétition : Quelle contrainte locale motive une partie de la conception de NDEMRI ?,Connectivité Internet instable,Absence totale d'électricité partout,Absence de téléphones,Interdiction des smartphones,0,10,difficile
Q00942,NDEMRI,Mode compétition : NDEMRI a été présenté dans quel type de compétition ?,Agritech Innovation Challenge,Concours de musique,Tournoi de football,Salon automobile,0,10,difficile
Q00943,NDEMRI,Mode compétition : Quelle approche rend NDEMRI utile aux agriculteurs ?,Des recommandations adaptées au contexte agricole,Des fonctions sans rapport avec l'agriculture,Un système uniquement administratif,Un jeu de cartes,0,10,difficile
Q00944,NDEMRI,Mode compétition : Quel capteur peut compléter l'analyse agricole ?,Un capteur installé dans le sol,Une manette de jeu,Une webcam de salle,Un lecteur CD,0,10,difficile
Q00945,NDEMRI,Mode compétition : Quel type de données peut être exploité pour détecter une maladie ?,Des photos de plantes,Des relevés de parking,Des tickets de cinéma,Des fichiers audio uniquement,0,10,difficile
Q00946,NDEMRI,Mode compétition : NDEMRI vise notamment à aider à choisir…,Des cultures adaptées,Un opérateur téléphonique,Un système d'exploitation,Un navigateur web,0,10,difficile
Q00947,NDEMRI,Mode compétition : Quel bénéfice attendu est lié à la gestion de l'eau ?,Une irrigation mieux adaptée,Une vitesse Internet plus élevée,Une meilleure qualité audio,Une batterie plus grande,0,10,difficile
Q00948,NDEMRI,Mode compétition : Quel rôle l'IA joue-t-elle dans NDEMRI ?,Analyser des données et produire des prédictions/recommandations,Remplacer le téléphone,Fournir uniquement du stockage,Créer des câbles,0,10,difficile
Q00949,NDEMRI,Mode compétition : Quel public est prioritairement visé ?,Les agriculteurs,Les pilotes de ligne,Les comptables uniquement,Les architectes uniquement,0,10,difficile
Q00950,NDEMRI,Mode compétition : Quel contexte géographique est fortement associé au projet ?,Le Nord et l'Extrême-Nord du Cameroun,Le Canada,Le Japon,L'Australie,0,10,difficile
Q00951,NDEMRI,Question expert : Que signifie NDEMRI en fulfuldé ?,Agriculture,École,Santé,Commerce,0,10,difficile
Q00952,NDEMRI,Question expert : Quel secteur cible principalement NDEMRI ?,Agriculture,Banque,Transport,Tourisme,0,10,difficile
Q00953,NDEMRI,Question expert : Quelle technologie est au cœur de NDEMRI ?,Intelligence artificielle,Radio analogique uniquement,Télévision,Impression 3D uniquement,0,10,difficile
Q00954,NDEMRI,Question expert : Que peut analyser NDEMRI concernant le sol ?,La qualité du sol,La vitesse d'un véhicule,La température d'un serveur,Le prix d'un smartphone,0,10,difficile
Q00955,NDEMRI,Question expert : Quelle fonctionnalité concerne les plantes ?,Détection des maladies,Traduction automatique uniquement,Paiement mobile,Gestion de billets,0,10,difficile
Q00956,NDEMRI,Question expert : Quel type d'image peut servir à l'analyse de NDEMRI ?,Image capturée avec un smartphone,Image satellite obligatoire uniquement,Scan de passeport,Photo de facture,0,10,difficile
Q00957,NDEMRI,Question expert : Quel modèle est utilisé pour estimer des paramètres du sol ?,Un modèle de machine learning,Un tableur sans modèle,Un lecteur PDF,Un antivirus,0,10,difficile
Q00958,NDEMRI,Question expert : Quel conseil agricole NDEMRI peut-il fournir ?,Recommandations d'irrigation,Réservation d'hôtel,Réparation automobile,Billetterie aérienne,0,10,difficile
Q00959,NDEMRI,Question expert : Pourquoi NDEMRI est-il particulièrement pertinent dans le Nord-Cameroun ?,Il répond à des contraintes agricoles et de connectivité locales,Il ne fonctionne qu'en laboratoire,Il cible uniquement les banques,Il nécessite un supercalculateur local,0,10,difficile
Q00960,NDEMRI,Question expert : Quelle fonctionnalité communautaire est associée à NDEMRI ?,Partage d'expériences entre agriculteurs,Réseau social de gamers uniquement,Vente de billets,Streaming musical,0,10,difficile
Q00961,NDEMRI,Question expert : Qui peut apporter un suivi expert dans NDEMRI ?,Des spécialistes du sol et des maladies des plantes,Des contrôleurs aériens,Des chauffeurs,Des agents immobiliers,0,10,difficile
Q00962,NDEMRI,Question expert : Quel type de recommandation peut être fourni après analyse ?,Conseils de traitement et de pratiques agricoles,Conseils de programmation uniquement,Conseils fiscaux uniquement,Conseils de voyage,0,10,difficile
Q00963,NDEMRI,Question expert : Quel objectif général est associé à NDEMRI ?,Améliorer la productivité agricole,Créer des jeux vidéo,Gérer des parkings,Scanner des livres,0,10,difficile
Q00964,NDEMRI,Question expert : NDEMRI combine notamment agriculture et…,IA/ML,Blockchain uniquement,Bluetooth uniquement,Impression papier,0,10,difficile
Q00965,NDEMRI,Question expert : Quel problème agricole NDEMRI cherche-t-il à aider à traiter ?,Dégradation des sols,Panne des smartphones,Manque de places de parking,Lenteur des imprimantes,0,10,difficile
Q00966,NDEMRI,Question expert : Quelle contrainte locale motive une partie de la conception de NDEMRI ?,Connectivité Internet instable,Absence totale d'électricité partout,Absence de téléphones,Interdiction des smartphones,0,10,difficile
Q00967,NDEMRI,Question expert : NDEMRI a été présenté dans quel type de compétition ?,Agritech Innovation Challenge,Concours de musique,Tournoi de football,Salon automobile,0,10,difficile
Q00968,NDEMRI,Question expert : Quelle approche rend NDEMRI utile aux agriculteurs ?,Des recommandations adaptées au contexte agricole,Des fonctions sans rapport avec l'agriculture,Un système uniquement administratif,Un jeu de cartes,0,10,difficile
Q00969,NDEMRI,Question expert : Quel capteur peut compléter l'analyse agricole ?,Un capteur installé dans le sol,Une manette de jeu,Une webcam de salle,Un lecteur CD,0,10,difficile
Q00970,NDEMRI,Question expert : Quel type de données peut être exploité pour détecter une maladie ?,Des photos de plantes,Des relevés de parking,Des tickets de cinéma,Des fichiers audio uniquement,0,10,difficile
Q00971,NDEMRI,Question expert : NDEMRI vise notamment à aider à choisir…,Des cultures adaptées,Un opérateur téléphonique,Un système d'exploitation,Un navigateur web,0,10,difficile
Q00972,NDEMRI,Question expert : Quel bénéfice attendu est lié à la gestion de l'eau ?,Une irrigation mieux adaptée,Une vitesse Internet plus élevée,Une meilleure qualité audio,Une batterie plus grande,0,10,difficile
Q00973,NDEMRI,Question expert : Quel rôle l'IA joue-t-elle dans NDEMRI ?,Analyser des données et produire des prédictions/recommandations,Remplacer le téléphone,Fournir uniquement du stockage,Créer des câbles,0,10,difficile
Q00974,NDEMRI,Question expert : Quel public est prioritairement visé ?,Les agriculteurs,Les pilotes de ligne,Les comptables uniquement,Les architectes uniquement,0,10,difficile
Q00975,NDEMRI,Question expert : Quel contexte géographique est fortement associé au projet ?,Le Nord et l'Extrême-Nord du Cameroun,Le Canada,Le Japon,L'Australie,0,10,difficile
Q00976,NDEMRI,Dernier défi : Que signifie NDEMRI en fulfuldé ?,Agriculture,École,Santé,Commerce,0,10,difficile
Q00977,NDEMRI,Dernier défi : Quel secteur cible principalement NDEMRI ?,Agriculture,Banque,Transport,Tourisme,0,10,difficile
Q00978,NDEMRI,Dernier défi : Quelle technologie est au cœur de NDEMRI ?,Intelligence artificielle,Radio analogique uniquement,Télévision,Impression 3D uniquement,0,10,difficile
Q00979,NDEMRI,Dernier défi : Que peut analyser NDEMRI concernant le sol ?,La qualité du sol,La vitesse d'un véhicule,La température d'un serveur,Le prix d'un smartphone,0,10,difficile
Q00980,NDEMRI,Dernier défi : Quelle fonctionnalité concerne les plantes ?,Détection des maladies,Traduction automatique uniquement,Paiement mobile,Gestion de billets,0,10,difficile
Q00981,NDEMRI,Dernier défi : Quel type d'image peut servir à l'analyse de NDEMRI ?,Image capturée avec un smartphone,Image satellite obligatoire uniquement,Scan de passeport,Photo de facture,0,10,difficile
Q00982,NDEMRI,Dernier défi : Quel modèle est utilisé pour estimer des paramètres du sol ?,Un modèle de machine learning,Un tableur sans modèle,Un lecteur PDF,Un antivirus,0,10,difficile
Q00983,NDEMRI,Dernier défi : Quel conseil agricole NDEMRI peut-il fournir ?,Recommandations d'irrigation,Réservation d'hôtel,Réparation automobile,Billetterie aérienne,0,10,difficile
Q00984,NDEMRI,Dernier défi : Pourquoi NDEMRI est-il particulièrement pertinent dans le Nord-Cameroun ?,Il répond à des contraintes agricoles et de connectivité locales,Il ne fonctionne qu'en laboratoire,Il cible uniquement les banques,Il nécessite un supercalculateur local,0,10,difficile
Q00985,NDEMRI,Dernier défi : Quelle fonctionnalité communautaire est associée à NDEMRI ?,Partage d'expériences entre agriculteurs,Réseau social de gamers uniquement,Vente de billets,Streaming musical,0,10,difficile
Q00986,NDEMRI,Dernier défi : Qui peut apporter un suivi expert dans NDEMRI ?,Des spécialistes du sol et des maladies des plantes,Des contrôleurs aériens,Des chauffeurs,Des agents immobiliers,0,10,difficile
Q00987,NDEMRI,Dernier défi : Quel type de recommandation peut être fourni après analyse ?,Conseils de traitement et de pratiques agricoles,Conseils de programmation uniquement,Conseils fiscaux uniquement,Conseils de voyage,0,10,difficile
Q00988,NDEMRI,Dernier défi : Quel objectif général est associé à NDEMRI ?,Améliorer la productivité agricole,Créer des jeux vidéo,Gérer des parkings,Scanner des livres,0,10,difficile
Q00989,NDEMRI,Dernier défi : NDEMRI combine notamment agriculture et…,IA/ML,Blockchain uniquement,Bluetooth uniquement,Impression papier,0,10,difficile
Q00990,NDEMRI,Dernier défi : Quel problème agricole NDEMRI cherche-t-il à aider à traiter ?,Dégradation des sols,Panne des smartphones,Manque de places de parking,Lenteur des imprimantes,0,10,difficile
Q00991,NDEMRI,Dernier défi : Quelle contrainte locale motive une partie de la conception de NDEMRI ?,Connectivité Internet instable,Absence totale d'électricité partout,Absence de téléphones,Interdiction des smartphones,0,10,difficile
Q00992,NDEMRI,Dernier défi : NDEMRI a été présenté dans quel type de compétition ?,Agritech Innovation Challenge,Concours de musique,Tournoi de football,Salon automobile,0,10,difficile
Q00993,NDEMRI,Dernier défi : Quelle approche rend NDEMRI utile aux agriculteurs ?,Des recommandations adaptées au contexte agricole,Des fonctions sans rapport avec l'agriculture,Un système uniquement administratif,Un jeu de cartes,0,10,difficile
Q00994,NDEMRI,Dernier défi : Quel capteur peut compléter l'analyse agricole ?,Un capteur installé dans le sol,Une manette de jeu,Une webcam de salle,Un lecteur CD,0,10,difficile
Q00995,NDEMRI,Dernier défi : Quel type de données peut être exploité pour détecter une maladie ?,Des photos de plantes,Des relevés de parking,Des tickets de cinéma,Des fichiers audio uniquement,0,10,difficile
Q00996,NDEMRI,Dernier défi : NDEMRI vise notamment à aider à choisir…,Des cultures adaptées,Un opérateur téléphonique,Un système d'exploitation,Un navigateur web,0,10,difficile
Q00997,NDEMRI,Dernier défi : Quel bénéfice attendu est lié à la gestion de l'eau ?,Une irrigation mieux adaptée,Une vitesse Internet plus élevée,Une meilleure qualité audio,Une batterie plus grande,0,10,difficile
Q00998,NDEMRI,Dernier défi : Quel rôle l'IA joue-t-elle dans NDEMRI ?,Analyser des données et produire des prédictions/recommandations,Remplacer le téléphone,Fournir uniquement du stockage,Créer des câbles,0,10,difficile
Q00999,NDEMRI,Dernier défi : Quel public est prioritairement visé ?,Les agriculteurs,Les pilotes de ligne,Les comptables uniquement,Les architectes uniquement,0,10,difficile
Q01000,NDEMRI,Dernier défi : Quel contexte géographique est fortement associé au projet ?,Le Nord et l'Extrême-Nord du Cameroun,Le Canada,Le Japon,L'Australie,0,10,difficile
Q01001,Malloum,Quel est le principe de Malloum ?,Un tuteur éducatif génératif accessible par SMS,Une application de météo uniquement,Un jeu de course,Un antivirus,0,10,facile
Q01002,Malloum,Quel canal rend Malloum accessible sans smartphone moderne ?,SMS,Bluetooth uniquement,NFC uniquement,HDMI,0,10,facile
Q01003,Malloum,Quel type d'IA est associé à Malloum ?,IA générative,IA uniquement matérielle,IA analogique,IA sans modèle,0,10,facile
Q01004,Malloum,Quel problème Malloum cherche-t-il à réduire ?,Les limites de connectivité pour l'accès à l'apprentissage,Le manque de voitures,La consommation d'électricité des ménages,La billetterie,0,10,facile
Q01005,Malloum,Quel type de système éducatif est Malloum ?,Tuteur intelligent,Système de caisse,ERP agricole,Réseau social,0,10,facile
Q01006,Malloum,Malloum est particulièrement adapté aux environnements…,À faible connectivité,Sans utilisateurs,Uniquement hors Afrique,Avec fibre obligatoire,0,10,facile
Q01007,Malloum,Quel format de réponse est important pour un service SMS ?,Une réponse concise et adaptée au canal,Une vidéo 4K,Un fichier CAD,Une animation 3D,0,10,facile
Q01008,Malloum,Quel rôle joue l'IA générative dans Malloum ?,Générer des réponses pédagogiques contextualisées,Piloter un drone uniquement,Scanner des documents papier,Augmenter la mémoire RAM,0,10,facile
Q01009,Malloum,Quel public peut bénéficier de Malloum ?,Des apprenants,Des mécaniciens uniquement,Des pilotes uniquement,Des pêcheurs uniquement,0,10,facile
Q01010,Malloum,Quel avantage du SMS est exploité par Malloum ?,Une grande disponibilité sur les téléphones mobiles basiques,La vidéo haute définition,Le téléchargement de jeux lourds,La réalité virtuelle,0,10,facile
Q01011,Malloum,Malloum a été associé à quel type de recherche ?,Éducation et ingénierie,Mécanique automobile,Architecture des bâtiments,Chimie industrielle,0,10,facile
Q01012,Malloum,Quel prix scientifique a été associé à l'article sur Malloum ?,Best Paper Award,Prix Nobel,Ballon d'Or,Prix Goncourt,0,10,facile
Q01013,Malloum,Dans quel contexte éducatif Malloum est-il présenté ?,Apprentissage contextualisé,Jeux d'argent,Commerce international,Transport urbain,0,10,facile
Q01014,Malloum,Quel est l'intérêt d'un tuteur par SMS ?,Permettre des échanges éducatifs avec peu de données,Obliger l'utilisateur à installer un GPU,Nécessiter une fibre optique,Bloquer les téléphones basiques,0,10,facile
Q01015,Malloum,Malloum vise une IA…,Accessible et inclusive,Réservée aux data centers,Sans interaction,Exclusivement hors ligne sans réseau GSM,0,10,facile
Q01016,Malloum,Quel type de question un apprenant peut-il poser ?,Une question pédagogique,Une commande de drone militaire,Une commande bancaire obligatoire,Une réservation aérienne obligatoire,0,10,facile
Q01017,Malloum,Quelle contrainte doit être prise en compte avec les SMS ?,La longueur limitée des messages,La résolution d'écran 8K,La mémoire GPU,Le débit HDMI,0,10,facile
Q01018,Malloum,Quel principe de conception est cohérent avec Malloum ?,Contextualiser la réponse pour l'apprenant,Envoyer systématiquement des réponses longues,Ignorer le niveau de l'utilisateur,Exiger une connexion fibre,0,10,facile
Q01019,Malloum,Quel est le rôle du GSM dans une solution SMS ?,Transporter les messages mobiles,Exécuter le modèle IA,Remplacer la base de données,Créer l'interface graphique,0,10,facile
Q01020,Malloum,Malloum peut contribuer à…,L'inclusion éducative,La réparation de voitures,La fabrication de processeurs,La production d'électricité,0,10,facile
Q01021,Malloum,Quel type de contenu est généré ?,Contenu pédagogique,Plans de bâtiments uniquement,Musique uniquement,Images médicales uniquement,0,10,facile
Q01022,Malloum,Pourquoi une solution SMS peut-elle être pertinente au Cameroun ?,Le mobile est accessible dans des zones où Internet est limité,Le SMS exige la fibre,Le SMS ne fonctionne qu'en laboratoire,Les smartphones sont obligatoires,0,10,facile
Q01023,Malloum,Malloum illustre quelle approche ?,IA adaptée aux contraintes locales,Technologie sans utilisateur,IA uniquement pour les grandes villes,Système sans données,0,10,facile
Q01024,Malloum,Quel objectif est le plus cohérent avec Malloum ?,Faciliter l'accès à l'apprentissage,Automatiser les feux rouges,Gérer des stocks de pétrole,Faire du montage vidéo,0,10,facile
Q01025,Malloum,Quel terme décrit le mieux Malloum ?,Tuteur IA par SMS,Moteur de jeu 3D,Système de comptabilité,Serveur de fichiers,0,10,facile
Q01026,Malloum,Au stand MIT : Quel est le principe de Malloum ?,Un tuteur éducatif génératif accessible par SMS,Une application de météo uniquement,Un jeu de course,Un antivirus,0,10,facile
Q01027,Malloum,Au stand MIT : Quel canal rend Malloum accessible sans smartphone moderne ?,SMS,Bluetooth uniquement,NFC uniquement,HDMI,0,10,facile
Q01028,Malloum,Au stand MIT : Quel type d'IA est associé à Malloum ?,IA générative,IA uniquement matérielle,IA analogique,IA sans modèle,0,10,facile
Q01029,Malloum,Au stand MIT : Quel problème Malloum cherche-t-il à réduire ?,Les limites de connectivité pour l'accès à l'apprentissage,Le manque de voitures,La consommation d'électricité des ménages,La billetterie,0,10,facile
Q01030,Malloum,Au stand MIT : Quel type de système éducatif est Malloum ?,Tuteur intelligent,Système de caisse,ERP agricole,Réseau social,0,10,facile
Q01031,Malloum,Au stand MIT : Malloum est particulièrement adapté aux environnements…,À faible connectivité,Sans utilisateurs,Uniquement hors Afrique,Avec fibre obligatoire,0,10,facile
Q01032,Malloum,Au stand MIT : Quel format de réponse est important pour un service SMS ?,Une réponse concise et adaptée au canal,Une vidéo 4K,Un fichier CAD,Une animation 3D,0,10,facile
Q01033,Malloum,Au stand MIT : Quel rôle joue l'IA générative dans Malloum ?,Générer des réponses pédagogiques contextualisées,Piloter un drone uniquement,Scanner des documents papier,Augmenter la mémoire RAM,0,10,facile
Q01034,Malloum,Au stand MIT : Quel public peut bénéficier de Malloum ?,Des apprenants,Des mécaniciens uniquement,Des pilotes uniquement,Des pêcheurs uniquement,0,10,facile
Q01035,Malloum,Au stand MIT : Quel avantage du SMS est exploité par Malloum ?,Une grande disponibilité sur les téléphones mobiles basiques,La vidéo haute définition,Le téléchargement de jeux lourds,La réalité virtuelle,0,10,facile
Q01036,Malloum,Au stand MIT : Malloum a été associé à quel type de recherche ?,Éducation et ingénierie,Mécanique automobile,Architecture des bâtiments,Chimie industrielle,0,10,facile
Q01037,Malloum,Au stand MIT : Quel prix scientifique a été associé à l'article sur Malloum ?,Best Paper Award,Prix Nobel,Ballon d'Or,Prix Goncourt,0,10,facile
Q01038,Malloum,Au stand MIT : Dans quel contexte éducatif Malloum est-il présenté ?,Apprentissage contextualisé,Jeux d'argent,Commerce international,Transport urbain,0,10,facile
Q01039,Malloum,Au stand MIT : Quel est l'intérêt d'un tuteur par SMS ?,Permettre des échanges éducatifs avec peu de données,Obliger l'utilisateur à installer un GPU,Nécessiter une fibre optique,Bloquer les téléphones basiques,0,10,facile
Q01040,Malloum,Au stand MIT : Malloum vise une IA…,Accessible et inclusive,Réservée aux data centers,Sans interaction,Exclusivement hors ligne sans réseau GSM,0,10,facile
Q01041,Malloum,Au stand MIT : Quel type de question un apprenant peut-il poser ?,Une question pédagogique,Une commande de drone militaire,Une commande bancaire obligatoire,Une réservation aérienne obligatoire,0,10,facile
Q01042,Malloum,Au stand MIT : Quelle contrainte doit être prise en compte avec les SMS ?,La longueur limitée des messages,La résolution d'écran 8K,La mémoire GPU,Le débit HDMI,0,10,facile
Q01043,Malloum,Au stand MIT : Quel principe de conception est cohérent avec Malloum ?,Contextualiser la réponse pour l'apprenant,Envoyer systématiquement des réponses longues,Ignorer le niveau de l'utilisateur,Exiger une connexion fibre,0,10,facile
Q01044,Malloum,Au stand MIT : Quel est le rôle du GSM dans une solution SMS ?,Transporter les messages mobiles,Exécuter le modèle IA,Remplacer la base de données,Créer l'interface graphique,0,10,facile
Q01045,Malloum,Au stand MIT : Malloum peut contribuer à…,L'inclusion éducative,La réparation de voitures,La fabrication de processeurs,La production d'électricité,0,10,facile
Q01046,Malloum,Au stand MIT : Quel type de contenu est généré ?,Contenu pédagogique,Plans de bâtiments uniquement,Musique uniquement,Images médicales uniquement,0,10,facile
Q01047,Malloum,Au stand MIT : Pourquoi une solution SMS peut-elle être pertinente au Cameroun ?,Le mobile est accessible dans des zones où Internet est limité,Le SMS exige la fibre,Le SMS ne fonctionne qu'en laboratoire,Les smartphones sont obligatoires,0,10,facile
Q01048,Malloum,Au stand MIT : Malloum illustre quelle approche ?,IA adaptée aux contraintes locales,Technologie sans utilisateur,IA uniquement pour les grandes villes,Système sans données,0,10,facile
Q01049,Malloum,Au stand MIT : Quel objectif est le plus cohérent avec Malloum ?,Faciliter l'accès à l'apprentissage,Automatiser les feux rouges,Gérer des stocks de pétrole,Faire du montage vidéo,0,10,facile
Q01050,Malloum,Au stand MIT : Quel terme décrit le mieux Malloum ?,Tuteur IA par SMS,Moteur de jeu 3D,Système de comptabilité,Serveur de fichiers,0,10,facile
Q01051,Malloum,Défi express : Quel est le principe de Malloum ?,Un tuteur éducatif génératif accessible par SMS,Une application de météo uniquement,Un jeu de course,Un antivirus,0,10,facile
Q01052,Malloum,Défi express : Quel canal rend Malloum accessible sans smartphone moderne ?,SMS,Bluetooth uniquement,NFC uniquement,HDMI,0,10,facile
Q01053,Malloum,Défi express : Quel type d'IA est associé à Malloum ?,IA générative,IA uniquement matérielle,IA analogique,IA sans modèle,0,10,facile
Q01054,Malloum,Défi express : Quel problème Malloum cherche-t-il à réduire ?,Les limites de connectivité pour l'accès à l'apprentissage,Le manque de voitures,La consommation d'électricité des ménages,La billetterie,0,10,facile
Q01055,Malloum,Défi express : Quel type de système éducatif est Malloum ?,Tuteur intelligent,Système de caisse,ERP agricole,Réseau social,0,10,facile
Q01056,Malloum,Défi express : Malloum est particulièrement adapté aux environnements…,À faible connectivité,Sans utilisateurs,Uniquement hors Afrique,Avec fibre obligatoire,0,10,facile
Q01057,Malloum,Défi express : Quel format de réponse est important pour un service SMS ?,Une réponse concise et adaptée au canal,Une vidéo 4K,Un fichier CAD,Une animation 3D,0,10,facile
Q01058,Malloum,Défi express : Quel rôle joue l'IA générative dans Malloum ?,Générer des réponses pédagogiques contextualisées,Piloter un drone uniquement,Scanner des documents papier,Augmenter la mémoire RAM,0,10,facile
Q01059,Malloum,Défi express : Quel public peut bénéficier de Malloum ?,Des apprenants,Des mécaniciens uniquement,Des pilotes uniquement,Des pêcheurs uniquement,0,10,facile
Q01060,Malloum,Défi express : Quel avantage du SMS est exploité par Malloum ?,Une grande disponibilité sur les téléphones mobiles basiques,La vidéo haute définition,Le téléchargement de jeux lourds,La réalité virtuelle,0,10,facile
Q01061,Malloum,Défi express : Malloum a été associé à quel type de recherche ?,Éducation et ingénierie,Mécanique automobile,Architecture des bâtiments,Chimie industrielle,0,10,facile
Q01062,Malloum,Défi express : Quel prix scientifique a été associé à l'article sur Malloum ?,Best Paper Award,Prix Nobel,Ballon d'Or,Prix Goncourt,0,10,facile
Q01063,Malloum,Défi express : Dans quel contexte éducatif Malloum est-il présenté ?,Apprentissage contextualisé,Jeux d'argent,Commerce international,Transport urbain,0,10,facile
Q01064,Malloum,Défi express : Quel est l'intérêt d'un tuteur par SMS ?,Permettre des échanges éducatifs avec peu de données,Obliger l'utilisateur à installer un GPU,Nécessiter une fibre optique,Bloquer les téléphones basiques,0,10,facile
Q01065,Malloum,Défi express : Malloum vise une IA…,Accessible et inclusive,Réservée aux data centers,Sans interaction,Exclusivement hors ligne sans réseau GSM,0,10,facile
Q01066,Malloum,Défi express : Quel type de question un apprenant peut-il poser ?,Une question pédagogique,Une commande de drone militaire,Une commande bancaire obligatoire,Une réservation aérienne obligatoire,0,10,facile
Q01067,Malloum,Défi express : Quelle contrainte doit être prise en compte avec les SMS ?,La longueur limitée des messages,La résolution d'écran 8K,La mémoire GPU,Le débit HDMI,0,10,facile
Q01068,Malloum,Défi express : Quel principe de conception est cohérent avec Malloum ?,Contextualiser la réponse pour l'apprenant,Envoyer systématiquement des réponses longues,Ignorer le niveau de l'utilisateur,Exiger une connexion fibre,0,10,facile
Q01069,Malloum,Défi express : Quel est le rôle du GSM dans une solution SMS ?,Transporter les messages mobiles,Exécuter le modèle IA,Remplacer la base de données,Créer l'interface graphique,0,10,facile
Q01070,Malloum,Défi express : Malloum peut contribuer à…,L'inclusion éducative,La réparation de voitures,La fabrication de processeurs,La production d'électricité,0,10,facile
Q01071,Malloum,Défi express : Quel type de contenu est généré ?,Contenu pédagogique,Plans de bâtiments uniquement,Musique uniquement,Images médicales uniquement,0,10,facile
Q01072,Malloum,Défi express : Pourquoi une solution SMS peut-elle être pertinente au Cameroun ?,Le mobile est accessible dans des zones où Internet est limité,Le SMS exige la fibre,Le SMS ne fonctionne qu'en laboratoire,Les smartphones sont obligatoires,0,10,facile
Q01073,Malloum,Défi express : Malloum illustre quelle approche ?,IA adaptée aux contraintes locales,Technologie sans utilisateur,IA uniquement pour les grandes villes,Système sans données,0,10,facile
Q01074,Malloum,Défi express : Quel objectif est le plus cohérent avec Malloum ?,Faciliter l'accès à l'apprentissage,Automatiser les feux rouges,Gérer des stocks de pétrole,Faire du montage vidéo,0,10,facile
Q01075,Malloum,Défi express : Quel terme décrit le mieux Malloum ?,Tuteur IA par SMS,Moteur de jeu 3D,Système de comptabilité,Serveur de fichiers,0,10,facile
Q01076,Malloum,Testez vos connaissances : Quel est le principe de Malloum ?,Un tuteur éducatif génératif accessible par SMS,Une application de météo uniquement,Un jeu de course,Un antivirus,0,10,facile
Q01077,Malloum,Testez vos connaissances : Quel canal rend Malloum accessible sans smartphone moderne ?,SMS,Bluetooth uniquement,NFC uniquement,HDMI,0,10,facile
Q01078,Malloum,Testez vos connaissances : Quel type d'IA est associé à Malloum ?,IA générative,IA uniquement matérielle,IA analogique,IA sans modèle,0,10,facile
Q01079,Malloum,Testez vos connaissances : Quel problème Malloum cherche-t-il à réduire ?,Les limites de connectivité pour l'accès à l'apprentissage,Le manque de voitures,La consommation d'électricité des ménages,La billetterie,0,10,facile
Q01080,Malloum,Testez vos connaissances : Quel type de système éducatif est Malloum ?,Tuteur intelligent,Système de caisse,ERP agricole,Réseau social,0,10,facile
Q01081,Malloum,Testez vos connaissances : Malloum est particulièrement adapté aux environnements…,À faible connectivité,Sans utilisateurs,Uniquement hors Afrique,Avec fibre obligatoire,0,10,facile
Q01082,Malloum,Testez vos connaissances : Quel format de réponse est important pour un service SMS ?,Une réponse concise et adaptée au canal,Une vidéo 4K,Un fichier CAD,Une animation 3D,0,10,facile
Q01083,Malloum,Testez vos connaissances : Quel rôle joue l'IA générative dans Malloum ?,Générer des réponses pédagogiques contextualisées,Piloter un drone uniquement,Scanner des documents papier,Augmenter la mémoire RAM,0,10,facile
Q01084,Malloum,Testez vos connaissances : Quel public peut bénéficier de Malloum ?,Des apprenants,Des mécaniciens uniquement,Des pilotes uniquement,Des pêcheurs uniquement,0,10,facile
Q01085,Malloum,Testez vos connaissances : Quel avantage du SMS est exploité par Malloum ?,Une grande disponibilité sur les téléphones mobiles basiques,La vidéo haute définition,Le téléchargement de jeux lourds,La réalité virtuelle,0,10,facile
Q01086,Malloum,Testez vos connaissances : Malloum a été associé à quel type de recherche ?,Éducation et ingénierie,Mécanique automobile,Architecture des bâtiments,Chimie industrielle,0,10,facile
Q01087,Malloum,Testez vos connaissances : Quel prix scientifique a été associé à l'article sur Malloum ?,Best Paper Award,Prix Nobel,Ballon d'Or,Prix Goncourt,0,10,facile
Q01088,Malloum,Testez vos connaissances : Dans quel contexte éducatif Malloum est-il présenté ?,Apprentissage contextualisé,Jeux d'argent,Commerce international,Transport urbain,0,10,facile
Q01089,Malloum,Testez vos connaissances : Quel est l'intérêt d'un tuteur par SMS ?,Permettre des échanges éducatifs avec peu de données,Obliger l'utilisateur à installer un GPU,Nécessiter une fibre optique,Bloquer les téléphones basiques,0,10,facile
Q01090,Malloum,Testez vos connaissances : Malloum vise une IA…,Accessible et inclusive,Réservée aux data centers,Sans interaction,Exclusivement hors ligne sans réseau GSM,0,10,facile
Q01091,Malloum,Testez vos connaissances : Quel type de question un apprenant peut-il poser ?,Une question pédagogique,Une commande de drone militaire,Une commande bancaire obligatoire,Une réservation aérienne obligatoire,0,10,facile
Q01092,Malloum,Testez vos connaissances : Quelle contrainte doit être prise en compte avec les SMS ?,La longueur limitée des messages,La résolution d'écran 8K,La mémoire GPU,Le débit HDMI,0,10,facile
Q01093,Malloum,Testez vos connaissances : Quel principe de conception est cohérent avec Malloum ?,Contextualiser la réponse pour l'apprenant,Envoyer systématiquement des réponses longues,Ignorer le niveau de l'utilisateur,Exiger une connexion fibre,0,10,facile
Q01094,Malloum,Testez vos connaissances : Quel est le rôle du GSM dans une solution SMS ?,Transporter les messages mobiles,Exécuter le modèle IA,Remplacer la base de données,Créer l'interface graphique,0,10,facile
Q01095,Malloum,Testez vos connaissances : Malloum peut contribuer à…,L'inclusion éducative,La réparation de voitures,La fabrication de processeurs,La production d'électricité,0,10,facile
Q01096,Malloum,Testez vos connaissances : Quel type de contenu est généré ?,Contenu pédagogique,Plans de bâtiments uniquement,Musique uniquement,Images médicales uniquement,0,10,facile
Q01097,Malloum,Testez vos connaissances : Pourquoi une solution SMS peut-elle être pertinente au Cameroun ?,Le mobile est accessible dans des zones où Internet est limité,Le SMS exige la fibre,Le SMS ne fonctionne qu'en laboratoire,Les smartphones sont obligatoires,0,10,facile
Q01098,Malloum,Testez vos connaissances : Malloum illustre quelle approche ?,IA adaptée aux contraintes locales,Technologie sans utilisateur,IA uniquement pour les grandes villes,Système sans données,0,10,facile
Q01099,Malloum,Testez vos connaissances : Quel objectif est le plus cohérent avec Malloum ?,Faciliter l'accès à l'apprentissage,Automatiser les feux rouges,Gérer des stocks de pétrole,Faire du montage vidéo,0,10,facile
Q01100,Malloum,Testez vos connaissances : Quel terme décrit le mieux Malloum ?,Tuteur IA par SMS,Moteur de jeu 3D,Système de comptabilité,Serveur de fichiers,0,10,facile
Q01101,Malloum,Le saviez-vous ? Quel est le principe de Malloum ?,Un tuteur éducatif génératif accessible par SMS,Une application de météo uniquement,Un jeu de course,Un antivirus,0,10,facile
Q01102,Malloum,Le saviez-vous ? Quel canal rend Malloum accessible sans smartphone moderne ?,SMS,Bluetooth uniquement,NFC uniquement,HDMI,0,10,facile
Q01103,Malloum,Le saviez-vous ? Quel type d'IA est associé à Malloum ?,IA générative,IA uniquement matérielle,IA analogique,IA sans modèle,0,10,facile
Q01104,Malloum,Le saviez-vous ? Quel problème Malloum cherche-t-il à réduire ?,Les limites de connectivité pour l'accès à l'apprentissage,Le manque de voitures,La consommation d'électricité des ménages,La billetterie,0,10,facile
Q01105,Malloum,Le saviez-vous ? Quel type de système éducatif est Malloum ?,Tuteur intelligent,Système de caisse,ERP agricole,Réseau social,0,10,facile
Q01106,Malloum,Le saviez-vous ? Malloum est particulièrement adapté aux environnements…,À faible connectivité,Sans utilisateurs,Uniquement hors Afrique,Avec fibre obligatoire,0,10,facile
Q01107,Malloum,Le saviez-vous ? Quel format de réponse est important pour un service SMS ?,Une réponse concise et adaptée au canal,Une vidéo 4K,Un fichier CAD,Une animation 3D,0,10,facile
Q01108,Malloum,Le saviez-vous ? Quel rôle joue l'IA générative dans Malloum ?,Générer des réponses pédagogiques contextualisées,Piloter un drone uniquement,Scanner des documents papier,Augmenter la mémoire RAM,0,10,facile
Q01109,Malloum,Le saviez-vous ? Quel public peut bénéficier de Malloum ?,Des apprenants,Des mécaniciens uniquement,Des pilotes uniquement,Des pêcheurs uniquement,0,10,facile
Q01110,Malloum,Le saviez-vous ? Quel avantage du SMS est exploité par Malloum ?,Une grande disponibilité sur les téléphones mobiles basiques,La vidéo haute définition,Le téléchargement de jeux lourds,La réalité virtuelle,0,10,facile
Q01111,Malloum,Le saviez-vous ? Malloum a été associé à quel type de recherche ?,Éducation et ingénierie,Mécanique automobile,Architecture des bâtiments,Chimie industrielle,0,10,facile
Q01112,Malloum,Le saviez-vous ? Quel prix scientifique a été associé à l'article sur Malloum ?,Best Paper Award,Prix Nobel,Ballon d'Or,Prix Goncourt,0,10,facile
Q01113,Malloum,Le saviez-vous ? Dans quel contexte éducatif Malloum est-il présenté ?,Apprentissage contextualisé,Jeux d'argent,Commerce international,Transport urbain,0,10,facile
Q01114,Malloum,Le saviez-vous ? Quel est l'intérêt d'un tuteur par SMS ?,Permettre des échanges éducatifs avec peu de données,Obliger l'utilisateur à installer un GPU,Nécessiter une fibre optique,Bloquer les téléphones basiques,0,10,facile
Q01115,Malloum,Le saviez-vous ? Malloum vise une IA…,Accessible et inclusive,Réservée aux data centers,Sans interaction,Exclusivement hors ligne sans réseau GSM,0,10,facile
Q01116,Malloum,Le saviez-vous ? Quel type de question un apprenant peut-il poser ?,Une question pédagogique,Une commande de drone militaire,Une commande bancaire obligatoire,Une réservation aérienne obligatoire,0,10,facile
Q01117,Malloum,Le saviez-vous ? Quelle contrainte doit être prise en compte avec les SMS ?,La longueur limitée des messages,La résolution d'écran 8K,La mémoire GPU,Le débit HDMI,0,10,facile
Q01118,Malloum,Le saviez-vous ? Quel principe de conception est cohérent avec Malloum ?,Contextualiser la réponse pour l'apprenant,Envoyer systématiquement des réponses longues,Ignorer le niveau de l'utilisateur,Exiger une connexion fibre,0,10,facile
Q01119,Malloum,Le saviez-vous ? Quel est le rôle du GSM dans une solution SMS ?,Transporter les messages mobiles,Exécuter le modèle IA,Remplacer la base de données,Créer l'interface graphique,0,10,facile
Q01120,Malloum,Le saviez-vous ? Malloum peut contribuer à…,L'inclusion éducative,La réparation de voitures,La fabrication de processeurs,La production d'électricité,0,10,facile
Q01121,Malloum,Le saviez-vous ? Quel type de contenu est généré ?,Contenu pédagogique,Plans de bâtiments uniquement,Musique uniquement,Images médicales uniquement,0,10,facile
Q01122,Malloum,Le saviez-vous ? Pourquoi une solution SMS peut-elle être pertinente au Cameroun ?,Le mobile est accessible dans des zones où Internet est limité,Le SMS exige la fibre,Le SMS ne fonctionne qu'en laboratoire,Les smartphones sont obligatoires,0,10,facile
Q01123,Malloum,Le saviez-vous ? Malloum illustre quelle approche ?,IA adaptée aux contraintes locales,Technologie sans utilisateur,IA uniquement pour les grandes villes,Système sans données,0,10,facile
Q01124,Malloum,Le saviez-vous ? Quel objectif est le plus cohérent avec Malloum ?,Faciliter l'accès à l'apprentissage,Automatiser les feux rouges,Gérer des stocks de pétrole,Faire du montage vidéo,0,10,facile
Q01125,Malloum,Le saviez-vous ? Quel terme décrit le mieux Malloum ?,Tuteur IA par SMS,Moteur de jeu 3D,Système de comptabilité,Serveur de fichiers,0,10,facile
Q01126,Malloum,Quiz du jour : Quel est le principe de Malloum ?,Un tuteur éducatif génératif accessible par SMS,Une application de météo uniquement,Un jeu de course,Un antivirus,0,10,moyen
Q01127,Malloum,Quiz du jour : Quel canal rend Malloum accessible sans smartphone moderne ?,SMS,Bluetooth uniquement,NFC uniquement,HDMI,0,10,moyen
Q01128,Malloum,Quiz du jour : Quel type d'IA est associé à Malloum ?,IA générative,IA uniquement matérielle,IA analogique,IA sans modèle,0,10,moyen
Q01129,Malloum,Quiz du jour : Quel problème Malloum cherche-t-il à réduire ?,Les limites de connectivité pour l'accès à l'apprentissage,Le manque de voitures,La consommation d'électricité des ménages,La billetterie,0,10,moyen
Q01130,Malloum,Quiz du jour : Quel type de système éducatif est Malloum ?,Tuteur intelligent,Système de caisse,ERP agricole,Réseau social,0,10,moyen
Q01131,Malloum,Quiz du jour : Malloum est particulièrement adapté aux environnements…,À faible connectivité,Sans utilisateurs,Uniquement hors Afrique,Avec fibre obligatoire,0,10,moyen
Q01132,Malloum,Quiz du jour : Quel format de réponse est important pour un service SMS ?,Une réponse concise et adaptée au canal,Une vidéo 4K,Un fichier CAD,Une animation 3D,0,10,moyen
Q01133,Malloum,Quiz du jour : Quel rôle joue l'IA générative dans Malloum ?,Générer des réponses pédagogiques contextualisées,Piloter un drone uniquement,Scanner des documents papier,Augmenter la mémoire RAM,0,10,moyen
Q01134,Malloum,Quiz du jour : Quel public peut bénéficier de Malloum ?,Des apprenants,Des mécaniciens uniquement,Des pilotes uniquement,Des pêcheurs uniquement,0,10,moyen
Q01135,Malloum,Quiz du jour : Quel avantage du SMS est exploité par Malloum ?,Une grande disponibilité sur les téléphones mobiles basiques,La vidéo haute définition,Le téléchargement de jeux lourds,La réalité virtuelle,0,10,moyen
Q01136,Malloum,Quiz du jour : Malloum a été associé à quel type de recherche ?,Éducation et ingénierie,Mécanique automobile,Architecture des bâtiments,Chimie industrielle,0,10,moyen
Q01137,Malloum,Quiz du jour : Quel prix scientifique a été associé à l'article sur Malloum ?,Best Paper Award,Prix Nobel,Ballon d'Or,Prix Goncourt,0,10,moyen
Q01138,Malloum,Quiz du jour : Dans quel contexte éducatif Malloum est-il présenté ?,Apprentissage contextualisé,Jeux d'argent,Commerce international,Transport urbain,0,10,moyen
Q01139,Malloum,Quiz du jour : Quel est l'intérêt d'un tuteur par SMS ?,Permettre des échanges éducatifs avec peu de données,Obliger l'utilisateur à installer un GPU,Nécessiter une fibre optique,Bloquer les téléphones basiques,0,10,moyen
Q01140,Malloum,Quiz du jour : Malloum vise une IA…,Accessible et inclusive,Réservée aux data centers,Sans interaction,Exclusivement hors ligne sans réseau GSM,0,10,moyen
Q01141,Malloum,Quiz du jour : Quel type de question un apprenant peut-il poser ?,Une question pédagogique,Une commande de drone militaire,Une commande bancaire obligatoire,Une réservation aérienne obligatoire,0,10,moyen
Q01142,Malloum,Quiz du jour : Quelle contrainte doit être prise en compte avec les SMS ?,La longueur limitée des messages,La résolution d'écran 8K,La mémoire GPU,Le débit HDMI,0,10,moyen
Q01143,Malloum,Quiz du jour : Quel principe de conception est cohérent avec Malloum ?,Contextualiser la réponse pour l'apprenant,Envoyer systématiquement des réponses longues,Ignorer le niveau de l'utilisateur,Exiger une connexion fibre,0,10,moyen
Q01144,Malloum,Quiz du jour : Quel est le rôle du GSM dans une solution SMS ?,Transporter les messages mobiles,Exécuter le modèle IA,Remplacer la base de données,Créer l'interface graphique,0,10,moyen
Q01145,Malloum,Quiz du jour : Malloum peut contribuer à…,L'inclusion éducative,La réparation de voitures,La fabrication de processeurs,La production d'électricité,0,10,moyen
Q01146,Malloum,Quiz du jour : Quel type de contenu est généré ?,Contenu pédagogique,Plans de bâtiments uniquement,Musique uniquement,Images médicales uniquement,0,10,moyen
Q01147,Malloum,Quiz du jour : Pourquoi une solution SMS peut-elle être pertinente au Cameroun ?,Le mobile est accessible dans des zones où Internet est limité,Le SMS exige la fibre,Le SMS ne fonctionne qu'en laboratoire,Les smartphones sont obligatoires,0,10,moyen
Q01148,Malloum,Quiz du jour : Malloum illustre quelle approche ?,IA adaptée aux contraintes locales,Technologie sans utilisateur,IA uniquement pour les grandes villes,Système sans données,0,10,moyen
Q01149,Malloum,Quiz du jour : Quel objectif est le plus cohérent avec Malloum ?,Faciliter l'accès à l'apprentissage,Automatiser les feux rouges,Gérer des stocks de pétrole,Faire du montage vidéo,0,10,moyen
Q01150,Malloum,Quiz du jour : Quel terme décrit le mieux Malloum ?,Tuteur IA par SMS,Moteur de jeu 3D,Système de comptabilité,Serveur de fichiers,0,10,moyen
Q01151,Malloum,À vous de jouer : Quel est le principe de Malloum ?,Un tuteur éducatif génératif accessible par SMS,Une application de météo uniquement,Un jeu de course,Un antivirus,0,10,moyen
Q01152,Malloum,À vous de jouer : Quel canal rend Malloum accessible sans smartphone moderne ?,SMS,Bluetooth uniquement,NFC uniquement,HDMI,0,10,moyen
Q01153,Malloum,À vous de jouer : Quel type d'IA est associé à Malloum ?,IA générative,IA uniquement matérielle,IA analogique,IA sans modèle,0,10,moyen
Q01154,Malloum,À vous de jouer : Quel problème Malloum cherche-t-il à réduire ?,Les limites de connectivité pour l'accès à l'apprentissage,Le manque de voitures,La consommation d'électricité des ménages,La billetterie,0,10,moyen
Q01155,Malloum,À vous de jouer : Quel type de système éducatif est Malloum ?,Tuteur intelligent,Système de caisse,ERP agricole,Réseau social,0,10,moyen
Q01156,Malloum,À vous de jouer : Malloum est particulièrement adapté aux environnements…,À faible connectivité,Sans utilisateurs,Uniquement hors Afrique,Avec fibre obligatoire,0,10,moyen
Q01157,Malloum,À vous de jouer : Quel format de réponse est important pour un service SMS ?,Une réponse concise et adaptée au canal,Une vidéo 4K,Un fichier CAD,Une animation 3D,0,10,moyen
Q01158,Malloum,À vous de jouer : Quel rôle joue l'IA générative dans Malloum ?,Générer des réponses pédagogiques contextualisées,Piloter un drone uniquement,Scanner des documents papier,Augmenter la mémoire RAM,0,10,moyen
Q01159,Malloum,À vous de jouer : Quel public peut bénéficier de Malloum ?,Des apprenants,Des mécaniciens uniquement,Des pilotes uniquement,Des pêcheurs uniquement,0,10,moyen
Q01160,Malloum,À vous de jouer : Quel avantage du SMS est exploité par Malloum ?,Une grande disponibilité sur les téléphones mobiles basiques,La vidéo haute définition,Le téléchargement de jeux lourds,La réalité virtuelle,0,10,moyen
Q01161,Malloum,À vous de jouer : Malloum a été associé à quel type de recherche ?,Éducation et ingénierie,Mécanique automobile,Architecture des bâtiments,Chimie industrielle,0,10,moyen
Q01162,Malloum,À vous de jouer : Quel prix scientifique a été associé à l'article sur Malloum ?,Best Paper Award,Prix Nobel,Ballon d'Or,Prix Goncourt,0,10,moyen
Q01163,Malloum,À vous de jouer : Dans quel contexte éducatif Malloum est-il présenté ?,Apprentissage contextualisé,Jeux d'argent,Commerce international,Transport urbain,0,10,moyen
Q01164,Malloum,À vous de jouer : Quel est l'intérêt d'un tuteur par SMS ?,Permettre des échanges éducatifs avec peu de données,Obliger l'utilisateur à installer un GPU,Nécessiter une fibre optique,Bloquer les téléphones basiques,0,10,moyen
Q01165,Malloum,À vous de jouer : Malloum vise une IA…,Accessible et inclusive,Réservée aux data centers,Sans interaction,Exclusivement hors ligne sans réseau GSM,0,10,moyen
Q01166,Malloum,À vous de jouer : Quel type de question un apprenant peut-il poser ?,Une question pédagogique,Une commande de drone militaire,Une commande bancaire obligatoire,Une réservation aérienne obligatoire,0,10,moyen
Q01167,Malloum,À vous de jouer : Quelle contrainte doit être prise en compte avec les SMS ?,La longueur limitée des messages,La résolution d'écran 8K,La mémoire GPU,Le débit HDMI,0,10,moyen
Q01168,Malloum,À vous de jouer : Quel principe de conception est cohérent avec Malloum ?,Contextualiser la réponse pour l'apprenant,Envoyer systématiquement des réponses longues,Ignorer le niveau de l'utilisateur,Exiger une connexion fibre,0,10,moyen
Q01169,Malloum,À vous de jouer : Quel est le rôle du GSM dans une solution SMS ?,Transporter les messages mobiles,Exécuter le modèle IA,Remplacer la base de données,Créer l'interface graphique,0,10,moyen
Q01170,Malloum,À vous de jouer : Malloum peut contribuer à…,L'inclusion éducative,La réparation de voitures,La fabrication de processeurs,La production d'électricité,0,10,moyen
Q01171,Malloum,À vous de jouer : Quel type de contenu est généré ?,Contenu pédagogique,Plans de bâtiments uniquement,Musique uniquement,Images médicales uniquement,0,10,moyen
Q01172,Malloum,À vous de jouer : Pourquoi une solution SMS peut-elle être pertinente au Cameroun ?,Le mobile est accessible dans des zones où Internet est limité,Le SMS exige la fibre,Le SMS ne fonctionne qu'en laboratoire,Les smartphones sont obligatoires,0,10,moyen
Q01173,Malloum,À vous de jouer : Malloum illustre quelle approche ?,IA adaptée aux contraintes locales,Technologie sans utilisateur,IA uniquement pour les grandes villes,Système sans données,0,10,moyen
Q01174,Malloum,À vous de jouer : Quel objectif est le plus cohérent avec Malloum ?,Faciliter l'accès à l'apprentissage,Automatiser les feux rouges,Gérer des stocks de pétrole,Faire du montage vidéo,0,10,moyen
Q01175,Malloum,À vous de jouer : Quel terme décrit le mieux Malloum ?,Tuteur IA par SMS,Moteur de jeu 3D,Système de comptabilité,Serveur de fichiers,0,10,moyen
Q01176,Malloum,Challenge : Quel est le principe de Malloum ?,Un tuteur éducatif génératif accessible par SMS,Une application de météo uniquement,Un jeu de course,Un antivirus,0,10,moyen
Q01177,Malloum,Challenge : Quel canal rend Malloum accessible sans smartphone moderne ?,SMS,Bluetooth uniquement,NFC uniquement,HDMI,0,10,moyen
Q01178,Malloum,Challenge : Quel type d'IA est associé à Malloum ?,IA générative,IA uniquement matérielle,IA analogique,IA sans modèle,0,10,moyen
Q01179,Malloum,Challenge : Quel problème Malloum cherche-t-il à réduire ?,Les limites de connectivité pour l'accès à l'apprentissage,Le manque de voitures,La consommation d'électricité des ménages,La billetterie,0,10,moyen
Q01180,Malloum,Challenge : Quel type de système éducatif est Malloum ?,Tuteur intelligent,Système de caisse,ERP agricole,Réseau social,0,10,moyen
Q01181,Malloum,Challenge : Malloum est particulièrement adapté aux environnements…,À faible connectivité,Sans utilisateurs,Uniquement hors Afrique,Avec fibre obligatoire,0,10,moyen
Q01182,Malloum,Challenge : Quel format de réponse est important pour un service SMS ?,Une réponse concise et adaptée au canal,Une vidéo 4K,Un fichier CAD,Une animation 3D,0,10,moyen
Q01183,Malloum,Challenge : Quel rôle joue l'IA générative dans Malloum ?,Générer des réponses pédagogiques contextualisées,Piloter un drone uniquement,Scanner des documents papier,Augmenter la mémoire RAM,0,10,moyen
Q01184,Malloum,Challenge : Quel public peut bénéficier de Malloum ?,Des apprenants,Des mécaniciens uniquement,Des pilotes uniquement,Des pêcheurs uniquement,0,10,moyen
Q01185,Malloum,Challenge : Quel avantage du SMS est exploité par Malloum ?,Une grande disponibilité sur les téléphones mobiles basiques,La vidéo haute définition,Le téléchargement de jeux lourds,La réalité virtuelle,0,10,moyen
Q01186,Malloum,Challenge : Malloum a été associé à quel type de recherche ?,Éducation et ingénierie,Mécanique automobile,Architecture des bâtiments,Chimie industrielle,0,10,moyen
Q01187,Malloum,Challenge : Quel prix scientifique a été associé à l'article sur Malloum ?,Best Paper Award,Prix Nobel,Ballon d'Or,Prix Goncourt,0,10,moyen
Q01188,Malloum,Challenge : Dans quel contexte éducatif Malloum est-il présenté ?,Apprentissage contextualisé,Jeux d'argent,Commerce international,Transport urbain,0,10,moyen
Q01189,Malloum,Challenge : Quel est l'intérêt d'un tuteur par SMS ?,Permettre des échanges éducatifs avec peu de données,Obliger l'utilisateur à installer un GPU,Nécessiter une fibre optique,Bloquer les téléphones basiques,0,10,moyen
Q01190,Malloum,Challenge : Malloum vise une IA…,Accessible et inclusive,Réservée aux data centers,Sans interaction,Exclusivement hors ligne sans réseau GSM,0,10,moyen
Q01191,Malloum,Challenge : Quel type de question un apprenant peut-il poser ?,Une question pédagogique,Une commande de drone militaire,Une commande bancaire obligatoire,Une réservation aérienne obligatoire,0,10,moyen
Q01192,Malloum,Challenge : Quelle contrainte doit être prise en compte avec les SMS ?,La longueur limitée des messages,La résolution d'écran 8K,La mémoire GPU,Le débit HDMI,0,10,moyen
Q01193,Malloum,Challenge : Quel principe de conception est cohérent avec Malloum ?,Contextualiser la réponse pour l'apprenant,Envoyer systématiquement des réponses longues,Ignorer le niveau de l'utilisateur,Exiger une connexion fibre,0,10,moyen
Q01194,Malloum,Challenge : Quel est le rôle du GSM dans une solution SMS ?,Transporter les messages mobiles,Exécuter le modèle IA,Remplacer la base de données,Créer l'interface graphique,0,10,moyen
Q01195,Malloum,Challenge : Malloum peut contribuer à…,L'inclusion éducative,La réparation de voitures,La fabrication de processeurs,La production d'électricité,0,10,moyen
Q01196,Malloum,Challenge : Quel type de contenu est généré ?,Contenu pédagogique,Plans de bâtiments uniquement,Musique uniquement,Images médicales uniquement,0,10,moyen
Q01197,Malloum,Challenge : Pourquoi une solution SMS peut-elle être pertinente au Cameroun ?,Le mobile est accessible dans des zones où Internet est limité,Le SMS exige la fibre,Le SMS ne fonctionne qu'en laboratoire,Les smartphones sont obligatoires,0,10,moyen
Q01198,Malloum,Challenge : Malloum illustre quelle approche ?,IA adaptée aux contraintes locales,Technologie sans utilisateur,IA uniquement pour les grandes villes,Système sans données,0,10,moyen
Q01199,Malloum,Challenge : Quel objectif est le plus cohérent avec Malloum ?,Faciliter l'accès à l'apprentissage,Automatiser les feux rouges,Gérer des stocks de pétrole,Faire du montage vidéo,0,10,moyen
Q01200,Malloum,Challenge : Quel terme décrit le mieux Malloum ?,Tuteur IA par SMS,Moteur de jeu 3D,Système de comptabilité,Serveur de fichiers,0,10,moyen
Q01201,Malloum,Question bonus : Quel est le principe de Malloum ?,Un tuteur éducatif génératif accessible par SMS,Une application de météo uniquement,Un jeu de course,Un antivirus,0,10,moyen
Q01202,Malloum,Question bonus : Quel canal rend Malloum accessible sans smartphone moderne ?,SMS,Bluetooth uniquement,NFC uniquement,HDMI,0,10,moyen
Q01203,Malloum,Question bonus : Quel type d'IA est associé à Malloum ?,IA générative,IA uniquement matérielle,IA analogique,IA sans modèle,0,10,moyen
Q01204,Malloum,Question bonus : Quel problème Malloum cherche-t-il à réduire ?,Les limites de connectivité pour l'accès à l'apprentissage,Le manque de voitures,La consommation d'électricité des ménages,La billetterie,0,10,moyen
Q01205,Malloum,Question bonus : Quel type de système éducatif est Malloum ?,Tuteur intelligent,Système de caisse,ERP agricole,Réseau social,0,10,moyen
Q01206,Malloum,Question bonus : Malloum est particulièrement adapté aux environnements…,À faible connectivité,Sans utilisateurs,Uniquement hors Afrique,Avec fibre obligatoire,0,10,moyen
Q01207,Malloum,Question bonus : Quel format de réponse est important pour un service SMS ?,Une réponse concise et adaptée au canal,Une vidéo 4K,Un fichier CAD,Une animation 3D,0,10,moyen
Q01208,Malloum,Question bonus : Quel rôle joue l'IA générative dans Malloum ?,Générer des réponses pédagogiques contextualisées,Piloter un drone uniquement,Scanner des documents papier,Augmenter la mémoire RAM,0,10,moyen
Q01209,Malloum,Question bonus : Quel public peut bénéficier de Malloum ?,Des apprenants,Des mécaniciens uniquement,Des pilotes uniquement,Des pêcheurs uniquement,0,10,moyen
Q01210,Malloum,Question bonus : Quel avantage du SMS est exploité par Malloum ?,Une grande disponibilité sur les téléphones mobiles basiques,La vidéo haute définition,Le téléchargement de jeux lourds,La réalité virtuelle,0,10,moyen
Q01211,Malloum,Question bonus : Malloum a été associé à quel type de recherche ?,Éducation et ingénierie,Mécanique automobile,Architecture des bâtiments,Chimie industrielle,0,10,moyen
Q01212,Malloum,Question bonus : Quel prix scientifique a été associé à l'article sur Malloum ?,Best Paper Award,Prix Nobel,Ballon d'Or,Prix Goncourt,0,10,moyen
Q01213,Malloum,Question bonus : Dans quel contexte éducatif Malloum est-il présenté ?,Apprentissage contextualisé,Jeux d'argent,Commerce international,Transport urbain,0,10,moyen
Q01214,Malloum,Question bonus : Quel est l'intérêt d'un tuteur par SMS ?,Permettre des échanges éducatifs avec peu de données,Obliger l'utilisateur à installer un GPU,Nécessiter une fibre optique,Bloquer les téléphones basiques,0,10,moyen
Q01215,Malloum,Question bonus : Malloum vise une IA…,Accessible et inclusive,Réservée aux data centers,Sans interaction,Exclusivement hors ligne sans réseau GSM,0,10,moyen
Q01216,Malloum,Question bonus : Quel type de question un apprenant peut-il poser ?,Une question pédagogique,Une commande de drone militaire,Une commande bancaire obligatoire,Une réservation aérienne obligatoire,0,10,moyen
Q01217,Malloum,Question bonus : Quelle contrainte doit être prise en compte avec les SMS ?,La longueur limitée des messages,La résolution d'écran 8K,La mémoire GPU,Le débit HDMI,0,10,moyen
Q01218,Malloum,Question bonus : Quel principe de conception est cohérent avec Malloum ?,Contextualiser la réponse pour l'apprenant,Envoyer systématiquement des réponses longues,Ignorer le niveau de l'utilisateur,Exiger une connexion fibre,0,10,moyen
Q01219,Malloum,Question bonus : Quel est le rôle du GSM dans une solution SMS ?,Transporter les messages mobiles,Exécuter le modèle IA,Remplacer la base de données,Créer l'interface graphique,0,10,moyen
Q01220,Malloum,Question bonus : Malloum peut contribuer à…,L'inclusion éducative,La réparation de voitures,La fabrication de processeurs,La production d'électricité,0,10,moyen
Q01221,Malloum,Question bonus : Quel type de contenu est généré ?,Contenu pédagogique,Plans de bâtiments uniquement,Musique uniquement,Images médicales uniquement,0,10,moyen
Q01222,Malloum,Question bonus : Pourquoi une solution SMS peut-elle être pertinente au Cameroun ?,Le mobile est accessible dans des zones où Internet est limité,Le SMS exige la fibre,Le SMS ne fonctionne qu'en laboratoire,Les smartphones sont obligatoires,0,10,moyen
Q01223,Malloum,Question bonus : Malloum illustre quelle approche ?,IA adaptée aux contraintes locales,Technologie sans utilisateur,IA uniquement pour les grandes villes,Système sans données,0,10,moyen
Q01224,Malloum,Question bonus : Quel objectif est le plus cohérent avec Malloum ?,Faciliter l'accès à l'apprentissage,Automatiser les feux rouges,Gérer des stocks de pétrole,Faire du montage vidéo,0,10,moyen
Q01225,Malloum,Question bonus : Quel terme décrit le mieux Malloum ?,Tuteur IA par SMS,Moteur de jeu 3D,Système de comptabilité,Serveur de fichiers,0,10,moyen
Q01226,Malloum,Question éclair : Quel est le principe de Malloum ?,Un tuteur éducatif génératif accessible par SMS,Une application de météo uniquement,Un jeu de course,Un antivirus,0,10,moyen
Q01227,Malloum,Question éclair : Quel canal rend Malloum accessible sans smartphone moderne ?,SMS,Bluetooth uniquement,NFC uniquement,HDMI,0,10,moyen
Q01228,Malloum,Question éclair : Quel type d'IA est associé à Malloum ?,IA générative,IA uniquement matérielle,IA analogique,IA sans modèle,0,10,moyen
Q01229,Malloum,Question éclair : Quel problème Malloum cherche-t-il à réduire ?,Les limites de connectivité pour l'accès à l'apprentissage,Le manque de voitures,La consommation d'électricité des ménages,La billetterie,0,10,moyen
Q01230,Malloum,Question éclair : Quel type de système éducatif est Malloum ?,Tuteur intelligent,Système de caisse,ERP agricole,Réseau social,0,10,moyen
Q01231,Malloum,Question éclair : Malloum est particulièrement adapté aux environnements…,À faible connectivité,Sans utilisateurs,Uniquement hors Afrique,Avec fibre obligatoire,0,10,moyen
Q01232,Malloum,Question éclair : Quel format de réponse est important pour un service SMS ?,Une réponse concise et adaptée au canal,Une vidéo 4K,Un fichier CAD,Une animation 3D,0,10,moyen
Q01233,Malloum,Question éclair : Quel rôle joue l'IA générative dans Malloum ?,Générer des réponses pédagogiques contextualisées,Piloter un drone uniquement,Scanner des documents papier,Augmenter la mémoire RAM,0,10,moyen
Q01234,Malloum,Question éclair : Quel public peut bénéficier de Malloum ?,Des apprenants,Des mécaniciens uniquement,Des pilotes uniquement,Des pêcheurs uniquement,0,10,moyen
Q01235,Malloum,Question éclair : Quel avantage du SMS est exploité par Malloum ?,Une grande disponibilité sur les téléphones mobiles basiques,La vidéo haute définition,Le téléchargement de jeux lourds,La réalité virtuelle,0,10,moyen
Q01236,Malloum,Question éclair : Malloum a été associé à quel type de recherche ?,Éducation et ingénierie,Mécanique automobile,Architecture des bâtiments,Chimie industrielle,0,10,moyen
Q01237,Malloum,Question éclair : Quel prix scientifique a été associé à l'article sur Malloum ?,Best Paper Award,Prix Nobel,Ballon d'Or,Prix Goncourt,0,10,moyen
Q01238,Malloum,Question éclair : Dans quel contexte éducatif Malloum est-il présenté ?,Apprentissage contextualisé,Jeux d'argent,Commerce international,Transport urbain,0,10,moyen
Q01239,Malloum,Question éclair : Quel est l'intérêt d'un tuteur par SMS ?,Permettre des échanges éducatifs avec peu de données,Obliger l'utilisateur à installer un GPU,Nécessiter une fibre optique,Bloquer les téléphones basiques,0,10,moyen
Q01240,Malloum,Question éclair : Malloum vise une IA…,Accessible et inclusive,Réservée aux data centers,Sans interaction,Exclusivement hors ligne sans réseau GSM,0,10,moyen
Q01241,Malloum,Question éclair : Quel type de question un apprenant peut-il poser ?,Une question pédagogique,Une commande de drone militaire,Une commande bancaire obligatoire,Une réservation aérienne obligatoire,0,10,moyen
Q01242,Malloum,Question éclair : Quelle contrainte doit être prise en compte avec les SMS ?,La longueur limitée des messages,La résolution d'écran 8K,La mémoire GPU,Le débit HDMI,0,10,moyen
Q01243,Malloum,Question éclair : Quel principe de conception est cohérent avec Malloum ?,Contextualiser la réponse pour l'apprenant,Envoyer systématiquement des réponses longues,Ignorer le niveau de l'utilisateur,Exiger une connexion fibre,0,10,moyen
Q01244,Malloum,Question éclair : Quel est le rôle du GSM dans une solution SMS ?,Transporter les messages mobiles,Exécuter le modèle IA,Remplacer la base de données,Créer l'interface graphique,0,10,moyen
Q01245,Malloum,Question éclair : Malloum peut contribuer à…,L'inclusion éducative,La réparation de voitures,La fabrication de processeurs,La production d'électricité,0,10,moyen
Q01246,Malloum,Question éclair : Quel type de contenu est généré ?,Contenu pédagogique,Plans de bâtiments uniquement,Musique uniquement,Images médicales uniquement,0,10,moyen
Q01247,Malloum,Question éclair : Pourquoi une solution SMS peut-elle être pertinente au Cameroun ?,Le mobile est accessible dans des zones où Internet est limité,Le SMS exige la fibre,Le SMS ne fonctionne qu'en laboratoire,Les smartphones sont obligatoires,0,10,moyen
Q01248,Malloum,Question éclair : Malloum illustre quelle approche ?,IA adaptée aux contraintes locales,Technologie sans utilisateur,IA uniquement pour les grandes villes,Système sans données,0,10,moyen
Q01249,Malloum,Question éclair : Quel objectif est le plus cohérent avec Malloum ?,Faciliter l'accès à l'apprentissage,Automatiser les feux rouges,Gérer des stocks de pétrole,Faire du montage vidéo,0,10,moyen
Q01250,Malloum,Question éclair : Quel terme décrit le mieux Malloum ?,Tuteur IA par SMS,Moteur de jeu 3D,Système de comptabilité,Serveur de fichiers,0,10,moyen
Q01251,Malloum,Pour gagner des points : Quel est le principe de Malloum ?,Un tuteur éducatif génératif accessible par SMS,Une application de météo uniquement,Un jeu de course,Un antivirus,0,10,moyen
Q01252,Malloum,Pour gagner des points : Quel canal rend Malloum accessible sans smartphone moderne ?,SMS,Bluetooth uniquement,NFC uniquement,HDMI,0,10,moyen
Q01253,Malloum,Pour gagner des points : Quel type d'IA est associé à Malloum ?,IA générative,IA uniquement matérielle,IA analogique,IA sans modèle,0,10,moyen
Q01254,Malloum,Pour gagner des points : Quel problème Malloum cherche-t-il à réduire ?,Les limites de connectivité pour l'accès à l'apprentissage,Le manque de voitures,La consommation d'électricité des ménages,La billetterie,0,10,moyen
Q01255,Malloum,Pour gagner des points : Quel type de système éducatif est Malloum ?,Tuteur intelligent,Système de caisse,ERP agricole,Réseau social,0,10,moyen
Q01256,Malloum,Pour gagner des points : Malloum est particulièrement adapté aux environnements…,À faible connectivité,Sans utilisateurs,Uniquement hors Afrique,Avec fibre obligatoire,0,10,moyen
Q01257,Malloum,Pour gagner des points : Quel format de réponse est important pour un service SMS ?,Une réponse concise et adaptée au canal,Une vidéo 4K,Un fichier CAD,Une animation 3D,0,10,moyen
Q01258,Malloum,Pour gagner des points : Quel rôle joue l'IA générative dans Malloum ?,Générer des réponses pédagogiques contextualisées,Piloter un drone uniquement,Scanner des documents papier,Augmenter la mémoire RAM,0,10,moyen
Q01259,Malloum,Pour gagner des points : Quel public peut bénéficier de Malloum ?,Des apprenants,Des mécaniciens uniquement,Des pilotes uniquement,Des pêcheurs uniquement,0,10,moyen
Q01260,Malloum,Pour gagner des points : Quel avantage du SMS est exploité par Malloum ?,Une grande disponibilité sur les téléphones mobiles basiques,La vidéo haute définition,Le téléchargement de jeux lourds,La réalité virtuelle,0,10,moyen
Q01261,Malloum,Pour gagner des points : Malloum a été associé à quel type de recherche ?,Éducation et ingénierie,Mécanique automobile,Architecture des bâtiments,Chimie industrielle,0,10,moyen
Q01262,Malloum,Pour gagner des points : Quel prix scientifique a été associé à l'article sur Malloum ?,Best Paper Award,Prix Nobel,Ballon d'Or,Prix Goncourt,0,10,moyen
Q01263,Malloum,Pour gagner des points : Dans quel contexte éducatif Malloum est-il présenté ?,Apprentissage contextualisé,Jeux d'argent,Commerce international,Transport urbain,0,10,moyen
Q01264,Malloum,Pour gagner des points : Quel est l'intérêt d'un tuteur par SMS ?,Permettre des échanges éducatifs avec peu de données,Obliger l'utilisateur à installer un GPU,Nécessiter une fibre optique,Bloquer les téléphones basiques,0,10,moyen
Q01265,Malloum,Pour gagner des points : Malloum vise une IA…,Accessible et inclusive,Réservée aux data centers,Sans interaction,Exclusivement hors ligne sans réseau GSM,0,10,moyen
Q01266,Malloum,Pour gagner des points : Quel type de question un apprenant peut-il poser ?,Une question pédagogique,Une commande de drone militaire,Une commande bancaire obligatoire,Une réservation aérienne obligatoire,0,10,moyen
Q01267,Malloum,Pour gagner des points : Quelle contrainte doit être prise en compte avec les SMS ?,La longueur limitée des messages,La résolution d'écran 8K,La mémoire GPU,Le débit HDMI,0,10,moyen
Q01268,Malloum,Pour gagner des points : Quel principe de conception est cohérent avec Malloum ?,Contextualiser la réponse pour l'apprenant,Envoyer systématiquement des réponses longues,Ignorer le niveau de l'utilisateur,Exiger une connexion fibre,0,10,moyen
Q01269,Malloum,Pour gagner des points : Quel est le rôle du GSM dans une solution SMS ?,Transporter les messages mobiles,Exécuter le modèle IA,Remplacer la base de données,Créer l'interface graphique,0,10,moyen
Q01270,Malloum,Pour gagner des points : Malloum peut contribuer à…,L'inclusion éducative,La réparation de voitures,La fabrication de processeurs,La production d'électricité,0,10,moyen
Q01271,Malloum,Pour gagner des points : Quel type de contenu est généré ?,Contenu pédagogique,Plans de bâtiments uniquement,Musique uniquement,Images médicales uniquement,0,10,moyen
Q01272,Malloum,Pour gagner des points : Pourquoi une solution SMS peut-elle être pertinente au Cameroun ?,Le mobile est accessible dans des zones où Internet est limité,Le SMS exige la fibre,Le SMS ne fonctionne qu'en laboratoire,Les smartphones sont obligatoires,0,10,moyen
Q01273,Malloum,Pour gagner des points : Malloum illustre quelle approche ?,IA adaptée aux contraintes locales,Technologie sans utilisateur,IA uniquement pour les grandes villes,Système sans données,0,10,moyen
Q01274,Malloum,Pour gagner des points : Quel objectif est le plus cohérent avec Malloum ?,Faciliter l'accès à l'apprentissage,Automatiser les feux rouges,Gérer des stocks de pétrole,Faire du montage vidéo,0,10,moyen
Q01275,Malloum,Pour gagner des points : Quel terme décrit le mieux Malloum ?,Tuteur IA par SMS,Moteur de jeu 3D,Système de comptabilité,Serveur de fichiers,0,10,moyen
Q01276,Malloum,À l'exposition : Quel est le principe de Malloum ?,Un tuteur éducatif génératif accessible par SMS,Une application de météo uniquement,Un jeu de course,Un antivirus,0,10,moyen
Q01277,Malloum,À l'exposition : Quel canal rend Malloum accessible sans smartphone moderne ?,SMS,Bluetooth uniquement,NFC uniquement,HDMI,0,10,moyen
Q01278,Malloum,À l'exposition : Quel type d'IA est associé à Malloum ?,IA générative,IA uniquement matérielle,IA analogique,IA sans modèle,0,10,moyen
Q01279,Malloum,À l'exposition : Quel problème Malloum cherche-t-il à réduire ?,Les limites de connectivité pour l'accès à l'apprentissage,Le manque de voitures,La consommation d'électricité des ménages,La billetterie,0,10,moyen
Q01280,Malloum,À l'exposition : Quel type de système éducatif est Malloum ?,Tuteur intelligent,Système de caisse,ERP agricole,Réseau social,0,10,moyen
Q01281,Malloum,À l'exposition : Malloum est particulièrement adapté aux environnements…,À faible connectivité,Sans utilisateurs,Uniquement hors Afrique,Avec fibre obligatoire,0,10,moyen
Q01282,Malloum,À l'exposition : Quel format de réponse est important pour un service SMS ?,Une réponse concise et adaptée au canal,Une vidéo 4K,Un fichier CAD,Une animation 3D,0,10,moyen
Q01283,Malloum,À l'exposition : Quel rôle joue l'IA générative dans Malloum ?,Générer des réponses pédagogiques contextualisées,Piloter un drone uniquement,Scanner des documents papier,Augmenter la mémoire RAM,0,10,moyen
Q01284,Malloum,À l'exposition : Quel public peut bénéficier de Malloum ?,Des apprenants,Des mécaniciens uniquement,Des pilotes uniquement,Des pêcheurs uniquement,0,10,moyen
Q01285,Malloum,À l'exposition : Quel avantage du SMS est exploité par Malloum ?,Une grande disponibilité sur les téléphones mobiles basiques,La vidéo haute définition,Le téléchargement de jeux lourds,La réalité virtuelle,0,10,moyen
Q01286,Malloum,À l'exposition : Malloum a été associé à quel type de recherche ?,Éducation et ingénierie,Mécanique automobile,Architecture des bâtiments,Chimie industrielle,0,10,moyen
Q01287,Malloum,À l'exposition : Quel prix scientifique a été associé à l'article sur Malloum ?,Best Paper Award,Prix Nobel,Ballon d'Or,Prix Goncourt,0,10,moyen
Q01288,Malloum,À l'exposition : Dans quel contexte éducatif Malloum est-il présenté ?,Apprentissage contextualisé,Jeux d'argent,Commerce international,Transport urbain,0,10,moyen
Q01289,Malloum,À l'exposition : Quel est l'intérêt d'un tuteur par SMS ?,Permettre des échanges éducatifs avec peu de données,Obliger l'utilisateur à installer un GPU,Nécessiter une fibre optique,Bloquer les téléphones basiques,0,10,moyen
Q01290,Malloum,À l'exposition : Malloum vise une IA…,Accessible et inclusive,Réservée aux data centers,Sans interaction,Exclusivement hors ligne sans réseau GSM,0,10,moyen
Q01291,Malloum,À l'exposition : Quel type de question un apprenant peut-il poser ?,Une question pédagogique,Une commande de drone militaire,Une commande bancaire obligatoire,Une réservation aérienne obligatoire,0,10,moyen
Q01292,Malloum,À l'exposition : Quelle contrainte doit être prise en compte avec les SMS ?,La longueur limitée des messages,La résolution d'écran 8K,La mémoire GPU,Le débit HDMI,0,10,moyen
Q01293,Malloum,À l'exposition : Quel principe de conception est cohérent avec Malloum ?,Contextualiser la réponse pour l'apprenant,Envoyer systématiquement des réponses longues,Ignorer le niveau de l'utilisateur,Exiger une connexion fibre,0,10,moyen
Q01294,Malloum,À l'exposition : Quel est le rôle du GSM dans une solution SMS ?,Transporter les messages mobiles,Exécuter le modèle IA,Remplacer la base de données,Créer l'interface graphique,0,10,moyen
Q01295,Malloum,À l'exposition : Malloum peut contribuer à…,L'inclusion éducative,La réparation de voitures,La fabrication de processeurs,La production d'électricité,0,10,moyen
Q01296,Malloum,À l'exposition : Quel type de contenu est généré ?,Contenu pédagogique,Plans de bâtiments uniquement,Musique uniquement,Images médicales uniquement,0,10,moyen
Q01297,Malloum,À l'exposition : Pourquoi une solution SMS peut-elle être pertinente au Cameroun ?,Le mobile est accessible dans des zones où Internet est limité,Le SMS exige la fibre,Le SMS ne fonctionne qu'en laboratoire,Les smartphones sont obligatoires,0,10,moyen
Q01298,Malloum,À l'exposition : Malloum illustre quelle approche ?,IA adaptée aux contraintes locales,Technologie sans utilisateur,IA uniquement pour les grandes villes,Système sans données,0,10,moyen
Q01299,Malloum,À l'exposition : Quel objectif est le plus cohérent avec Malloum ?,Faciliter l'accès à l'apprentissage,Automatiser les feux rouges,Gérer des stocks de pétrole,Faire du montage vidéo,0,10,moyen
Q01300,Malloum,À l'exposition : Quel terme décrit le mieux Malloum ?,Tuteur IA par SMS,Moteur de jeu 3D,Système de comptabilité,Serveur de fichiers,0,10,moyen
Q01301,Malloum,Défi numérique : Quel est le principe de Malloum ?,Un tuteur éducatif génératif accessible par SMS,Une application de météo uniquement,Un jeu de course,Un antivirus,0,10,moyen
Q01302,Malloum,Défi numérique : Quel canal rend Malloum accessible sans smartphone moderne ?,SMS,Bluetooth uniquement,NFC uniquement,HDMI,0,10,moyen
Q01303,Malloum,Défi numérique : Quel type d'IA est associé à Malloum ?,IA générative,IA uniquement matérielle,IA analogique,IA sans modèle,0,10,moyen
Q01304,Malloum,Défi numérique : Quel problème Malloum cherche-t-il à réduire ?,Les limites de connectivité pour l'accès à l'apprentissage,Le manque de voitures,La consommation d'électricité des ménages,La billetterie,0,10,moyen
Q01305,Malloum,Défi numérique : Quel type de système éducatif est Malloum ?,Tuteur intelligent,Système de caisse,ERP agricole,Réseau social,0,10,moyen
Q01306,Malloum,Défi numérique : Malloum est particulièrement adapté aux environnements…,À faible connectivité,Sans utilisateurs,Uniquement hors Afrique,Avec fibre obligatoire,0,10,moyen
Q01307,Malloum,Défi numérique : Quel format de réponse est important pour un service SMS ?,Une réponse concise et adaptée au canal,Une vidéo 4K,Un fichier CAD,Une animation 3D,0,10,moyen
Q01308,Malloum,Défi numérique : Quel rôle joue l'IA générative dans Malloum ?,Générer des réponses pédagogiques contextualisées,Piloter un drone uniquement,Scanner des documents papier,Augmenter la mémoire RAM,0,10,moyen
Q01309,Malloum,Défi numérique : Quel public peut bénéficier de Malloum ?,Des apprenants,Des mécaniciens uniquement,Des pilotes uniquement,Des pêcheurs uniquement,0,10,moyen
Q01310,Malloum,Défi numérique : Quel avantage du SMS est exploité par Malloum ?,Une grande disponibilité sur les téléphones mobiles basiques,La vidéo haute définition,Le téléchargement de jeux lourds,La réalité virtuelle,0,10,moyen
Q01311,Malloum,Défi numérique : Malloum a été associé à quel type de recherche ?,Éducation et ingénierie,Mécanique automobile,Architecture des bâtiments,Chimie industrielle,0,10,moyen
Q01312,Malloum,Défi numérique : Quel prix scientifique a été associé à l'article sur Malloum ?,Best Paper Award,Prix Nobel,Ballon d'Or,Prix Goncourt,0,10,moyen
Q01313,Malloum,Défi numérique : Dans quel contexte éducatif Malloum est-il présenté ?,Apprentissage contextualisé,Jeux d'argent,Commerce international,Transport urbain,0,10,moyen
Q01314,Malloum,Défi numérique : Quel est l'intérêt d'un tuteur par SMS ?,Permettre des échanges éducatifs avec peu de données,Obliger l'utilisateur à installer un GPU,Nécessiter une fibre optique,Bloquer les téléphones basiques,0,10,moyen
Q01315,Malloum,Défi numérique : Malloum vise une IA…,Accessible et inclusive,Réservée aux data centers,Sans interaction,Exclusivement hors ligne sans réseau GSM,0,10,moyen
Q01316,Malloum,Défi numérique : Quel type de question un apprenant peut-il poser ?,Une question pédagogique,Une commande de drone militaire,Une commande bancaire obligatoire,Une réservation aérienne obligatoire,0,10,moyen
Q01317,Malloum,Défi numérique : Quelle contrainte doit être prise en compte avec les SMS ?,La longueur limitée des messages,La résolution d'écran 8K,La mémoire GPU,Le débit HDMI,0,10,moyen
Q01318,Malloum,Défi numérique : Quel principe de conception est cohérent avec Malloum ?,Contextualiser la réponse pour l'apprenant,Envoyer systématiquement des réponses longues,Ignorer le niveau de l'utilisateur,Exiger une connexion fibre,0,10,moyen
Q01319,Malloum,Défi numérique : Quel est le rôle du GSM dans une solution SMS ?,Transporter les messages mobiles,Exécuter le modèle IA,Remplacer la base de données,Créer l'interface graphique,0,10,moyen
Q01320,Malloum,Défi numérique : Malloum peut contribuer à…,L'inclusion éducative,La réparation de voitures,La fabrication de processeurs,La production d'électricité,0,10,moyen
Q01321,Malloum,Défi numérique : Quel type de contenu est généré ?,Contenu pédagogique,Plans de bâtiments uniquement,Musique uniquement,Images médicales uniquement,0,10,moyen
Q01322,Malloum,Défi numérique : Pourquoi une solution SMS peut-elle être pertinente au Cameroun ?,Le mobile est accessible dans des zones où Internet est limité,Le SMS exige la fibre,Le SMS ne fonctionne qu'en laboratoire,Les smartphones sont obligatoires,0,10,moyen
Q01323,Malloum,Défi numérique : Malloum illustre quelle approche ?,IA adaptée aux contraintes locales,Technologie sans utilisateur,IA uniquement pour les grandes villes,Système sans données,0,10,moyen
Q01324,Malloum,Défi numérique : Quel objectif est le plus cohérent avec Malloum ?,Faciliter l'accès à l'apprentissage,Automatiser les feux rouges,Gérer des stocks de pétrole,Faire du montage vidéo,0,10,moyen
Q01325,Malloum,Défi numérique : Quel terme décrit le mieux Malloum ?,Tuteur IA par SMS,Moteur de jeu 3D,Système de comptabilité,Serveur de fichiers,0,10,moyen
Q01326,Malloum,À votre avis : Quel est le principe de Malloum ?,Un tuteur éducatif génératif accessible par SMS,Une application de météo uniquement,Un jeu de course,Un antivirus,0,10,difficile
Q01327,Malloum,À votre avis : Quel canal rend Malloum accessible sans smartphone moderne ?,SMS,Bluetooth uniquement,NFC uniquement,HDMI,0,10,difficile
Q01328,Malloum,À votre avis : Quel type d'IA est associé à Malloum ?,IA générative,IA uniquement matérielle,IA analogique,IA sans modèle,0,10,difficile
Q01329,Malloum,À votre avis : Quel problème Malloum cherche-t-il à réduire ?,Les limites de connectivité pour l'accès à l'apprentissage,Le manque de voitures,La consommation d'électricité des ménages,La billetterie,0,10,difficile
Q01330,Malloum,À votre avis : Quel type de système éducatif est Malloum ?,Tuteur intelligent,Système de caisse,ERP agricole,Réseau social,0,10,difficile
Q01331,Malloum,À votre avis : Malloum est particulièrement adapté aux environnements…,À faible connectivité,Sans utilisateurs,Uniquement hors Afrique,Avec fibre obligatoire,0,10,difficile
Q01332,Malloum,À votre avis : Quel format de réponse est important pour un service SMS ?,Une réponse concise et adaptée au canal,Une vidéo 4K,Un fichier CAD,Une animation 3D,0,10,difficile
Q01333,Malloum,À votre avis : Quel rôle joue l'IA générative dans Malloum ?,Générer des réponses pédagogiques contextualisées,Piloter un drone uniquement,Scanner des documents papier,Augmenter la mémoire RAM,0,10,difficile
Q01334,Malloum,À votre avis : Quel public peut bénéficier de Malloum ?,Des apprenants,Des mécaniciens uniquement,Des pilotes uniquement,Des pêcheurs uniquement,0,10,difficile
Q01335,Malloum,À votre avis : Quel avantage du SMS est exploité par Malloum ?,Une grande disponibilité sur les téléphones mobiles basiques,La vidéo haute définition,Le téléchargement de jeux lourds,La réalité virtuelle,0,10,difficile
Q01336,Malloum,À votre avis : Malloum a été associé à quel type de recherche ?,Éducation et ingénierie,Mécanique automobile,Architecture des bâtiments,Chimie industrielle,0,10,difficile
Q01337,Malloum,À votre avis : Quel prix scientifique a été associé à l'article sur Malloum ?,Best Paper Award,Prix Nobel,Ballon d'Or,Prix Goncourt,0,10,difficile
Q01338,Malloum,À votre avis : Dans quel contexte éducatif Malloum est-il présenté ?,Apprentissage contextualisé,Jeux d'argent,Commerce international,Transport urbain,0,10,difficile
Q01339,Malloum,À votre avis : Quel est l'intérêt d'un tuteur par SMS ?,Permettre des échanges éducatifs avec peu de données,Obliger l'utilisateur à installer un GPU,Nécessiter une fibre optique,Bloquer les téléphones basiques,0,10,difficile
Q01340,Malloum,À votre avis : Malloum vise une IA…,Accessible et inclusive,Réservée aux data centers,Sans interaction,Exclusivement hors ligne sans réseau GSM,0,10,difficile
Q01341,Malloum,À votre avis : Quel type de question un apprenant peut-il poser ?,Une question pédagogique,Une commande de drone militaire,Une commande bancaire obligatoire,Une réservation aérienne obligatoire,0,10,difficile
Q01342,Malloum,À votre avis : Quelle contrainte doit être prise en compte avec les SMS ?,La longueur limitée des messages,La résolution d'écran 8K,La mémoire GPU,Le débit HDMI,0,10,difficile
Q01343,Malloum,À votre avis : Quel principe de conception est cohérent avec Malloum ?,Contextualiser la réponse pour l'apprenant,Envoyer systématiquement des réponses longues,Ignorer le niveau de l'utilisateur,Exiger une connexion fibre,0,10,difficile
Q01344,Malloum,À votre avis : Quel est le rôle du GSM dans une solution SMS ?,Transporter les messages mobiles,Exécuter le modèle IA,Remplacer la base de données,Créer l'interface graphique,0,10,difficile
Q01345,Malloum,À votre avis : Malloum peut contribuer à…,L'inclusion éducative,La réparation de voitures,La fabrication de processeurs,La production d'électricité,0,10,difficile
Q01346,Malloum,À votre avis : Quel type de contenu est généré ?,Contenu pédagogique,Plans de bâtiments uniquement,Musique uniquement,Images médicales uniquement,0,10,difficile
Q01347,Malloum,À votre avis : Pourquoi une solution SMS peut-elle être pertinente au Cameroun ?,Le mobile est accessible dans des zones où Internet est limité,Le SMS exige la fibre,Le SMS ne fonctionne qu'en laboratoire,Les smartphones sont obligatoires,0,10,difficile
Q01348,Malloum,À votre avis : Malloum illustre quelle approche ?,IA adaptée aux contraintes locales,Technologie sans utilisateur,IA uniquement pour les grandes villes,Système sans données,0,10,difficile
Q01349,Malloum,À votre avis : Quel objectif est le plus cohérent avec Malloum ?,Faciliter l'accès à l'apprentissage,Automatiser les feux rouges,Gérer des stocks de pétrole,Faire du montage vidéo,0,10,difficile
Q01350,Malloum,À votre avis : Quel terme décrit le mieux Malloum ?,Tuteur IA par SMS,Moteur de jeu 3D,Système de comptabilité,Serveur de fichiers,0,10,difficile
Q01351,Malloum,Niveau quiz : Quel est le principe de Malloum ?,Un tuteur éducatif génératif accessible par SMS,Une application de météo uniquement,Un jeu de course,Un antivirus,0,10,difficile
Q01352,Malloum,Niveau quiz : Quel canal rend Malloum accessible sans smartphone moderne ?,SMS,Bluetooth uniquement,NFC uniquement,HDMI,0,10,difficile
Q01353,Malloum,Niveau quiz : Quel type d'IA est associé à Malloum ?,IA générative,IA uniquement matérielle,IA analogique,IA sans modèle,0,10,difficile
Q01354,Malloum,Niveau quiz : Quel problème Malloum cherche-t-il à réduire ?,Les limites de connectivité pour l'accès à l'apprentissage,Le manque de voitures,La consommation d'électricité des ménages,La billetterie,0,10,difficile
Q01355,Malloum,Niveau quiz : Quel type de système éducatif est Malloum ?,Tuteur intelligent,Système de caisse,ERP agricole,Réseau social,0,10,difficile
Q01356,Malloum,Niveau quiz : Malloum est particulièrement adapté aux environnements…,À faible connectivité,Sans utilisateurs,Uniquement hors Afrique,Avec fibre obligatoire,0,10,difficile
Q01357,Malloum,Niveau quiz : Quel format de réponse est important pour un service SMS ?,Une réponse concise et adaptée au canal,Une vidéo 4K,Un fichier CAD,Une animation 3D,0,10,difficile
Q01358,Malloum,Niveau quiz : Quel rôle joue l'IA générative dans Malloum ?,Générer des réponses pédagogiques contextualisées,Piloter un drone uniquement,Scanner des documents papier,Augmenter la mémoire RAM,0,10,difficile
Q01359,Malloum,Niveau quiz : Quel public peut bénéficier de Malloum ?,Des apprenants,Des mécaniciens uniquement,Des pilotes uniquement,Des pêcheurs uniquement,0,10,difficile
Q01360,Malloum,Niveau quiz : Quel avantage du SMS est exploité par Malloum ?,Une grande disponibilité sur les téléphones mobiles basiques,La vidéo haute définition,Le téléchargement de jeux lourds,La réalité virtuelle,0,10,difficile
Q01361,Malloum,Niveau quiz : Malloum a été associé à quel type de recherche ?,Éducation et ingénierie,Mécanique automobile,Architecture des bâtiments,Chimie industrielle,0,10,difficile
Q01362,Malloum,Niveau quiz : Quel prix scientifique a été associé à l'article sur Malloum ?,Best Paper Award,Prix Nobel,Ballon d'Or,Prix Goncourt,0,10,difficile
Q01363,Malloum,Niveau quiz : Dans quel contexte éducatif Malloum est-il présenté ?,Apprentissage contextualisé,Jeux d'argent,Commerce international,Transport urbain,0,10,difficile
Q01364,Malloum,Niveau quiz : Quel est l'intérêt d'un tuteur par SMS ?,Permettre des échanges éducatifs avec peu de données,Obliger l'utilisateur à installer un GPU,Nécessiter une fibre optique,Bloquer les téléphones basiques,0,10,difficile
Q01365,Malloum,Niveau quiz : Malloum vise une IA…,Accessible et inclusive,Réservée aux data centers,Sans interaction,Exclusivement hors ligne sans réseau GSM,0,10,difficile
Q01366,Malloum,Niveau quiz : Quel type de question un apprenant peut-il poser ?,Une question pédagogique,Une commande de drone militaire,Une commande bancaire obligatoire,Une réservation aérienne obligatoire,0,10,difficile
Q01367,Malloum,Niveau quiz : Quelle contrainte doit être prise en compte avec les SMS ?,La longueur limitée des messages,La résolution d'écran 8K,La mémoire GPU,Le débit HDMI,0,10,difficile
Q01368,Malloum,Niveau quiz : Quel principe de conception est cohérent avec Malloum ?,Contextualiser la réponse pour l'apprenant,Envoyer systématiquement des réponses longues,Ignorer le niveau de l'utilisateur,Exiger une connexion fibre,0,10,difficile
Q01369,Malloum,Niveau quiz : Quel est le rôle du GSM dans une solution SMS ?,Transporter les messages mobiles,Exécuter le modèle IA,Remplacer la base de données,Créer l'interface graphique,0,10,difficile
Q01370,Malloum,Niveau quiz : Malloum peut contribuer à…,L'inclusion éducative,La réparation de voitures,La fabrication de processeurs,La production d'électricité,0,10,difficile
Q01371,Malloum,Niveau quiz : Quel type de contenu est généré ?,Contenu pédagogique,Plans de bâtiments uniquement,Musique uniquement,Images médicales uniquement,0,10,difficile
Q01372,Malloum,Niveau quiz : Pourquoi une solution SMS peut-elle être pertinente au Cameroun ?,Le mobile est accessible dans des zones où Internet est limité,Le SMS exige la fibre,Le SMS ne fonctionne qu'en laboratoire,Les smartphones sont obligatoires,0,10,difficile
Q01373,Malloum,Niveau quiz : Malloum illustre quelle approche ?,IA adaptée aux contraintes locales,Technologie sans utilisateur,IA uniquement pour les grandes villes,Système sans données,0,10,difficile
Q01374,Malloum,Niveau quiz : Quel objectif est le plus cohérent avec Malloum ?,Faciliter l'accès à l'apprentissage,Automatiser les feux rouges,Gérer des stocks de pétrole,Faire du montage vidéo,0,10,difficile
Q01375,Malloum,Niveau quiz : Quel terme décrit le mieux Malloum ?,Tuteur IA par SMS,Moteur de jeu 3D,Système de comptabilité,Serveur de fichiers,0,10,difficile
Q01376,Malloum,Question suivante : Quel est le principe de Malloum ?,Un tuteur éducatif génératif accessible par SMS,Une application de météo uniquement,Un jeu de course,Un antivirus,0,10,difficile
Q01377,Malloum,Question suivante : Quel canal rend Malloum accessible sans smartphone moderne ?,SMS,Bluetooth uniquement,NFC uniquement,HDMI,0,10,difficile
Q01378,Malloum,Question suivante : Quel type d'IA est associé à Malloum ?,IA générative,IA uniquement matérielle,IA analogique,IA sans modèle,0,10,difficile
Q01379,Malloum,Question suivante : Quel problème Malloum cherche-t-il à réduire ?,Les limites de connectivité pour l'accès à l'apprentissage,Le manque de voitures,La consommation d'électricité des ménages,La billetterie,0,10,difficile
Q01380,Malloum,Question suivante : Quel type de système éducatif est Malloum ?,Tuteur intelligent,Système de caisse,ERP agricole,Réseau social,0,10,difficile
Q01381,Malloum,Question suivante : Malloum est particulièrement adapté aux environnements…,À faible connectivité,Sans utilisateurs,Uniquement hors Afrique,Avec fibre obligatoire,0,10,difficile
Q01382,Malloum,Question suivante : Quel format de réponse est important pour un service SMS ?,Une réponse concise et adaptée au canal,Une vidéo 4K,Un fichier CAD,Une animation 3D,0,10,difficile
Q01383,Malloum,Question suivante : Quel rôle joue l'IA générative dans Malloum ?,Générer des réponses pédagogiques contextualisées,Piloter un drone uniquement,Scanner des documents papier,Augmenter la mémoire RAM,0,10,difficile
Q01384,Malloum,Question suivante : Quel public peut bénéficier de Malloum ?,Des apprenants,Des mécaniciens uniquement,Des pilotes uniquement,Des pêcheurs uniquement,0,10,difficile
Q01385,Malloum,Question suivante : Quel avantage du SMS est exploité par Malloum ?,Une grande disponibilité sur les téléphones mobiles basiques,La vidéo haute définition,Le téléchargement de jeux lourds,La réalité virtuelle,0,10,difficile
Q01386,Malloum,Question suivante : Malloum a été associé à quel type de recherche ?,Éducation et ingénierie,Mécanique automobile,Architecture des bâtiments,Chimie industrielle,0,10,difficile
Q01387,Malloum,Question suivante : Quel prix scientifique a été associé à l'article sur Malloum ?,Best Paper Award,Prix Nobel,Ballon d'Or,Prix Goncourt,0,10,difficile
Q01388,Malloum,Question suivante : Dans quel contexte éducatif Malloum est-il présenté ?,Apprentissage contextualisé,Jeux d'argent,Commerce international,Transport urbain,0,10,difficile
Q01389,Malloum,Question suivante : Quel est l'intérêt d'un tuteur par SMS ?,Permettre des échanges éducatifs avec peu de données,Obliger l'utilisateur à installer un GPU,Nécessiter une fibre optique,Bloquer les téléphones basiques,0,10,difficile
Q01390,Malloum,Question suivante : Malloum vise une IA…,Accessible et inclusive,Réservée aux data centers,Sans interaction,Exclusivement hors ligne sans réseau GSM,0,10,difficile
Q01391,Malloum,Question suivante : Quel type de question un apprenant peut-il poser ?,Une question pédagogique,Une commande de drone militaire,Une commande bancaire obligatoire,Une réservation aérienne obligatoire,0,10,difficile
Q01392,Malloum,Question suivante : Quelle contrainte doit être prise en compte avec les SMS ?,La longueur limitée des messages,La résolution d'écran 8K,La mémoire GPU,Le débit HDMI,0,10,difficile
Q01393,Malloum,Question suivante : Quel principe de conception est cohérent avec Malloum ?,Contextualiser la réponse pour l'apprenant,Envoyer systématiquement des réponses longues,Ignorer le niveau de l'utilisateur,Exiger une connexion fibre,0,10,difficile
Q01394,Malloum,Question suivante : Quel est le rôle du GSM dans une solution SMS ?,Transporter les messages mobiles,Exécuter le modèle IA,Remplacer la base de données,Créer l'interface graphique,0,10,difficile
Q01395,Malloum,Question suivante : Malloum peut contribuer à…,L'inclusion éducative,La réparation de voitures,La fabrication de processeurs,La production d'électricité,0,10,difficile
Q01396,Malloum,Question suivante : Quel type de contenu est généré ?,Contenu pédagogique,Plans de bâtiments uniquement,Musique uniquement,Images médicales uniquement,0,10,difficile
Q01397,Malloum,Question suivante : Pourquoi une solution SMS peut-elle être pertinente au Cameroun ?,Le mobile est accessible dans des zones où Internet est limité,Le SMS exige la fibre,Le SMS ne fonctionne qu'en laboratoire,Les smartphones sont obligatoires,0,10,difficile
Q01398,Malloum,Question suivante : Malloum illustre quelle approche ?,IA adaptée aux contraintes locales,Technologie sans utilisateur,IA uniquement pour les grandes villes,Système sans données,0,10,difficile
Q01399,Malloum,Question suivante : Quel objectif est le plus cohérent avec Malloum ?,Faciliter l'accès à l'apprentissage,Automatiser les feux rouges,Gérer des stocks de pétrole,Faire du montage vidéo,0,10,difficile
Q01400,Malloum,Question suivante : Quel terme décrit le mieux Malloum ?,Tuteur IA par SMS,Moteur de jeu 3D,Système de comptabilité,Serveur de fichiers,0,10,difficile
Q01401,Malloum,Challenge visiteurs : Quel est le principe de Malloum ?,Un tuteur éducatif génératif accessible par SMS,Une application de météo uniquement,Un jeu de course,Un antivirus,0,10,difficile
Q01402,Malloum,Challenge visiteurs : Quel canal rend Malloum accessible sans smartphone moderne ?,SMS,Bluetooth uniquement,NFC uniquement,HDMI,0,10,difficile
Q01403,Malloum,Challenge visiteurs : Quel type d'IA est associé à Malloum ?,IA générative,IA uniquement matérielle,IA analogique,IA sans modèle,0,10,difficile
Q01404,Malloum,Challenge visiteurs : Quel problème Malloum cherche-t-il à réduire ?,Les limites de connectivité pour l'accès à l'apprentissage,Le manque de voitures,La consommation d'électricité des ménages,La billetterie,0,10,difficile
Q01405,Malloum,Challenge visiteurs : Quel type de système éducatif est Malloum ?,Tuteur intelligent,Système de caisse,ERP agricole,Réseau social,0,10,difficile
Q01406,Malloum,Challenge visiteurs : Malloum est particulièrement adapté aux environnements…,À faible connectivité,Sans utilisateurs,Uniquement hors Afrique,Avec fibre obligatoire,0,10,difficile
Q01407,Malloum,Challenge visiteurs : Quel format de réponse est important pour un service SMS ?,Une réponse concise et adaptée au canal,Une vidéo 4K,Un fichier CAD,Une animation 3D,0,10,difficile
Q01408,Malloum,Challenge visiteurs : Quel rôle joue l'IA générative dans Malloum ?,Générer des réponses pédagogiques contextualisées,Piloter un drone uniquement,Scanner des documents papier,Augmenter la mémoire RAM,0,10,difficile
Q01409,Malloum,Challenge visiteurs : Quel public peut bénéficier de Malloum ?,Des apprenants,Des mécaniciens uniquement,Des pilotes uniquement,Des pêcheurs uniquement,0,10,difficile
Q01410,Malloum,Challenge visiteurs : Quel avantage du SMS est exploité par Malloum ?,Une grande disponibilité sur les téléphones mobiles basiques,La vidéo haute définition,Le téléchargement de jeux lourds,La réalité virtuelle,0,10,difficile
Q01411,Malloum,Challenge visiteurs : Malloum a été associé à quel type de recherche ?,Éducation et ingénierie,Mécanique automobile,Architecture des bâtiments,Chimie industrielle,0,10,difficile
Q01412,Malloum,Challenge visiteurs : Quel prix scientifique a été associé à l'article sur Malloum ?,Best Paper Award,Prix Nobel,Ballon d'Or,Prix Goncourt,0,10,difficile
Q01413,Malloum,Challenge visiteurs : Dans quel contexte éducatif Malloum est-il présenté ?,Apprentissage contextualisé,Jeux d'argent,Commerce international,Transport urbain,0,10,difficile
Q01414,Malloum,Challenge visiteurs : Quel est l'intérêt d'un tuteur par SMS ?,Permettre des échanges éducatifs avec peu de données,Obliger l'utilisateur à installer un GPU,Nécessiter une fibre optique,Bloquer les téléphones basiques,0,10,difficile
Q01415,Malloum,Challenge visiteurs : Malloum vise une IA…,Accessible et inclusive,Réservée aux data centers,Sans interaction,Exclusivement hors ligne sans réseau GSM,0,10,difficile
Q01416,Malloum,Challenge visiteurs : Quel type de question un apprenant peut-il poser ?,Une question pédagogique,Une commande de drone militaire,Une commande bancaire obligatoire,Une réservation aérienne obligatoire,0,10,difficile
Q01417,Malloum,Challenge visiteurs : Quelle contrainte doit être prise en compte avec les SMS ?,La longueur limitée des messages,La résolution d'écran 8K,La mémoire GPU,Le débit HDMI,0,10,difficile
Q01418,Malloum,Challenge visiteurs : Quel principe de conception est cohérent avec Malloum ?,Contextualiser la réponse pour l'apprenant,Envoyer systématiquement des réponses longues,Ignorer le niveau de l'utilisateur,Exiger une connexion fibre,0,10,difficile
Q01419,Malloum,Challenge visiteurs : Quel est le rôle du GSM dans une solution SMS ?,Transporter les messages mobiles,Exécuter le modèle IA,Remplacer la base de données,Créer l'interface graphique,0,10,difficile
Q01420,Malloum,Challenge visiteurs : Malloum peut contribuer à…,L'inclusion éducative,La réparation de voitures,La fabrication de processeurs,La production d'électricité,0,10,difficile
Q01421,Malloum,Challenge visiteurs : Quel type de contenu est généré ?,Contenu pédagogique,Plans de bâtiments uniquement,Musique uniquement,Images médicales uniquement,0,10,difficile
Q01422,Malloum,Challenge visiteurs : Pourquoi une solution SMS peut-elle être pertinente au Cameroun ?,Le mobile est accessible dans des zones où Internet est limité,Le SMS exige la fibre,Le SMS ne fonctionne qu'en laboratoire,Les smartphones sont obligatoires,0,10,difficile
Q01423,Malloum,Challenge visiteurs : Malloum illustre quelle approche ?,IA adaptée aux contraintes locales,Technologie sans utilisateur,IA uniquement pour les grandes villes,Système sans données,0,10,difficile
Q01424,Malloum,Challenge visiteurs : Quel objectif est le plus cohérent avec Malloum ?,Faciliter l'accès à l'apprentissage,Automatiser les feux rouges,Gérer des stocks de pétrole,Faire du montage vidéo,0,10,difficile
Q01425,Malloum,Challenge visiteurs : Quel terme décrit le mieux Malloum ?,Tuteur IA par SMS,Moteur de jeu 3D,Système de comptabilité,Serveur de fichiers,0,10,difficile
Q01426,Malloum,Mode compétition : Quel est le principe de Malloum ?,Un tuteur éducatif génératif accessible par SMS,Une application de météo uniquement,Un jeu de course,Un antivirus,0,10,difficile
Q01427,Malloum,Mode compétition : Quel canal rend Malloum accessible sans smartphone moderne ?,SMS,Bluetooth uniquement,NFC uniquement,HDMI,0,10,difficile
Q01428,Malloum,Mode compétition : Quel type d'IA est associé à Malloum ?,IA générative,IA uniquement matérielle,IA analogique,IA sans modèle,0,10,difficile
Q01429,Malloum,Mode compétition : Quel problème Malloum cherche-t-il à réduire ?,Les limites de connectivité pour l'accès à l'apprentissage,Le manque de voitures,La consommation d'électricité des ménages,La billetterie,0,10,difficile
Q01430,Malloum,Mode compétition : Quel type de système éducatif est Malloum ?,Tuteur intelligent,Système de caisse,ERP agricole,Réseau social,0,10,difficile
Q01431,Malloum,Mode compétition : Malloum est particulièrement adapté aux environnements…,À faible connectivité,Sans utilisateurs,Uniquement hors Afrique,Avec fibre obligatoire,0,10,difficile
Q01432,Malloum,Mode compétition : Quel format de réponse est important pour un service SMS ?,Une réponse concise et adaptée au canal,Une vidéo 4K,Un fichier CAD,Une animation 3D,0,10,difficile
Q01433,Malloum,Mode compétition : Quel rôle joue l'IA générative dans Malloum ?,Générer des réponses pédagogiques contextualisées,Piloter un drone uniquement,Scanner des documents papier,Augmenter la mémoire RAM,0,10,difficile
Q01434,Malloum,Mode compétition : Quel public peut bénéficier de Malloum ?,Des apprenants,Des mécaniciens uniquement,Des pilotes uniquement,Des pêcheurs uniquement,0,10,difficile
Q01435,Malloum,Mode compétition : Quel avantage du SMS est exploité par Malloum ?,Une grande disponibilité sur les téléphones mobiles basiques,La vidéo haute définition,Le téléchargement de jeux lourds,La réalité virtuelle,0,10,difficile
Q01436,Malloum,Mode compétition : Malloum a été associé à quel type de recherche ?,Éducation et ingénierie,Mécanique automobile,Architecture des bâtiments,Chimie industrielle,0,10,difficile
Q01437,Malloum,Mode compétition : Quel prix scientifique a été associé à l'article sur Malloum ?,Best Paper Award,Prix Nobel,Ballon d'Or,Prix Goncourt,0,10,difficile
Q01438,Malloum,Mode compétition : Dans quel contexte éducatif Malloum est-il présenté ?,Apprentissage contextualisé,Jeux d'argent,Commerce international,Transport urbain,0,10,difficile
Q01439,Malloum,Mode compétition : Quel est l'intérêt d'un tuteur par SMS ?,Permettre des échanges éducatifs avec peu de données,Obliger l'utilisateur à installer un GPU,Nécessiter une fibre optique,Bloquer les téléphones basiques,0,10,difficile
Q01440,Malloum,Mode compétition : Malloum vise une IA…,Accessible et inclusive,Réservée aux data centers,Sans interaction,Exclusivement hors ligne sans réseau GSM,0,10,difficile
Q01441,Malloum,Mode compétition : Quel type de question un apprenant peut-il poser ?,Une question pédagogique,Une commande de drone militaire,Une commande bancaire obligatoire,Une réservation aérienne obligatoire,0,10,difficile
Q01442,Malloum,Mode compétition : Quelle contrainte doit être prise en compte avec les SMS ?,La longueur limitée des messages,La résolution d'écran 8K,La mémoire GPU,Le débit HDMI,0,10,difficile
Q01443,Malloum,Mode compétition : Quel principe de conception est cohérent avec Malloum ?,Contextualiser la réponse pour l'apprenant,Envoyer systématiquement des réponses longues,Ignorer le niveau de l'utilisateur,Exiger une connexion fibre,0,10,difficile
Q01444,Malloum,Mode compétition : Quel est le rôle du GSM dans une solution SMS ?,Transporter les messages mobiles,Exécuter le modèle IA,Remplacer la base de données,Créer l'interface graphique,0,10,difficile
Q01445,Malloum,Mode compétition : Malloum peut contribuer à…,L'inclusion éducative,La réparation de voitures,La fabrication de processeurs,La production d'électricité,0,10,difficile
Q01446,Malloum,Mode compétition : Quel type de contenu est généré ?,Contenu pédagogique,Plans de bâtiments uniquement,Musique uniquement,Images médicales uniquement,0,10,difficile
Q01447,Malloum,Mode compétition : Pourquoi une solution SMS peut-elle être pertinente au Cameroun ?,Le mobile est accessible dans des zones où Internet est limité,Le SMS exige la fibre,Le SMS ne fonctionne qu'en laboratoire,Les smartphones sont obligatoires,0,10,difficile
Q01448,Malloum,Mode compétition : Malloum illustre quelle approche ?,IA adaptée aux contraintes locales,Technologie sans utilisateur,IA uniquement pour les grandes villes,Système sans données,0,10,difficile
Q01449,Malloum,Mode compétition : Quel objectif est le plus cohérent avec Malloum ?,Faciliter l'accès à l'apprentissage,Automatiser les feux rouges,Gérer des stocks de pétrole,Faire du montage vidéo,0,10,difficile
Q01450,Malloum,Mode compétition : Quel terme décrit le mieux Malloum ?,Tuteur IA par SMS,Moteur de jeu 3D,Système de comptabilité,Serveur de fichiers,0,10,difficile
Q01451,Malloum,Question expert : Quel est le principe de Malloum ?,Un tuteur éducatif génératif accessible par SMS,Une application de météo uniquement,Un jeu de course,Un antivirus,0,10,difficile
Q01452,Malloum,Question expert : Quel canal rend Malloum accessible sans smartphone moderne ?,SMS,Bluetooth uniquement,NFC uniquement,HDMI,0,10,difficile
Q01453,Malloum,Question expert : Quel type d'IA est associé à Malloum ?,IA générative,IA uniquement matérielle,IA analogique,IA sans modèle,0,10,difficile
Q01454,Malloum,Question expert : Quel problème Malloum cherche-t-il à réduire ?,Les limites de connectivité pour l'accès à l'apprentissage,Le manque de voitures,La consommation d'électricité des ménages,La billetterie,0,10,difficile
Q01455,Malloum,Question expert : Quel type de système éducatif est Malloum ?,Tuteur intelligent,Système de caisse,ERP agricole,Réseau social,0,10,difficile
Q01456,Malloum,Question expert : Malloum est particulièrement adapté aux environnements…,À faible connectivité,Sans utilisateurs,Uniquement hors Afrique,Avec fibre obligatoire,0,10,difficile
Q01457,Malloum,Question expert : Quel format de réponse est important pour un service SMS ?,Une réponse concise et adaptée au canal,Une vidéo 4K,Un fichier CAD,Une animation 3D,0,10,difficile
Q01458,Malloum,Question expert : Quel rôle joue l'IA générative dans Malloum ?,Générer des réponses pédagogiques contextualisées,Piloter un drone uniquement,Scanner des documents papier,Augmenter la mémoire RAM,0,10,difficile
Q01459,Malloum,Question expert : Quel public peut bénéficier de Malloum ?,Des apprenants,Des mécaniciens uniquement,Des pilotes uniquement,Des pêcheurs uniquement,0,10,difficile
Q01460,Malloum,Question expert : Quel avantage du SMS est exploité par Malloum ?,Une grande disponibilité sur les téléphones mobiles basiques,La vidéo haute définition,Le téléchargement de jeux lourds,La réalité virtuelle,0,10,difficile
Q01461,Malloum,Question expert : Malloum a été associé à quel type de recherche ?,Éducation et ingénierie,Mécanique automobile,Architecture des bâtiments,Chimie industrielle,0,10,difficile
Q01462,Malloum,Question expert : Quel prix scientifique a été associé à l'article sur Malloum ?,Best Paper Award,Prix Nobel,Ballon d'Or,Prix Goncourt,0,10,difficile
Q01463,Malloum,Question expert : Dans quel contexte éducatif Malloum est-il présenté ?,Apprentissage contextualisé,Jeux d'argent,Commerce international,Transport urbain,0,10,difficile
Q01464,Malloum,Question expert : Quel est l'intérêt d'un tuteur par SMS ?,Permettre des échanges éducatifs avec peu de données,Obliger l'utilisateur à installer un GPU,Nécessiter une fibre optique,Bloquer les téléphones basiques,0,10,difficile
Q01465,Malloum,Question expert : Malloum vise une IA…,Accessible et inclusive,Réservée aux data centers,Sans interaction,Exclusivement hors ligne sans réseau GSM,0,10,difficile
Q01466,Malloum,Question expert : Quel type de question un apprenant peut-il poser ?,Une question pédagogique,Une commande de drone militaire,Une commande bancaire obligatoire,Une réservation aérienne obligatoire,0,10,difficile
Q01467,Malloum,Question expert : Quelle contrainte doit être prise en compte avec les SMS ?,La longueur limitée des messages,La résolution d'écran 8K,La mémoire GPU,Le débit HDMI,0,10,difficile
Q01468,Malloum,Question expert : Quel principe de conception est cohérent avec Malloum ?,Contextualiser la réponse pour l'apprenant,Envoyer systématiquement des réponses longues,Ignorer le niveau de l'utilisateur,Exiger une connexion fibre,0,10,difficile
Q01469,Malloum,Question expert : Quel est le rôle du GSM dans une solution SMS ?,Transporter les messages mobiles,Exécuter le modèle IA,Remplacer la base de données,Créer l'interface graphique,0,10,difficile
Q01470,Malloum,Question expert : Malloum peut contribuer à…,L'inclusion éducative,La réparation de voitures,La fabrication de processeurs,La production d'électricité,0,10,difficile
Q01471,Malloum,Question expert : Quel type de contenu est généré ?,Contenu pédagogique,Plans de bâtiments uniquement,Musique uniquement,Images médicales uniquement,0,10,difficile
Q01472,Malloum,Question expert : Pourquoi une solution SMS peut-elle être pertinente au Cameroun ?,Le mobile est accessible dans des zones où Internet est limité,Le SMS exige la fibre,Le SMS ne fonctionne qu'en laboratoire,Les smartphones sont obligatoires,0,10,difficile
Q01473,Malloum,Question expert : Malloum illustre quelle approche ?,IA adaptée aux contraintes locales,Technologie sans utilisateur,IA uniquement pour les grandes villes,Système sans données,0,10,difficile
Q01474,Malloum,Question expert : Quel objectif est le plus cohérent avec Malloum ?,Faciliter l'accès à l'apprentissage,Automatiser les feux rouges,Gérer des stocks de pétrole,Faire du montage vidéo,0,10,difficile
Q01475,Malloum,Question expert : Quel terme décrit le mieux Malloum ?,Tuteur IA par SMS,Moteur de jeu 3D,Système de comptabilité,Serveur de fichiers,0,10,difficile
Q01476,Malloum,Dernier défi : Quel est le principe de Malloum ?,Un tuteur éducatif génératif accessible par SMS,Une application de météo uniquement,Un jeu de course,Un antivirus,0,10,difficile
Q01477,Malloum,Dernier défi : Quel canal rend Malloum accessible sans smartphone moderne ?,SMS,Bluetooth uniquement,NFC uniquement,HDMI,0,10,difficile
Q01478,Malloum,Dernier défi : Quel type d'IA est associé à Malloum ?,IA générative,IA uniquement matérielle,IA analogique,IA sans modèle,0,10,difficile
Q01479,Malloum,Dernier défi : Quel problème Malloum cherche-t-il à réduire ?,Les limites de connectivité pour l'accès à l'apprentissage,Le manque de voitures,La consommation d'électricité des ménages,La billetterie,0,10,difficile
Q01480,Malloum,Dernier défi : Quel type de système éducatif est Malloum ?,Tuteur intelligent,Système de caisse,ERP agricole,Réseau social,0,10,difficile
Q01481,Malloum,Dernier défi : Malloum est particulièrement adapté aux environnements…,À faible connectivité,Sans utilisateurs,Uniquement hors Afrique,Avec fibre obligatoire,0,10,difficile
Q01482,Malloum,Dernier défi : Quel format de réponse est important pour un service SMS ?,Une réponse concise et adaptée au canal,Une vidéo 4K,Un fichier CAD,Une animation 3D,0,10,difficile
Q01483,Malloum,Dernier défi : Quel rôle joue l'IA générative dans Malloum ?,Générer des réponses pédagogiques contextualisées,Piloter un drone uniquement,Scanner des documents papier,Augmenter la mémoire RAM,0,10,difficile
Q01484,Malloum,Dernier défi : Quel public peut bénéficier de Malloum ?,Des apprenants,Des mécaniciens uniquement,Des pilotes uniquement,Des pêcheurs uniquement,0,10,difficile
Q01485,Malloum,Dernier défi : Quel avantage du SMS est exploité par Malloum ?,Une grande disponibilité sur les téléphones mobiles basiques,La vidéo haute définition,Le téléchargement de jeux lourds,La réalité virtuelle,0,10,difficile
Q01486,Malloum,Dernier défi : Malloum a été associé à quel type de recherche ?,Éducation et ingénierie,Mécanique automobile,Architecture des bâtiments,Chimie industrielle,0,10,difficile
Q01487,Malloum,Dernier défi : Quel prix scientifique a été associé à l'article sur Malloum ?,Best Paper Award,Prix Nobel,Ballon d'Or,Prix Goncourt,0,10,difficile
Q01488,Malloum,Dernier défi : Dans quel contexte éducatif Malloum est-il présenté ?,Apprentissage contextualisé,Jeux d'argent,Commerce international,Transport urbain,0,10,difficile
Q01489,Malloum,Dernier défi : Quel est l'intérêt d'un tuteur par SMS ?,Permettre des échanges éducatifs avec peu de données,Obliger l'utilisateur à installer un GPU,Nécessiter une fibre optique,Bloquer les téléphones basiques,0,10,difficile
Q01490,Malloum,Dernier défi : Malloum vise une IA…,Accessible et inclusive,Réservée aux data centers,Sans interaction,Exclusivement hors ligne sans réseau GSM,0,10,difficile
Q01491,Malloum,Dernier défi : Quel type de question un apprenant peut-il poser ?,Une question pédagogique,Une commande de drone militaire,Une commande bancaire obligatoire,Une réservation aérienne obligatoire,0,10,difficile
Q01492,Malloum,Dernier défi : Quelle contrainte doit être prise en compte avec les SMS ?,La longueur limitée des messages,La résolution d'écran 8K,La mémoire GPU,Le débit HDMI,0,10,difficile
Q01493,Malloum,Dernier défi : Quel principe de conception est cohérent avec Malloum ?,Contextualiser la réponse pour l'apprenant,Envoyer systématiquement des réponses longues,Ignorer le niveau de l'utilisateur,Exiger une connexion fibre,0,10,difficile
Q01494,Malloum,Dernier défi : Quel est le rôle du GSM dans une solution SMS ?,Transporter les messages mobiles,Exécuter le modèle IA,Remplacer la base de données,Créer l'interface graphique,0,10,difficile
Q01495,Malloum,Dernier défi : Malloum peut contribuer à…,L'inclusion éducative,La réparation de voitures,La fabrication de processeurs,La production d'électricité,0,10,difficile
Q01496,Malloum,Dernier défi : Quel type de contenu est généré ?,Contenu pédagogique,Plans de bâtiments uniquement,Musique uniquement,Images médicales uniquement,0,10,difficile
Q01497,Malloum,Dernier défi : Pourquoi une solution SMS peut-elle être pertinente au Cameroun ?,Le mobile est accessible dans des zones où Internet est limité,Le SMS exige la fibre,Le SMS ne fonctionne qu'en laboratoire,Les smartphones sont obligatoires,0,10,difficile
Q01498,Malloum,Dernier défi : Malloum illustre quelle approche ?,IA adaptée aux contraintes locales,Technologie sans utilisateur,IA uniquement pour les grandes villes,Système sans données,0,10,difficile
Q01499,Malloum,Dernier défi : Quel objectif est le plus cohérent avec Malloum ?,Faciliter l'accès à l'apprentissage,Automatiser les feux rouges,Gérer des stocks de pétrole,Faire du montage vidéo,0,10,difficile
Q01500,Malloum,Dernier défi : Quel terme décrit le mieux Malloum ?,Tuteur IA par SMS,Moteur de jeu 3D,Système de comptabilité,Serveur de fichiers,0,10,difficile
Q01501,Intelligence artificielle,Que signifie IA ?,Intelligence artificielle,Internet automatique,Interface analytique,Installation avancée,0,10,facile
Q01502,Intelligence artificielle,Quel domaine permet à une machine d'apprendre à partir de données ?,Machine Learning,Word processing,DNS,Compression,0,10,facile
Q01503,Intelligence artificielle,Quel algorithme est souvent utilisé pour la classification ?,Random Forest,FTP,HTML,SMTP,0,10,facile
Q01504,Intelligence artificielle,Quel type d'apprentissage utilise des données étiquetées ?,Apprentissage supervisé,Apprentissage non supervisé,Apprentissage sans données,Apprentissage analogique,0,10,facile
Q01505,Intelligence artificielle,Quel modèle est adapté à la génération de texte ?,Un grand modèle de langage,Un câble réseau,Un compilateur C,Un disque dur,0,10,facile
Q01506,Intelligence artificielle,Que signifie LLM ?,Large Language Model,Local Logic Machine,Linear Learning Module,Low Level Memory,0,10,facile
Q01507,Intelligence artificielle,Quel problème est typique d'un modèle qui mémorise trop les données d'entraînement ?,Surapprentissage,Sous-échantillonnage,Compression,Routage,0,10,facile
Q01508,Intelligence artificielle,Quel jeu de données sert à évaluer un modèle après entraînement ?,Test set,Source code,DNS table,BIOS,0,10,facile
Q01509,Intelligence artificielle,Pourquoi normaliser certaines données ?,Faciliter l'apprentissage de certains modèles,Augmenter la taille du disque,Créer un réseau Wi-Fi,Installer un navigateur,0,10,facile
Q01510,Intelligence artificielle,Quel algorithme est un classifieur à marge ?,SVM,FTP,JSON,HTTP,0,10,facile
Q01511,Intelligence artificielle,Quel algorithme est basé sur les voisins ?,KNN,CNN uniquement,DNS,SSH,0,10,facile
Q01512,Intelligence artificielle,Quel outil est couramment utilisé en Python pour le calcul scientifique ?,NumPy,HTML,Nginx,Git,0,10,facile
Q01513,Intelligence artificielle,Quel outil Python est courant pour les tableaux de données ?,pandas,React,Docker,Apache,0,10,facile
Q01514,Intelligence artificielle,Quel framework est courant pour le deep learning ?,TensorFlow,Laravel,Next.js,PostgreSQL,0,10,facile
Q01515,Intelligence artificielle,Que mesure une accuracy ?,La proportion de prédictions correctes,La taille du modèle,Le temps de compilation,La RAM utilisée,0,10,facile
Q01516,Intelligence artificielle,Que mesure le recall ?,La capacité à retrouver les vrais positifs,Le nombre de CPU,La vitesse du réseau,La taille d'une image,0,10,facile
Q01517,Intelligence artificielle,Quel risque concerne les réponses inventées d'une IA générative ?,Hallucination,Compilation,Fragmentation,Routage,0,10,facile
Q01518,Intelligence artificielle,Quel est l'intérêt d'un jeu de validation ?,Aider au réglage et au choix du modèle,Remplacer le clavier,Créer un serveur DNS,Stocker des images,0,10,facile
Q01519,Intelligence artificielle,Quel terme désigne l'explication du fonctionnement d'un modèle ?,Explainable AI,Web hosting,Version control,Packet switching,0,10,facile
Q01520,Intelligence artificielle,Quel modèle est spécialisé dans le traitement d'images ?,CNN,FTP,SQL,DNS,0,10,facile
Q01521,Intelligence artificielle,Quel mécanisme est central dans les Transformers ?,Attention,Bluetooth,RAID,BIOS,0,10,facile
Q01522,Intelligence artificielle,Quel est le but d'un prompt ?,Donner une instruction à un modèle génératif,Formater un disque,Créer un câble,Compiler un noyau,0,10,facile
Q01523,Intelligence artificielle,Quel type de données peut être utilisé en vision par ordinateur ?,Images,Ports réseau uniquement,Fichiers BIOS,Tickets,0,10,facile
Q01524,Intelligence artificielle,Pourquoi séparer train et test ?,Pour mesurer la généralisation,Pour augmenter le nombre de claviers,Pour remplacer les labels,Pour supprimer les données,0,10,facile
Q01525,Intelligence artificielle,Quel concept décrit la capacité d'un modèle à fonctionner sur de nouvelles données ?,Généralisation,Encapsulation,Routage,Chiffrement,0,10,facile
Q01526,Intelligence artificielle,Au stand MIT : Que signifie IA ?,Intelligence artificielle,Internet automatique,Interface analytique,Installation avancée,0,10,facile
Q01527,Intelligence artificielle,Au stand MIT : Quel domaine permet à une machine d'apprendre à partir de données ?,Machine Learning,Word processing,DNS,Compression,0,10,facile
Q01528,Intelligence artificielle,Au stand MIT : Quel algorithme est souvent utilisé pour la classification ?,Random Forest,FTP,HTML,SMTP,0,10,facile
Q01529,Intelligence artificielle,Au stand MIT : Quel type d'apprentissage utilise des données étiquetées ?,Apprentissage supervisé,Apprentissage non supervisé,Apprentissage sans données,Apprentissage analogique,0,10,facile
Q01530,Intelligence artificielle,Au stand MIT : Quel modèle est adapté à la génération de texte ?,Un grand modèle de langage,Un câble réseau,Un compilateur C,Un disque dur,0,10,facile
Q01531,Intelligence artificielle,Au stand MIT : Que signifie LLM ?,Large Language Model,Local Logic Machine,Linear Learning Module,Low Level Memory,0,10,facile
Q01532,Intelligence artificielle,Au stand MIT : Quel problème est typique d'un modèle qui mémorise trop les données d'entraînement ?,Surapprentissage,Sous-échantillonnage,Compression,Routage,0,10,facile
Q01533,Intelligence artificielle,Au stand MIT : Quel jeu de données sert à évaluer un modèle après entraînement ?,Test set,Source code,DNS table,BIOS,0,10,facile
Q01534,Intelligence artificielle,Au stand MIT : Pourquoi normaliser certaines données ?,Faciliter l'apprentissage de certains modèles,Augmenter la taille du disque,Créer un réseau Wi-Fi,Installer un navigateur,0,10,facile
Q01535,Intelligence artificielle,Au stand MIT : Quel algorithme est un classifieur à marge ?,SVM,FTP,JSON,HTTP,0,10,facile
Q01536,Intelligence artificielle,Au stand MIT : Quel algorithme est basé sur les voisins ?,KNN,CNN uniquement,DNS,SSH,0,10,facile
Q01537,Intelligence artificielle,Au stand MIT : Quel outil est couramment utilisé en Python pour le calcul scientifique ?,NumPy,HTML,Nginx,Git,0,10,facile
Q01538,Intelligence artificielle,Au stand MIT : Quel outil Python est courant pour les tableaux de données ?,pandas,React,Docker,Apache,0,10,facile
Q01539,Intelligence artificielle,Au stand MIT : Quel framework est courant pour le deep learning ?,TensorFlow,Laravel,Next.js,PostgreSQL,0,10,facile
Q01540,Intelligence artificielle,Au stand MIT : Que mesure une accuracy ?,La proportion de prédictions correctes,La taille du modèle,Le temps de compilation,La RAM utilisée,0,10,facile
Q01541,Intelligence artificielle,Au stand MIT : Que mesure le recall ?,La capacité à retrouver les vrais positifs,Le nombre de CPU,La vitesse du réseau,La taille d'une image,0,10,facile
Q01542,Intelligence artificielle,Au stand MIT : Quel risque concerne les réponses inventées d'une IA générative ?,Hallucination,Compilation,Fragmentation,Routage,0,10,facile
Q01543,Intelligence artificielle,Au stand MIT : Quel est l'intérêt d'un jeu de validation ?,Aider au réglage et au choix du modèle,Remplacer le clavier,Créer un serveur DNS,Stocker des images,0,10,facile
Q01544,Intelligence artificielle,Au stand MIT : Quel terme désigne l'explication du fonctionnement d'un modèle ?,Explainable AI,Web hosting,Version control,Packet switching,0,10,facile
Q01545,Intelligence artificielle,Au stand MIT : Quel modèle est spécialisé dans le traitement d'images ?,CNN,FTP,SQL,DNS,0,10,facile
Q01546,Intelligence artificielle,Au stand MIT : Quel mécanisme est central dans les Transformers ?,Attention,Bluetooth,RAID,BIOS,0,10,facile
Q01547,Intelligence artificielle,Au stand MIT : Quel est le but d'un prompt ?,Donner une instruction à un modèle génératif,Formater un disque,Créer un câble,Compiler un noyau,0,10,facile
Q01548,Intelligence artificielle,Au stand MIT : Quel type de données peut être utilisé en vision par ordinateur ?,Images,Ports réseau uniquement,Fichiers BIOS,Tickets,0,10,facile
Q01549,Intelligence artificielle,Au stand MIT : Pourquoi séparer train et test ?,Pour mesurer la généralisation,Pour augmenter le nombre de claviers,Pour remplacer les labels,Pour supprimer les données,0,10,facile
Q01550,Intelligence artificielle,Au stand MIT : Quel concept décrit la capacité d'un modèle à fonctionner sur de nouvelles données ?,Généralisation,Encapsulation,Routage,Chiffrement,0,10,facile
Q01551,Intelligence artificielle,Défi express : Que signifie IA ?,Intelligence artificielle,Internet automatique,Interface analytique,Installation avancée,0,10,facile
Q01552,Intelligence artificielle,Défi express : Quel domaine permet à une machine d'apprendre à partir de données ?,Machine Learning,Word processing,DNS,Compression,0,10,facile
Q01553,Intelligence artificielle,Défi express : Quel algorithme est souvent utilisé pour la classification ?,Random Forest,FTP,HTML,SMTP,0,10,facile
Q01554,Intelligence artificielle,Défi express : Quel type d'apprentissage utilise des données étiquetées ?,Apprentissage supervisé,Apprentissage non supervisé,Apprentissage sans données,Apprentissage analogique,0,10,facile
Q01555,Intelligence artificielle,Défi express : Quel modèle est adapté à la génération de texte ?,Un grand modèle de langage,Un câble réseau,Un compilateur C,Un disque dur,0,10,facile
Q01556,Intelligence artificielle,Défi express : Que signifie LLM ?,Large Language Model,Local Logic Machine,Linear Learning Module,Low Level Memory,0,10,facile
Q01557,Intelligence artificielle,Défi express : Quel problème est typique d'un modèle qui mémorise trop les données d'entraînement ?,Surapprentissage,Sous-échantillonnage,Compression,Routage,0,10,facile
Q01558,Intelligence artificielle,Défi express : Quel jeu de données sert à évaluer un modèle après entraînement ?,Test set,Source code,DNS table,BIOS,0,10,facile
Q01559,Intelligence artificielle,Défi express : Pourquoi normaliser certaines données ?,Faciliter l'apprentissage de certains modèles,Augmenter la taille du disque,Créer un réseau Wi-Fi,Installer un navigateur,0,10,facile
Q01560,Intelligence artificielle,Défi express : Quel algorithme est un classifieur à marge ?,SVM,FTP,JSON,HTTP,0,10,facile
Q01561,Intelligence artificielle,Défi express : Quel algorithme est basé sur les voisins ?,KNN,CNN uniquement,DNS,SSH,0,10,facile
Q01562,Intelligence artificielle,Défi express : Quel outil est couramment utilisé en Python pour le calcul scientifique ?,NumPy,HTML,Nginx,Git,0,10,facile
Q01563,Intelligence artificielle,Défi express : Quel outil Python est courant pour les tableaux de données ?,pandas,React,Docker,Apache,0,10,facile
Q01564,Intelligence artificielle,Défi express : Quel framework est courant pour le deep learning ?,TensorFlow,Laravel,Next.js,PostgreSQL,0,10,facile
Q01565,Intelligence artificielle,Défi express : Que mesure une accuracy ?,La proportion de prédictions correctes,La taille du modèle,Le temps de compilation,La RAM utilisée,0,10,facile
Q01566,Intelligence artificielle,Défi express : Que mesure le recall ?,La capacité à retrouver les vrais positifs,Le nombre de CPU,La vitesse du réseau,La taille d'une image,0,10,facile
Q01567,Intelligence artificielle,Défi express : Quel risque concerne les réponses inventées d'une IA générative ?,Hallucination,Compilation,Fragmentation,Routage,0,10,facile
Q01568,Intelligence artificielle,Défi express : Quel est l'intérêt d'un jeu de validation ?,Aider au réglage et au choix du modèle,Remplacer le clavier,Créer un serveur DNS,Stocker des images,0,10,facile
Q01569,Intelligence artificielle,Défi express : Quel terme désigne l'explication du fonctionnement d'un modèle ?,Explainable AI,Web hosting,Version control,Packet switching,0,10,facile
Q01570,Intelligence artificielle,Défi express : Quel modèle est spécialisé dans le traitement d'images ?,CNN,FTP,SQL,DNS,0,10,facile
Q01571,Intelligence artificielle,Défi express : Quel mécanisme est central dans les Transformers ?,Attention,Bluetooth,RAID,BIOS,0,10,facile
Q01572,Intelligence artificielle,Défi express : Quel est le but d'un prompt ?,Donner une instruction à un modèle génératif,Formater un disque,Créer un câble,Compiler un noyau,0,10,facile
Q01573,Intelligence artificielle,Défi express : Quel type de données peut être utilisé en vision par ordinateur ?,Images,Ports réseau uniquement,Fichiers BIOS,Tickets,0,10,facile
Q01574,Intelligence artificielle,Défi express : Pourquoi séparer train et test ?,Pour mesurer la généralisation,Pour augmenter le nombre de claviers,Pour remplacer les labels,Pour supprimer les données,0,10,facile
Q01575,Intelligence artificielle,Défi express : Quel concept décrit la capacité d'un modèle à fonctionner sur de nouvelles données ?,Généralisation,Encapsulation,Routage,Chiffrement,0,10,facile
Q01576,Intelligence artificielle,Testez vos connaissances : Que signifie IA ?,Intelligence artificielle,Internet automatique,Interface analytique,Installation avancée,0,10,facile
Q01577,Intelligence artificielle,Testez vos connaissances : Quel domaine permet à une machine d'apprendre à partir de données ?,Machine Learning,Word processing,DNS,Compression,0,10,facile
Q01578,Intelligence artificielle,Testez vos connaissances : Quel algorithme est souvent utilisé pour la classification ?,Random Forest,FTP,HTML,SMTP,0,10,facile
Q01579,Intelligence artificielle,Testez vos connaissances : Quel type d'apprentissage utilise des données étiquetées ?,Apprentissage supervisé,Apprentissage non supervisé,Apprentissage sans données,Apprentissage analogique,0,10,facile
Q01580,Intelligence artificielle,Testez vos connaissances : Quel modèle est adapté à la génération de texte ?,Un grand modèle de langage,Un câble réseau,Un compilateur C,Un disque dur,0,10,facile
Q01581,Intelligence artificielle,Testez vos connaissances : Que signifie LLM ?,Large Language Model,Local Logic Machine,Linear Learning Module,Low Level Memory,0,10,facile
Q01582,Intelligence artificielle,Testez vos connaissances : Quel problème est typique d'un modèle qui mémorise trop les données d'entraînement ?,Surapprentissage,Sous-échantillonnage,Compression,Routage,0,10,facile
Q01583,Intelligence artificielle,Testez vos connaissances : Quel jeu de données sert à évaluer un modèle après entraînement ?,Test set,Source code,DNS table,BIOS,0,10,facile
Q01584,Intelligence artificielle,Testez vos connaissances : Pourquoi normaliser certaines données ?,Faciliter l'apprentissage de certains modèles,Augmenter la taille du disque,Créer un réseau Wi-Fi,Installer un navigateur,0,10,facile
Q01585,Intelligence artificielle,Testez vos connaissances : Quel algorithme est un classifieur à marge ?,SVM,FTP,JSON,HTTP,0,10,facile
Q01586,Intelligence artificielle,Testez vos connaissances : Quel algorithme est basé sur les voisins ?,KNN,CNN uniquement,DNS,SSH,0,10,facile
Q01587,Intelligence artificielle,Testez vos connaissances : Quel outil est couramment utilisé en Python pour le calcul scientifique ?,NumPy,HTML,Nginx,Git,0,10,facile
Q01588,Intelligence artificielle,Testez vos connaissances : Quel outil Python est courant pour les tableaux de données ?,pandas,React,Docker,Apache,0,10,facile
Q01589,Intelligence artificielle,Testez vos connaissances : Quel framework est courant pour le deep learning ?,TensorFlow,Laravel,Next.js,PostgreSQL,0,10,facile
Q01590,Intelligence artificielle,Testez vos connaissances : Que mesure une accuracy ?,La proportion de prédictions correctes,La taille du modèle,Le temps de compilation,La RAM utilisée,0,10,facile
Q01591,Intelligence artificielle,Testez vos connaissances : Que mesure le recall ?,La capacité à retrouver les vrais positifs,Le nombre de CPU,La vitesse du réseau,La taille d'une image,0,10,facile
Q01592,Intelligence artificielle,Testez vos connaissances : Quel risque concerne les réponses inventées d'une IA générative ?,Hallucination,Compilation,Fragmentation,Routage,0,10,facile
Q01593,Intelligence artificielle,Testez vos connaissances : Quel est l'intérêt d'un jeu de validation ?,Aider au réglage et au choix du modèle,Remplacer le clavier,Créer un serveur DNS,Stocker des images,0,10,facile
Q01594,Intelligence artificielle,Testez vos connaissances : Quel terme désigne l'explication du fonctionnement d'un modèle ?,Explainable AI,Web hosting,Version control,Packet switching,0,10,facile
Q01595,Intelligence artificielle,Testez vos connaissances : Quel modèle est spécialisé dans le traitement d'images ?,CNN,FTP,SQL,DNS,0,10,facile
Q01596,Intelligence artificielle,Testez vos connaissances : Quel mécanisme est central dans les Transformers ?,Attention,Bluetooth,RAID,BIOS,0,10,facile
Q01597,Intelligence artificielle,Testez vos connaissances : Quel est le but d'un prompt ?,Donner une instruction à un modèle génératif,Formater un disque,Créer un câble,Compiler un noyau,0,10,facile
Q01598,Intelligence artificielle,Testez vos connaissances : Quel type de données peut être utilisé en vision par ordinateur ?,Images,Ports réseau uniquement,Fichiers BIOS,Tickets,0,10,facile
Q01599,Intelligence artificielle,Testez vos connaissances : Pourquoi séparer train et test ?,Pour mesurer la généralisation,Pour augmenter le nombre de claviers,Pour remplacer les labels,Pour supprimer les données,0,10,facile
Q01600,Intelligence artificielle,Testez vos connaissances : Quel concept décrit la capacité d'un modèle à fonctionner sur de nouvelles données ?,Généralisation,Encapsulation,Routage,Chiffrement,0,10,facile
Q01601,Intelligence artificielle,Le saviez-vous ? Que signifie IA ?,Intelligence artificielle,Internet automatique,Interface analytique,Installation avancée,0,10,facile
Q01602,Intelligence artificielle,Le saviez-vous ? Quel domaine permet à une machine d'apprendre à partir de données ?,Machine Learning,Word processing,DNS,Compression,0,10,facile
Q01603,Intelligence artificielle,Le saviez-vous ? Quel algorithme est souvent utilisé pour la classification ?,Random Forest,FTP,HTML,SMTP,0,10,facile
Q01604,Intelligence artificielle,Le saviez-vous ? Quel type d'apprentissage utilise des données étiquetées ?,Apprentissage supervisé,Apprentissage non supervisé,Apprentissage sans données,Apprentissage analogique,0,10,facile
Q01605,Intelligence artificielle,Le saviez-vous ? Quel modèle est adapté à la génération de texte ?,Un grand modèle de langage,Un câble réseau,Un compilateur C,Un disque dur,0,10,facile
Q01606,Intelligence artificielle,Le saviez-vous ? Que signifie LLM ?,Large Language Model,Local Logic Machine,Linear Learning Module,Low Level Memory,0,10,facile
Q01607,Intelligence artificielle,Le saviez-vous ? Quel problème est typique d'un modèle qui mémorise trop les données d'entraînement ?,Surapprentissage,Sous-échantillonnage,Compression,Routage,0,10,facile
Q01608,Intelligence artificielle,Le saviez-vous ? Quel jeu de données sert à évaluer un modèle après entraînement ?,Test set,Source code,DNS table,BIOS,0,10,facile
Q01609,Intelligence artificielle,Le saviez-vous ? Pourquoi normaliser certaines données ?,Faciliter l'apprentissage de certains modèles,Augmenter la taille du disque,Créer un réseau Wi-Fi,Installer un navigateur,0,10,facile
Q01610,Intelligence artificielle,Le saviez-vous ? Quel algorithme est un classifieur à marge ?,SVM,FTP,JSON,HTTP,0,10,facile
Q01611,Intelligence artificielle,Le saviez-vous ? Quel algorithme est basé sur les voisins ?,KNN,CNN uniquement,DNS,SSH,0,10,facile
Q01612,Intelligence artificielle,Le saviez-vous ? Quel outil est couramment utilisé en Python pour le calcul scientifique ?,NumPy,HTML,Nginx,Git,0,10,facile
Q01613,Intelligence artificielle,Le saviez-vous ? Quel outil Python est courant pour les tableaux de données ?,pandas,React,Docker,Apache,0,10,facile
Q01614,Intelligence artificielle,Le saviez-vous ? Quel framework est courant pour le deep learning ?,TensorFlow,Laravel,Next.js,PostgreSQL,0,10,facile
Q01615,Intelligence artificielle,Le saviez-vous ? Que mesure une accuracy ?,La proportion de prédictions correctes,La taille du modèle,Le temps de compilation,La RAM utilisée,0,10,facile
Q01616,Intelligence artificielle,Le saviez-vous ? Que mesure le recall ?,La capacité à retrouver les vrais positifs,Le nombre de CPU,La vitesse du réseau,La taille d'une image,0,10,facile
Q01617,Intelligence artificielle,Le saviez-vous ? Quel risque concerne les réponses inventées d'une IA générative ?,Hallucination,Compilation,Fragmentation,Routage,0,10,facile
Q01618,Intelligence artificielle,Le saviez-vous ? Quel est l'intérêt d'un jeu de validation ?,Aider au réglage et au choix du modèle,Remplacer le clavier,Créer un serveur DNS,Stocker des images,0,10,facile
Q01619,Intelligence artificielle,Le saviez-vous ? Quel terme désigne l'explication du fonctionnement d'un modèle ?,Explainable AI,Web hosting,Version control,Packet switching,0,10,facile
Q01620,Intelligence artificielle,Le saviez-vous ? Quel modèle est spécialisé dans le traitement d'images ?,CNN,FTP,SQL,DNS,0,10,facile
Q01621,Intelligence artificielle,Le saviez-vous ? Quel mécanisme est central dans les Transformers ?,Attention,Bluetooth,RAID,BIOS,0,10,facile
Q01622,Intelligence artificielle,Le saviez-vous ? Quel est le but d'un prompt ?,Donner une instruction à un modèle génératif,Formater un disque,Créer un câble,Compiler un noyau,0,10,facile
Q01623,Intelligence artificielle,Le saviez-vous ? Quel type de données peut être utilisé en vision par ordinateur ?,Images,Ports réseau uniquement,Fichiers BIOS,Tickets,0,10,facile
Q01624,Intelligence artificielle,Le saviez-vous ? Pourquoi séparer train et test ?,Pour mesurer la généralisation,Pour augmenter le nombre de claviers,Pour remplacer les labels,Pour supprimer les données,0,10,facile
Q01625,Intelligence artificielle,Le saviez-vous ? Quel concept décrit la capacité d'un modèle à fonctionner sur de nouvelles données ?,Généralisation,Encapsulation,Routage,Chiffrement,0,10,facile
Q01626,Intelligence artificielle,Quiz du jour : Que signifie IA ?,Intelligence artificielle,Internet automatique,Interface analytique,Installation avancée,0,10,moyen
Q01627,Intelligence artificielle,Quiz du jour : Quel domaine permet à une machine d'apprendre à partir de données ?,Machine Learning,Word processing,DNS,Compression,0,10,moyen
Q01628,Intelligence artificielle,Quiz du jour : Quel algorithme est souvent utilisé pour la classification ?,Random Forest,FTP,HTML,SMTP,0,10,moyen
Q01629,Intelligence artificielle,Quiz du jour : Quel type d'apprentissage utilise des données étiquetées ?,Apprentissage supervisé,Apprentissage non supervisé,Apprentissage sans données,Apprentissage analogique,0,10,moyen
Q01630,Intelligence artificielle,Quiz du jour : Quel modèle est adapté à la génération de texte ?,Un grand modèle de langage,Un câble réseau,Un compilateur C,Un disque dur,0,10,moyen
Q01631,Intelligence artificielle,Quiz du jour : Que signifie LLM ?,Large Language Model,Local Logic Machine,Linear Learning Module,Low Level Memory,0,10,moyen
Q01632,Intelligence artificielle,Quiz du jour : Quel problème est typique d'un modèle qui mémorise trop les données d'entraînement ?,Surapprentissage,Sous-échantillonnage,Compression,Routage,0,10,moyen
Q01633,Intelligence artificielle,Quiz du jour : Quel jeu de données sert à évaluer un modèle après entraînement ?,Test set,Source code,DNS table,BIOS,0,10,moyen
Q01634,Intelligence artificielle,Quiz du jour : Pourquoi normaliser certaines données ?,Faciliter l'apprentissage de certains modèles,Augmenter la taille du disque,Créer un réseau Wi-Fi,Installer un navigateur,0,10,moyen
Q01635,Intelligence artificielle,Quiz du jour : Quel algorithme est un classifieur à marge ?,SVM,FTP,JSON,HTTP,0,10,moyen
Q01636,Intelligence artificielle,Quiz du jour : Quel algorithme est basé sur les voisins ?,KNN,CNN uniquement,DNS,SSH,0,10,moyen
Q01637,Intelligence artificielle,Quiz du jour : Quel outil est couramment utilisé en Python pour le calcul scientifique ?,NumPy,HTML,Nginx,Git,0,10,moyen
Q01638,Intelligence artificielle,Quiz du jour : Quel outil Python est courant pour les tableaux de données ?,pandas,React,Docker,Apache,0,10,moyen
Q01639,Intelligence artificielle,Quiz du jour : Quel framework est courant pour le deep learning ?,TensorFlow,Laravel,Next.js,PostgreSQL,0,10,moyen
Q01640,Intelligence artificielle,Quiz du jour : Que mesure une accuracy ?,La proportion de prédictions correctes,La taille du modèle,Le temps de compilation,La RAM utilisée,0,10,moyen
Q01641,Intelligence artificielle,Quiz du jour : Que mesure le recall ?,La capacité à retrouver les vrais positifs,Le nombre de CPU,La vitesse du réseau,La taille d'une image,0,10,moyen
Q01642,Intelligence artificielle,Quiz du jour : Quel risque concerne les réponses inventées d'une IA générative ?,Hallucination,Compilation,Fragmentation,Routage,0,10,moyen
Q01643,Intelligence artificielle,Quiz du jour : Quel est l'intérêt d'un jeu de validation ?,Aider au réglage et au choix du modèle,Remplacer le clavier,Créer un serveur DNS,Stocker des images,0,10,moyen
Q01644,Intelligence artificielle,Quiz du jour : Quel terme désigne l'explication du fonctionnement d'un modèle ?,Explainable AI,Web hosting,Version control,Packet switching,0,10,moyen
Q01645,Intelligence artificielle,Quiz du jour : Quel modèle est spécialisé dans le traitement d'images ?,CNN,FTP,SQL,DNS,0,10,moyen
Q01646,Intelligence artificielle,Quiz du jour : Quel mécanisme est central dans les Transformers ?,Attention,Bluetooth,RAID,BIOS,0,10,moyen
Q01647,Intelligence artificielle,Quiz du jour : Quel est le but d'un prompt ?,Donner une instruction à un modèle génératif,Formater un disque,Créer un câble,Compiler un noyau,0,10,moyen
Q01648,Intelligence artificielle,Quiz du jour : Quel type de données peut être utilisé en vision par ordinateur ?,Images,Ports réseau uniquement,Fichiers BIOS,Tickets,0,10,moyen
Q01649,Intelligence artificielle,Quiz du jour : Pourquoi séparer train et test ?,Pour mesurer la généralisation,Pour augmenter le nombre de claviers,Pour remplacer les labels,Pour supprimer les données,0,10,moyen
Q01650,Intelligence artificielle,Quiz du jour : Quel concept décrit la capacité d'un modèle à fonctionner sur de nouvelles données ?,Généralisation,Encapsulation,Routage,Chiffrement,0,10,moyen
Q01651,Intelligence artificielle,À vous de jouer : Que signifie IA ?,Intelligence artificielle,Internet automatique,Interface analytique,Installation avancée,0,10,moyen
Q01652,Intelligence artificielle,À vous de jouer : Quel domaine permet à une machine d'apprendre à partir de données ?,Machine Learning,Word processing,DNS,Compression,0,10,moyen
Q01653,Intelligence artificielle,À vous de jouer : Quel algorithme est souvent utilisé pour la classification ?,Random Forest,FTP,HTML,SMTP,0,10,moyen
Q01654,Intelligence artificielle,À vous de jouer : Quel type d'apprentissage utilise des données étiquetées ?,Apprentissage supervisé,Apprentissage non supervisé,Apprentissage sans données,Apprentissage analogique,0,10,moyen
Q01655,Intelligence artificielle,À vous de jouer : Quel modèle est adapté à la génération de texte ?,Un grand modèle de langage,Un câble réseau,Un compilateur C,Un disque dur,0,10,moyen
Q01656,Intelligence artificielle,À vous de jouer : Que signifie LLM ?,Large Language Model,Local Logic Machine,Linear Learning Module,Low Level Memory,0,10,moyen
Q01657,Intelligence artificielle,À vous de jouer : Quel problème est typique d'un modèle qui mémorise trop les données d'entraînement ?,Surapprentissage,Sous-échantillonnage,Compression,Routage,0,10,moyen
Q01658,Intelligence artificielle,À vous de jouer : Quel jeu de données sert à évaluer un modèle après entraînement ?,Test set,Source code,DNS table,BIOS,0,10,moyen
Q01659,Intelligence artificielle,À vous de jouer : Pourquoi normaliser certaines données ?,Faciliter l'apprentissage de certains modèles,Augmenter la taille du disque,Créer un réseau Wi-Fi,Installer un navigateur,0,10,moyen
Q01660,Intelligence artificielle,À vous de jouer : Quel algorithme est un classifieur à marge ?,SVM,FTP,JSON,HTTP,0,10,moyen
Q01661,Intelligence artificielle,À vous de jouer : Quel algorithme est basé sur les voisins ?,KNN,CNN uniquement,DNS,SSH,0,10,moyen
Q01662,Intelligence artificielle,À vous de jouer : Quel outil est couramment utilisé en Python pour le calcul scientifique ?,NumPy,HTML,Nginx,Git,0,10,moyen
Q01663,Intelligence artificielle,À vous de jouer : Quel outil Python est courant pour les tableaux de données ?,pandas,React,Docker,Apache,0,10,moyen
Q01664,Intelligence artificielle,À vous de jouer : Quel framework est courant pour le deep learning ?,TensorFlow,Laravel,Next.js,PostgreSQL,0,10,moyen
Q01665,Intelligence artificielle,À vous de jouer : Que mesure une accuracy ?,La proportion de prédictions correctes,La taille du modèle,Le temps de compilation,La RAM utilisée,0,10,moyen
Q01666,Intelligence artificielle,À vous de jouer : Que mesure le recall ?,La capacité à retrouver les vrais positifs,Le nombre de CPU,La vitesse du réseau,La taille d'une image,0,10,moyen
Q01667,Intelligence artificielle,À vous de jouer : Quel risque concerne les réponses inventées d'une IA générative ?,Hallucination,Compilation,Fragmentation,Routage,0,10,moyen
Q01668,Intelligence artificielle,À vous de jouer : Quel est l'intérêt d'un jeu de validation ?,Aider au réglage et au choix du modèle,Remplacer le clavier,Créer un serveur DNS,Stocker des images,0,10,moyen
Q01669,Intelligence artificielle,À vous de jouer : Quel terme désigne l'explication du fonctionnement d'un modèle ?,Explainable AI,Web hosting,Version control,Packet switching,0,10,moyen
Q01670,Intelligence artificielle,À vous de jouer : Quel modèle est spécialisé dans le traitement d'images ?,CNN,FTP,SQL,DNS,0,10,moyen
Q01671,Intelligence artificielle,À vous de jouer : Quel mécanisme est central dans les Transformers ?,Attention,Bluetooth,RAID,BIOS,0,10,moyen
Q01672,Intelligence artificielle,À vous de jouer : Quel est le but d'un prompt ?,Donner une instruction à un modèle génératif,Formater un disque,Créer un câble,Compiler un noyau,0,10,moyen
Q01673,Intelligence artificielle,À vous de jouer : Quel type de données peut être utilisé en vision par ordinateur ?,Images,Ports réseau uniquement,Fichiers BIOS,Tickets,0,10,moyen
Q01674,Intelligence artificielle,À vous de jouer : Pourquoi séparer train et test ?,Pour mesurer la généralisation,Pour augmenter le nombre de claviers,Pour remplacer les labels,Pour supprimer les données,0,10,moyen
Q01675,Intelligence artificielle,À vous de jouer : Quel concept décrit la capacité d'un modèle à fonctionner sur de nouvelles données ?,Généralisation,Encapsulation,Routage,Chiffrement,0,10,moyen
Q01676,Intelligence artificielle,Challenge : Que signifie IA ?,Intelligence artificielle,Internet automatique,Interface analytique,Installation avancée,0,10,moyen
Q01677,Intelligence artificielle,Challenge : Quel domaine permet à une machine d'apprendre à partir de données ?,Machine Learning,Word processing,DNS,Compression,0,10,moyen
Q01678,Intelligence artificielle,Challenge : Quel algorithme est souvent utilisé pour la classification ?,Random Forest,FTP,HTML,SMTP,0,10,moyen
Q01679,Intelligence artificielle,Challenge : Quel type d'apprentissage utilise des données étiquetées ?,Apprentissage supervisé,Apprentissage non supervisé,Apprentissage sans données,Apprentissage analogique,0,10,moyen
Q01680,Intelligence artificielle,Challenge : Quel modèle est adapté à la génération de texte ?,Un grand modèle de langage,Un câble réseau,Un compilateur C,Un disque dur,0,10,moyen
Q01681,Intelligence artificielle,Challenge : Que signifie LLM ?,Large Language Model,Local Logic Machine,Linear Learning Module,Low Level Memory,0,10,moyen
Q01682,Intelligence artificielle,Challenge : Quel problème est typique d'un modèle qui mémorise trop les données d'entraînement ?,Surapprentissage,Sous-échantillonnage,Compression,Routage,0,10,moyen
Q01683,Intelligence artificielle,Challenge : Quel jeu de données sert à évaluer un modèle après entraînement ?,Test set,Source code,DNS table,BIOS,0,10,moyen
Q01684,Intelligence artificielle,Challenge : Pourquoi normaliser certaines données ?,Faciliter l'apprentissage de certains modèles,Augmenter la taille du disque,Créer un réseau Wi-Fi,Installer un navigateur,0,10,moyen
Q01685,Intelligence artificielle,Challenge : Quel algorithme est un classifieur à marge ?,SVM,FTP,JSON,HTTP,0,10,moyen
Q01686,Intelligence artificielle,Challenge : Quel algorithme est basé sur les voisins ?,KNN,CNN uniquement,DNS,SSH,0,10,moyen
Q01687,Intelligence artificielle,Challenge : Quel outil est couramment utilisé en Python pour le calcul scientifique ?,NumPy,HTML,Nginx,Git,0,10,moyen
Q01688,Intelligence artificielle,Challenge : Quel outil Python est courant pour les tableaux de données ?,pandas,React,Docker,Apache,0,10,moyen
Q01689,Intelligence artificielle,Challenge : Quel framework est courant pour le deep learning ?,TensorFlow,Laravel,Next.js,PostgreSQL,0,10,moyen
Q01690,Intelligence artificielle,Challenge : Que mesure une accuracy ?,La proportion de prédictions correctes,La taille du modèle,Le temps de compilation,La RAM utilisée,0,10,moyen
Q01691,Intelligence artificielle,Challenge : Que mesure le recall ?,La capacité à retrouver les vrais positifs,Le nombre de CPU,La vitesse du réseau,La taille d'une image,0,10,moyen
Q01692,Intelligence artificielle,Challenge : Quel risque concerne les réponses inventées d'une IA générative ?,Hallucination,Compilation,Fragmentation,Routage,0,10,moyen
Q01693,Intelligence artificielle,Challenge : Quel est l'intérêt d'un jeu de validation ?,Aider au réglage et au choix du modèle,Remplacer le clavier,Créer un serveur DNS,Stocker des images,0,10,moyen
Q01694,Intelligence artificielle,Challenge : Quel terme désigne l'explication du fonctionnement d'un modèle ?,Explainable AI,Web hosting,Version control,Packet switching,0,10,moyen
Q01695,Intelligence artificielle,Challenge : Quel modèle est spécialisé dans le traitement d'images ?,CNN,FTP,SQL,DNS,0,10,moyen
Q01696,Intelligence artificielle,Challenge : Quel mécanisme est central dans les Transformers ?,Attention,Bluetooth,RAID,BIOS,0,10,moyen
Q01697,Intelligence artificielle,Challenge : Quel est le but d'un prompt ?,Donner une instruction à un modèle génératif,Formater un disque,Créer un câble,Compiler un noyau,0,10,moyen
Q01698,Intelligence artificielle,Challenge : Quel type de données peut être utilisé en vision par ordinateur ?,Images,Ports réseau uniquement,Fichiers BIOS,Tickets,0,10,moyen
Q01699,Intelligence artificielle,Challenge : Pourquoi séparer train et test ?,Pour mesurer la généralisation,Pour augmenter le nombre de claviers,Pour remplacer les labels,Pour supprimer les données,0,10,moyen
Q01700,Intelligence artificielle,Challenge : Quel concept décrit la capacité d'un modèle à fonctionner sur de nouvelles données ?,Généralisation,Encapsulation,Routage,Chiffrement,0,10,moyen
Q01701,Intelligence artificielle,Question bonus : Que signifie IA ?,Intelligence artificielle,Internet automatique,Interface analytique,Installation avancée,0,10,moyen
Q01702,Intelligence artificielle,Question bonus : Quel domaine permet à une machine d'apprendre à partir de données ?,Machine Learning,Word processing,DNS,Compression,0,10,moyen
Q01703,Intelligence artificielle,Question bonus : Quel algorithme est souvent utilisé pour la classification ?,Random Forest,FTP,HTML,SMTP,0,10,moyen
Q01704,Intelligence artificielle,Question bonus : Quel type d'apprentissage utilise des données étiquetées ?,Apprentissage supervisé,Apprentissage non supervisé,Apprentissage sans données,Apprentissage analogique,0,10,moyen
Q01705,Intelligence artificielle,Question bonus : Quel modèle est adapté à la génération de texte ?,Un grand modèle de langage,Un câble réseau,Un compilateur C,Un disque dur,0,10,moyen
Q01706,Intelligence artificielle,Question bonus : Que signifie LLM ?,Large Language Model,Local Logic Machine,Linear Learning Module,Low Level Memory,0,10,moyen
Q01707,Intelligence artificielle,Question bonus : Quel problème est typique d'un modèle qui mémorise trop les données d'entraînement ?,Surapprentissage,Sous-échantillonnage,Compression,Routage,0,10,moyen
Q01708,Intelligence artificielle,Question bonus : Quel jeu de données sert à évaluer un modèle après entraînement ?,Test set,Source code,DNS table,BIOS,0,10,moyen
Q01709,Intelligence artificielle,Question bonus : Pourquoi normaliser certaines données ?,Faciliter l'apprentissage de certains modèles,Augmenter la taille du disque,Créer un réseau Wi-Fi,Installer un navigateur,0,10,moyen
Q01710,Intelligence artificielle,Question bonus : Quel algorithme est un classifieur à marge ?,SVM,FTP,JSON,HTTP,0,10,moyen
Q01711,Intelligence artificielle,Question bonus : Quel algorithme est basé sur les voisins ?,KNN,CNN uniquement,DNS,SSH,0,10,moyen
Q01712,Intelligence artificielle,Question bonus : Quel outil est couramment utilisé en Python pour le calcul scientifique ?,NumPy,HTML,Nginx,Git,0,10,moyen
Q01713,Intelligence artificielle,Question bonus : Quel outil Python est courant pour les tableaux de données ?,pandas,React,Docker,Apache,0,10,moyen
Q01714,Intelligence artificielle,Question bonus : Quel framework est courant pour le deep learning ?,TensorFlow,Laravel,Next.js,PostgreSQL,0,10,moyen
Q01715,Intelligence artificielle,Question bonus : Que mesure une accuracy ?,La proportion de prédictions correctes,La taille du modèle,Le temps de compilation,La RAM utilisée,0,10,moyen
Q01716,Intelligence artificielle,Question bonus : Que mesure le recall ?,La capacité à retrouver les vrais positifs,Le nombre de CPU,La vitesse du réseau,La taille d'une image,0,10,moyen
Q01717,Intelligence artificielle,Question bonus : Quel risque concerne les réponses inventées d'une IA générative ?,Hallucination,Compilation,Fragmentation,Routage,0,10,moyen
Q01718,Intelligence artificielle,Question bonus : Quel est l'intérêt d'un jeu de validation ?,Aider au réglage et au choix du modèle,Remplacer le clavier,Créer un serveur DNS,Stocker des images,0,10,moyen
Q01719,Intelligence artificielle,Question bonus : Quel terme désigne l'explication du fonctionnement d'un modèle ?,Explainable AI,Web hosting,Version control,Packet switching,0,10,moyen
Q01720,Intelligence artificielle,Question bonus : Quel modèle est spécialisé dans le traitement d'images ?,CNN,FTP,SQL,DNS,0,10,moyen
Q01721,Intelligence artificielle,Question bonus : Quel mécanisme est central dans les Transformers ?,Attention,Bluetooth,RAID,BIOS,0,10,moyen
Q01722,Intelligence artificielle,Question bonus : Quel est le but d'un prompt ?,Donner une instruction à un modèle génératif,Formater un disque,Créer un câble,Compiler un noyau,0,10,moyen
Q01723,Intelligence artificielle,Question bonus : Quel type de données peut être utilisé en vision par ordinateur ?,Images,Ports réseau uniquement,Fichiers BIOS,Tickets,0,10,moyen
Q01724,Intelligence artificielle,Question bonus : Pourquoi séparer train et test ?,Pour mesurer la généralisation,Pour augmenter le nombre de claviers,Pour remplacer les labels,Pour supprimer les données,0,10,moyen
Q01725,Intelligence artificielle,Question bonus : Quel concept décrit la capacité d'un modèle à fonctionner sur de nouvelles données ?,Généralisation,Encapsulation,Routage,Chiffrement,0,10,moyen
Q01726,Intelligence artificielle,Question éclair : Que signifie IA ?,Intelligence artificielle,Internet automatique,Interface analytique,Installation avancée,0,10,moyen
Q01727,Intelligence artificielle,Question éclair : Quel domaine permet à une machine d'apprendre à partir de données ?,Machine Learning,Word processing,DNS,Compression,0,10,moyen
Q01728,Intelligence artificielle,Question éclair : Quel algorithme est souvent utilisé pour la classification ?,Random Forest,FTP,HTML,SMTP,0,10,moyen
Q01729,Intelligence artificielle,Question éclair : Quel type d'apprentissage utilise des données étiquetées ?,Apprentissage supervisé,Apprentissage non supervisé,Apprentissage sans données,Apprentissage analogique,0,10,moyen
Q01730,Intelligence artificielle,Question éclair : Quel modèle est adapté à la génération de texte ?,Un grand modèle de langage,Un câble réseau,Un compilateur C,Un disque dur,0,10,moyen
Q01731,Intelligence artificielle,Question éclair : Que signifie LLM ?,Large Language Model,Local Logic Machine,Linear Learning Module,Low Level Memory,0,10,moyen
Q01732,Intelligence artificielle,Question éclair : Quel problème est typique d'un modèle qui mémorise trop les données d'entraînement ?,Surapprentissage,Sous-échantillonnage,Compression,Routage,0,10,moyen
Q01733,Intelligence artificielle,Question éclair : Quel jeu de données sert à évaluer un modèle après entraînement ?,Test set,Source code,DNS table,BIOS,0,10,moyen
Q01734,Intelligence artificielle,Question éclair : Pourquoi normaliser certaines données ?,Faciliter l'apprentissage de certains modèles,Augmenter la taille du disque,Créer un réseau Wi-Fi,Installer un navigateur,0,10,moyen
Q01735,Intelligence artificielle,Question éclair : Quel algorithme est un classifieur à marge ?,SVM,FTP,JSON,HTTP,0,10,moyen
Q01736,Intelligence artificielle,Question éclair : Quel algorithme est basé sur les voisins ?,KNN,CNN uniquement,DNS,SSH,0,10,moyen
Q01737,Intelligence artificielle,Question éclair : Quel outil est couramment utilisé en Python pour le calcul scientifique ?,NumPy,HTML,Nginx,Git,0,10,moyen
Q01738,Intelligence artificielle,Question éclair : Quel outil Python est courant pour les tableaux de données ?,pandas,React,Docker,Apache,0,10,moyen
Q01739,Intelligence artificielle,Question éclair : Quel framework est courant pour le deep learning ?,TensorFlow,Laravel,Next.js,PostgreSQL,0,10,moyen
Q01740,Intelligence artificielle,Question éclair : Que mesure une accuracy ?,La proportion de prédictions correctes,La taille du modèle,Le temps de compilation,La RAM utilisée,0,10,moyen
Q01741,Intelligence artificielle,Question éclair : Que mesure le recall ?,La capacité à retrouver les vrais positifs,Le nombre de CPU,La vitesse du réseau,La taille d'une image,0,10,moyen
Q01742,Intelligence artificielle,Question éclair : Quel risque concerne les réponses inventées d'une IA générative ?,Hallucination,Compilation,Fragmentation,Routage,0,10,moyen
Q01743,Intelligence artificielle,Question éclair : Quel est l'intérêt d'un jeu de validation ?,Aider au réglage et au choix du modèle,Remplacer le clavier,Créer un serveur DNS,Stocker des images,0,10,moyen
Q01744,Intelligence artificielle,Question éclair : Quel terme désigne l'explication du fonctionnement d'un modèle ?,Explainable AI,Web hosting,Version control,Packet switching,0,10,moyen
Q01745,Intelligence artificielle,Question éclair : Quel modèle est spécialisé dans le traitement d'images ?,CNN,FTP,SQL,DNS,0,10,moyen
Q01746,Intelligence artificielle,Question éclair : Quel mécanisme est central dans les Transformers ?,Attention,Bluetooth,RAID,BIOS,0,10,moyen
Q01747,Intelligence artificielle,Question éclair : Quel est le but d'un prompt ?,Donner une instruction à un modèle génératif,Formater un disque,Créer un câble,Compiler un noyau,0,10,moyen
Q01748,Intelligence artificielle,Question éclair : Quel type de données peut être utilisé en vision par ordinateur ?,Images,Ports réseau uniquement,Fichiers BIOS,Tickets,0,10,moyen
Q01749,Intelligence artificielle,Question éclair : Pourquoi séparer train et test ?,Pour mesurer la généralisation,Pour augmenter le nombre de claviers,Pour remplacer les labels,Pour supprimer les données,0,10,moyen
Q01750,Intelligence artificielle,Question éclair : Quel concept décrit la capacité d'un modèle à fonctionner sur de nouvelles données ?,Généralisation,Encapsulation,Routage,Chiffrement,0,10,moyen
Q01751,Intelligence artificielle,Pour gagner des points : Que signifie IA ?,Intelligence artificielle,Internet automatique,Interface analytique,Installation avancée,0,10,moyen
Q01752,Intelligence artificielle,Pour gagner des points : Quel domaine permet à une machine d'apprendre à partir de données ?,Machine Learning,Word processing,DNS,Compression,0,10,moyen
Q01753,Intelligence artificielle,Pour gagner des points : Quel algorithme est souvent utilisé pour la classification ?,Random Forest,FTP,HTML,SMTP,0,10,moyen
Q01754,Intelligence artificielle,Pour gagner des points : Quel type d'apprentissage utilise des données étiquetées ?,Apprentissage supervisé,Apprentissage non supervisé,Apprentissage sans données,Apprentissage analogique,0,10,moyen
Q01755,Intelligence artificielle,Pour gagner des points : Quel modèle est adapté à la génération de texte ?,Un grand modèle de langage,Un câble réseau,Un compilateur C,Un disque dur,0,10,moyen
Q01756,Intelligence artificielle,Pour gagner des points : Que signifie LLM ?,Large Language Model,Local Logic Machine,Linear Learning Module,Low Level Memory,0,10,moyen
Q01757,Intelligence artificielle,Pour gagner des points : Quel problème est typique d'un modèle qui mémorise trop les données d'entraînement ?,Surapprentissage,Sous-échantillonnage,Compression,Routage,0,10,moyen
Q01758,Intelligence artificielle,Pour gagner des points : Quel jeu de données sert à évaluer un modèle après entraînement ?,Test set,Source code,DNS table,BIOS,0,10,moyen
Q01759,Intelligence artificielle,Pour gagner des points : Pourquoi normaliser certaines données ?,Faciliter l'apprentissage de certains modèles,Augmenter la taille du disque,Créer un réseau Wi-Fi,Installer un navigateur,0,10,moyen
Q01760,Intelligence artificielle,Pour gagner des points : Quel algorithme est un classifieur à marge ?,SVM,FTP,JSON,HTTP,0,10,moyen
Q01761,Intelligence artificielle,Pour gagner des points : Quel algorithme est basé sur les voisins ?,KNN,CNN uniquement,DNS,SSH,0,10,moyen
Q01762,Intelligence artificielle,Pour gagner des points : Quel outil est couramment utilisé en Python pour le calcul scientifique ?,NumPy,HTML,Nginx,Git,0,10,moyen
Q01763,Intelligence artificielle,Pour gagner des points : Quel outil Python est courant pour les tableaux de données ?,pandas,React,Docker,Apache,0,10,moyen
Q01764,Intelligence artificielle,Pour gagner des points : Quel framework est courant pour le deep learning ?,TensorFlow,Laravel,Next.js,PostgreSQL,0,10,moyen
Q01765,Intelligence artificielle,Pour gagner des points : Que mesure une accuracy ?,La proportion de prédictions correctes,La taille du modèle,Le temps de compilation,La RAM utilisée,0,10,moyen
Q01766,Intelligence artificielle,Pour gagner des points : Que mesure le recall ?,La capacité à retrouver les vrais positifs,Le nombre de CPU,La vitesse du réseau,La taille d'une image,0,10,moyen
Q01767,Intelligence artificielle,Pour gagner des points : Quel risque concerne les réponses inventées d'une IA générative ?,Hallucination,Compilation,Fragmentation,Routage,0,10,moyen
Q01768,Intelligence artificielle,Pour gagner des points : Quel est l'intérêt d'un jeu de validation ?,Aider au réglage et au choix du modèle,Remplacer le clavier,Créer un serveur DNS,Stocker des images,0,10,moyen
Q01769,Intelligence artificielle,Pour gagner des points : Quel terme désigne l'explication du fonctionnement d'un modèle ?,Explainable AI,Web hosting,Version control,Packet switching,0,10,moyen
Q01770,Intelligence artificielle,Pour gagner des points : Quel modèle est spécialisé dans le traitement d'images ?,CNN,FTP,SQL,DNS,0,10,moyen
Q01771,Intelligence artificielle,Pour gagner des points : Quel mécanisme est central dans les Transformers ?,Attention,Bluetooth,RAID,BIOS,0,10,moyen
Q01772,Intelligence artificielle,Pour gagner des points : Quel est le but d'un prompt ?,Donner une instruction à un modèle génératif,Formater un disque,Créer un câble,Compiler un noyau,0,10,moyen
Q01773,Intelligence artificielle,Pour gagner des points : Quel type de données peut être utilisé en vision par ordinateur ?,Images,Ports réseau uniquement,Fichiers BIOS,Tickets,0,10,moyen
Q01774,Intelligence artificielle,Pour gagner des points : Pourquoi séparer train et test ?,Pour mesurer la généralisation,Pour augmenter le nombre de claviers,Pour remplacer les labels,Pour supprimer les données,0,10,moyen
Q01775,Intelligence artificielle,Pour gagner des points : Quel concept décrit la capacité d'un modèle à fonctionner sur de nouvelles données ?,Généralisation,Encapsulation,Routage,Chiffrement,0,10,moyen
Q01776,Intelligence artificielle,À l'exposition : Que signifie IA ?,Intelligence artificielle,Internet automatique,Interface analytique,Installation avancée,0,10,moyen
Q01777,Intelligence artificielle,À l'exposition : Quel domaine permet à une machine d'apprendre à partir de données ?,Machine Learning,Word processing,DNS,Compression,0,10,moyen
Q01778,Intelligence artificielle,À l'exposition : Quel algorithme est souvent utilisé pour la classification ?,Random Forest,FTP,HTML,SMTP,0,10,moyen
Q01779,Intelligence artificielle,À l'exposition : Quel type d'apprentissage utilise des données étiquetées ?,Apprentissage supervisé,Apprentissage non supervisé,Apprentissage sans données,Apprentissage analogique,0,10,moyen
Q01780,Intelligence artificielle,À l'exposition : Quel modèle est adapté à la génération de texte ?,Un grand modèle de langage,Un câble réseau,Un compilateur C,Un disque dur,0,10,moyen
Q01781,Intelligence artificielle,À l'exposition : Que signifie LLM ?,Large Language Model,Local Logic Machine,Linear Learning Module,Low Level Memory,0,10,moyen
Q01782,Intelligence artificielle,À l'exposition : Quel problème est typique d'un modèle qui mémorise trop les données d'entraînement ?,Surapprentissage,Sous-échantillonnage,Compression,Routage,0,10,moyen
Q01783,Intelligence artificielle,À l'exposition : Quel jeu de données sert à évaluer un modèle après entraînement ?,Test set,Source code,DNS table,BIOS,0,10,moyen
Q01784,Intelligence artificielle,À l'exposition : Pourquoi normaliser certaines données ?,Faciliter l'apprentissage de certains modèles,Augmenter la taille du disque,Créer un réseau Wi-Fi,Installer un navigateur,0,10,moyen
Q01785,Intelligence artificielle,À l'exposition : Quel algorithme est un classifieur à marge ?,SVM,FTP,JSON,HTTP,0,10,moyen
Q01786,Intelligence artificielle,À l'exposition : Quel algorithme est basé sur les voisins ?,KNN,CNN uniquement,DNS,SSH,0,10,moyen
Q01787,Intelligence artificielle,À l'exposition : Quel outil est couramment utilisé en Python pour le calcul scientifique ?,NumPy,HTML,Nginx,Git,0,10,moyen
Q01788,Intelligence artificielle,À l'exposition : Quel outil Python est courant pour les tableaux de données ?,pandas,React,Docker,Apache,0,10,moyen
Q01789,Intelligence artificielle,À l'exposition : Quel framework est courant pour le deep learning ?,TensorFlow,Laravel,Next.js,PostgreSQL,0,10,moyen
Q01790,Intelligence artificielle,À l'exposition : Que mesure une accuracy ?,La proportion de prédictions correctes,La taille du modèle,Le temps de compilation,La RAM utilisée,0,10,moyen
Q01791,Intelligence artificielle,À l'exposition : Que mesure le recall ?,La capacité à retrouver les vrais positifs,Le nombre de CPU,La vitesse du réseau,La taille d'une image,0,10,moyen
Q01792,Intelligence artificielle,À l'exposition : Quel risque concerne les réponses inventées d'une IA générative ?,Hallucination,Compilation,Fragmentation,Routage,0,10,moyen
Q01793,Intelligence artificielle,À l'exposition : Quel est l'intérêt d'un jeu de validation ?,Aider au réglage et au choix du modèle,Remplacer le clavier,Créer un serveur DNS,Stocker des images,0,10,moyen
Q01794,Intelligence artificielle,À l'exposition : Quel terme désigne l'explication du fonctionnement d'un modèle ?,Explainable AI,Web hosting,Version control,Packet switching,0,10,moyen
Q01795,Intelligence artificielle,À l'exposition : Quel modèle est spécialisé dans le traitement d'images ?,CNN,FTP,SQL,DNS,0,10,moyen
Q01796,Intelligence artificielle,À l'exposition : Quel mécanisme est central dans les Transformers ?,Attention,Bluetooth,RAID,BIOS,0,10,moyen
Q01797,Intelligence artificielle,À l'exposition : Quel est le but d'un prompt ?,Donner une instruction à un modèle génératif,Formater un disque,Créer un câble,Compiler un noyau,0,10,moyen
Q01798,Intelligence artificielle,À l'exposition : Quel type de données peut être utilisé en vision par ordinateur ?,Images,Ports réseau uniquement,Fichiers BIOS,Tickets,0,10,moyen
Q01799,Intelligence artificielle,À l'exposition : Pourquoi séparer train et test ?,Pour mesurer la généralisation,Pour augmenter le nombre de claviers,Pour remplacer les labels,Pour supprimer les données,0,10,moyen
Q01800,Intelligence artificielle,À l'exposition : Quel concept décrit la capacité d'un modèle à fonctionner sur de nouvelles données ?,Généralisation,Encapsulation,Routage,Chiffrement,0,10,moyen
Q01801,Intelligence artificielle,Défi numérique : Que signifie IA ?,Intelligence artificielle,Internet automatique,Interface analytique,Installation avancée,0,10,moyen
Q01802,Intelligence artificielle,Défi numérique : Quel domaine permet à une machine d'apprendre à partir de données ?,Machine Learning,Word processing,DNS,Compression,0,10,moyen
Q01803,Intelligence artificielle,Défi numérique : Quel algorithme est souvent utilisé pour la classification ?,Random Forest,FTP,HTML,SMTP,0,10,moyen
Q01804,Intelligence artificielle,Défi numérique : Quel type d'apprentissage utilise des données étiquetées ?,Apprentissage supervisé,Apprentissage non supervisé,Apprentissage sans données,Apprentissage analogique,0,10,moyen
Q01805,Intelligence artificielle,Défi numérique : Quel modèle est adapté à la génération de texte ?,Un grand modèle de langage,Un câble réseau,Un compilateur C,Un disque dur,0,10,moyen
Q01806,Intelligence artificielle,Défi numérique : Que signifie LLM ?,Large Language Model,Local Logic Machine,Linear Learning Module,Low Level Memory,0,10,moyen
Q01807,Intelligence artificielle,Défi numérique : Quel problème est typique d'un modèle qui mémorise trop les données d'entraînement ?,Surapprentissage,Sous-échantillonnage,Compression,Routage,0,10,moyen
Q01808,Intelligence artificielle,Défi numérique : Quel jeu de données sert à évaluer un modèle après entraînement ?,Test set,Source code,DNS table,BIOS,0,10,moyen
Q01809,Intelligence artificielle,Défi numérique : Pourquoi normaliser certaines données ?,Faciliter l'apprentissage de certains modèles,Augmenter la taille du disque,Créer un réseau Wi-Fi,Installer un navigateur,0,10,moyen
Q01810,Intelligence artificielle,Défi numérique : Quel algorithme est un classifieur à marge ?,SVM,FTP,JSON,HTTP,0,10,moyen
Q01811,Intelligence artificielle,Défi numérique : Quel algorithme est basé sur les voisins ?,KNN,CNN uniquement,DNS,SSH,0,10,moyen
Q01812,Intelligence artificielle,Défi numérique : Quel outil est couramment utilisé en Python pour le calcul scientifique ?,NumPy,HTML,Nginx,Git,0,10,moyen
Q01813,Intelligence artificielle,Défi numérique : Quel outil Python est courant pour les tableaux de données ?,pandas,React,Docker,Apache,0,10,moyen
Q01814,Intelligence artificielle,Défi numérique : Quel framework est courant pour le deep learning ?,TensorFlow,Laravel,Next.js,PostgreSQL,0,10,moyen
Q01815,Intelligence artificielle,Défi numérique : Que mesure une accuracy ?,La proportion de prédictions correctes,La taille du modèle,Le temps de compilation,La RAM utilisée,0,10,moyen
Q01816,Intelligence artificielle,Défi numérique : Que mesure le recall ?,La capacité à retrouver les vrais positifs,Le nombre de CPU,La vitesse du réseau,La taille d'une image,0,10,moyen
Q01817,Intelligence artificielle,Défi numérique : Quel risque concerne les réponses inventées d'une IA générative ?,Hallucination,Compilation,Fragmentation,Routage,0,10,moyen
Q01818,Intelligence artificielle,Défi numérique : Quel est l'intérêt d'un jeu de validation ?,Aider au réglage et au choix du modèle,Remplacer le clavier,Créer un serveur DNS,Stocker des images,0,10,moyen
Q01819,Intelligence artificielle,Défi numérique : Quel terme désigne l'explication du fonctionnement d'un modèle ?,Explainable AI,Web hosting,Version control,Packet switching,0,10,moyen
Q01820,Intelligence artificielle,Défi numérique : Quel modèle est spécialisé dans le traitement d'images ?,CNN,FTP,SQL,DNS,0,10,moyen
Q01821,Intelligence artificielle,Défi numérique : Quel mécanisme est central dans les Transformers ?,Attention,Bluetooth,RAID,BIOS,0,10,moyen
Q01822,Intelligence artificielle,Défi numérique : Quel est le but d'un prompt ?,Donner une instruction à un modèle génératif,Formater un disque,Créer un câble,Compiler un noyau,0,10,moyen
Q01823,Intelligence artificielle,Défi numérique : Quel type de données peut être utilisé en vision par ordinateur ?,Images,Ports réseau uniquement,Fichiers BIOS,Tickets,0,10,moyen
Q01824,Intelligence artificielle,Défi numérique : Pourquoi séparer train et test ?,Pour mesurer la généralisation,Pour augmenter le nombre de claviers,Pour remplacer les labels,Pour supprimer les données,0,10,moyen
Q01825,Intelligence artificielle,Défi numérique : Quel concept décrit la capacité d'un modèle à fonctionner sur de nouvelles données ?,Généralisation,Encapsulation,Routage,Chiffrement,0,10,moyen
Q01826,Intelligence artificielle,À votre avis : Que signifie IA ?,Intelligence artificielle,Internet automatique,Interface analytique,Installation avancée,0,10,difficile
Q01827,Intelligence artificielle,À votre avis : Quel domaine permet à une machine d'apprendre à partir de données ?,Machine Learning,Word processing,DNS,Compression,0,10,difficile
Q01828,Intelligence artificielle,À votre avis : Quel algorithme est souvent utilisé pour la classification ?,Random Forest,FTP,HTML,SMTP,0,10,difficile
Q01829,Intelligence artificielle,À votre avis : Quel type d'apprentissage utilise des données étiquetées ?,Apprentissage supervisé,Apprentissage non supervisé,Apprentissage sans données,Apprentissage analogique,0,10,difficile
Q01830,Intelligence artificielle,À votre avis : Quel modèle est adapté à la génération de texte ?,Un grand modèle de langage,Un câble réseau,Un compilateur C,Un disque dur,0,10,difficile
Q01831,Intelligence artificielle,À votre avis : Que signifie LLM ?,Large Language Model,Local Logic Machine,Linear Learning Module,Low Level Memory,0,10,difficile
Q01832,Intelligence artificielle,À votre avis : Quel problème est typique d'un modèle qui mémorise trop les données d'entraînement ?,Surapprentissage,Sous-échantillonnage,Compression,Routage,0,10,difficile
Q01833,Intelligence artificielle,À votre avis : Quel jeu de données sert à évaluer un modèle après entraînement ?,Test set,Source code,DNS table,BIOS,0,10,difficile
Q01834,Intelligence artificielle,À votre avis : Pourquoi normaliser certaines données ?,Faciliter l'apprentissage de certains modèles,Augmenter la taille du disque,Créer un réseau Wi-Fi,Installer un navigateur,0,10,difficile
Q01835,Intelligence artificielle,À votre avis : Quel algorithme est un classifieur à marge ?,SVM,FTP,JSON,HTTP,0,10,difficile
Q01836,Intelligence artificielle,À votre avis : Quel algorithme est basé sur les voisins ?,KNN,CNN uniquement,DNS,SSH,0,10,difficile
Q01837,Intelligence artificielle,À votre avis : Quel outil est couramment utilisé en Python pour le calcul scientifique ?,NumPy,HTML,Nginx,Git,0,10,difficile
Q01838,Intelligence artificielle,À votre avis : Quel outil Python est courant pour les tableaux de données ?,pandas,React,Docker,Apache,0,10,difficile
Q01839,Intelligence artificielle,À votre avis : Quel framework est courant pour le deep learning ?,TensorFlow,Laravel,Next.js,PostgreSQL,0,10,difficile
Q01840,Intelligence artificielle,À votre avis : Que mesure une accuracy ?,La proportion de prédictions correctes,La taille du modèle,Le temps de compilation,La RAM utilisée,0,10,difficile
Q01841,Intelligence artificielle,À votre avis : Que mesure le recall ?,La capacité à retrouver les vrais positifs,Le nombre de CPU,La vitesse du réseau,La taille d'une image,0,10,difficile
Q01842,Intelligence artificielle,À votre avis : Quel risque concerne les réponses inventées d'une IA générative ?,Hallucination,Compilation,Fragmentation,Routage,0,10,difficile
Q01843,Intelligence artificielle,À votre avis : Quel est l'intérêt d'un jeu de validation ?,Aider au réglage et au choix du modèle,Remplacer le clavier,Créer un serveur DNS,Stocker des images,0,10,difficile
Q01844,Intelligence artificielle,À votre avis : Quel terme désigne l'explication du fonctionnement d'un modèle ?,Explainable AI,Web hosting,Version control,Packet switching,0,10,difficile
Q01845,Intelligence artificielle,À votre avis : Quel modèle est spécialisé dans le traitement d'images ?,CNN,FTP,SQL,DNS,0,10,difficile
Q01846,Intelligence artificielle,À votre avis : Quel mécanisme est central dans les Transformers ?,Attention,Bluetooth,RAID,BIOS,0,10,difficile
Q01847,Intelligence artificielle,À votre avis : Quel est le but d'un prompt ?,Donner une instruction à un modèle génératif,Formater un disque,Créer un câble,Compiler un noyau,0,10,difficile
Q01848,Intelligence artificielle,À votre avis : Quel type de données peut être utilisé en vision par ordinateur ?,Images,Ports réseau uniquement,Fichiers BIOS,Tickets,0,10,difficile
Q01849,Intelligence artificielle,À votre avis : Pourquoi séparer train et test ?,Pour mesurer la généralisation,Pour augmenter le nombre de claviers,Pour remplacer les labels,Pour supprimer les données,0,10,difficile
Q01850,Intelligence artificielle,À votre avis : Quel concept décrit la capacité d'un modèle à fonctionner sur de nouvelles données ?,Généralisation,Encapsulation,Routage,Chiffrement,0,10,difficile
Q01851,Intelligence artificielle,Niveau quiz : Que signifie IA ?,Intelligence artificielle,Internet automatique,Interface analytique,Installation avancée,0,10,difficile
Q01852,Intelligence artificielle,Niveau quiz : Quel domaine permet à une machine d'apprendre à partir de données ?,Machine Learning,Word processing,DNS,Compression,0,10,difficile
Q01853,Intelligence artificielle,Niveau quiz : Quel algorithme est souvent utilisé pour la classification ?,Random Forest,FTP,HTML,SMTP,0,10,difficile
Q01854,Intelligence artificielle,Niveau quiz : Quel type d'apprentissage utilise des données étiquetées ?,Apprentissage supervisé,Apprentissage non supervisé,Apprentissage sans données,Apprentissage analogique,0,10,difficile
Q01855,Intelligence artificielle,Niveau quiz : Quel modèle est adapté à la génération de texte ?,Un grand modèle de langage,Un câble réseau,Un compilateur C,Un disque dur,0,10,difficile
Q01856,Intelligence artificielle,Niveau quiz : Que signifie LLM ?,Large Language Model,Local Logic Machine,Linear Learning Module,Low Level Memory,0,10,difficile
Q01857,Intelligence artificielle,Niveau quiz : Quel problème est typique d'un modèle qui mémorise trop les données d'entraînement ?,Surapprentissage,Sous-échantillonnage,Compression,Routage,0,10,difficile
Q01858,Intelligence artificielle,Niveau quiz : Quel jeu de données sert à évaluer un modèle après entraînement ?,Test set,Source code,DNS table,BIOS,0,10,difficile
Q01859,Intelligence artificielle,Niveau quiz : Pourquoi normaliser certaines données ?,Faciliter l'apprentissage de certains modèles,Augmenter la taille du disque,Créer un réseau Wi-Fi,Installer un navigateur,0,10,difficile
Q01860,Intelligence artificielle,Niveau quiz : Quel algorithme est un classifieur à marge ?,SVM,FTP,JSON,HTTP,0,10,difficile
Q01861,Intelligence artificielle,Niveau quiz : Quel algorithme est basé sur les voisins ?,KNN,CNN uniquement,DNS,SSH,0,10,difficile
Q01862,Intelligence artificielle,Niveau quiz : Quel outil est couramment utilisé en Python pour le calcul scientifique ?,NumPy,HTML,Nginx,Git,0,10,difficile
Q01863,Intelligence artificielle,Niveau quiz : Quel outil Python est courant pour les tableaux de données ?,pandas,React,Docker,Apache,0,10,difficile
Q01864,Intelligence artificielle,Niveau quiz : Quel framework est courant pour le deep learning ?,TensorFlow,Laravel,Next.js,PostgreSQL,0,10,difficile
Q01865,Intelligence artificielle,Niveau quiz : Que mesure une accuracy ?,La proportion de prédictions correctes,La taille du modèle,Le temps de compilation,La RAM utilisée,0,10,difficile
Q01866,Intelligence artificielle,Niveau quiz : Que mesure le recall ?,La capacité à retrouver les vrais positifs,Le nombre de CPU,La vitesse du réseau,La taille d'une image,0,10,difficile
Q01867,Intelligence artificielle,Niveau quiz : Quel risque concerne les réponses inventées d'une IA générative ?,Hallucination,Compilation,Fragmentation,Routage,0,10,difficile
Q01868,Intelligence artificielle,Niveau quiz : Quel est l'intérêt d'un jeu de validation ?,Aider au réglage et au choix du modèle,Remplacer le clavier,Créer un serveur DNS,Stocker des images,0,10,difficile
Q01869,Intelligence artificielle,Niveau quiz : Quel terme désigne l'explication du fonctionnement d'un modèle ?,Explainable AI,Web hosting,Version control,Packet switching,0,10,difficile
Q01870,Intelligence artificielle,Niveau quiz : Quel modèle est spécialisé dans le traitement d'images ?,CNN,FTP,SQL,DNS,0,10,difficile
Q01871,Intelligence artificielle,Niveau quiz : Quel mécanisme est central dans les Transformers ?,Attention,Bluetooth,RAID,BIOS,0,10,difficile
Q01872,Intelligence artificielle,Niveau quiz : Quel est le but d'un prompt ?,Donner une instruction à un modèle génératif,Formater un disque,Créer un câble,Compiler un noyau,0,10,difficile
Q01873,Intelligence artificielle,Niveau quiz : Quel type de données peut être utilisé en vision par ordinateur ?,Images,Ports réseau uniquement,Fichiers BIOS,Tickets,0,10,difficile
Q01874,Intelligence artificielle,Niveau quiz : Pourquoi séparer train et test ?,Pour mesurer la généralisation,Pour augmenter le nombre de claviers,Pour remplacer les labels,Pour supprimer les données,0,10,difficile
Q01875,Intelligence artificielle,Niveau quiz : Quel concept décrit la capacité d'un modèle à fonctionner sur de nouvelles données ?,Généralisation,Encapsulation,Routage,Chiffrement,0,10,difficile
Q01876,Intelligence artificielle,Question suivante : Que signifie IA ?,Intelligence artificielle,Internet automatique,Interface analytique,Installation avancée,0,10,difficile
Q01877,Intelligence artificielle,Question suivante : Quel domaine permet à une machine d'apprendre à partir de données ?,Machine Learning,Word processing,DNS,Compression,0,10,difficile
Q01878,Intelligence artificielle,Question suivante : Quel algorithme est souvent utilisé pour la classification ?,Random Forest,FTP,HTML,SMTP,0,10,difficile
Q01879,Intelligence artificielle,Question suivante : Quel type d'apprentissage utilise des données étiquetées ?,Apprentissage supervisé,Apprentissage non supervisé,Apprentissage sans données,Apprentissage analogique,0,10,difficile
Q01880,Intelligence artificielle,Question suivante : Quel modèle est adapté à la génération de texte ?,Un grand modèle de langage,Un câble réseau,Un compilateur C,Un disque dur,0,10,difficile
Q01881,Intelligence artificielle,Question suivante : Que signifie LLM ?,Large Language Model,Local Logic Machine,Linear Learning Module,Low Level Memory,0,10,difficile
Q01882,Intelligence artificielle,Question suivante : Quel problème est typique d'un modèle qui mémorise trop les données d'entraînement ?,Surapprentissage,Sous-échantillonnage,Compression,Routage,0,10,difficile
Q01883,Intelligence artificielle,Question suivante : Quel jeu de données sert à évaluer un modèle après entraînement ?,Test set,Source code,DNS table,BIOS,0,10,difficile
Q01884,Intelligence artificielle,Question suivante : Pourquoi normaliser certaines données ?,Faciliter l'apprentissage de certains modèles,Augmenter la taille du disque,Créer un réseau Wi-Fi,Installer un navigateur,0,10,difficile
Q01885,Intelligence artificielle,Question suivante : Quel algorithme est un classifieur à marge ?,SVM,FTP,JSON,HTTP,0,10,difficile
Q01886,Intelligence artificielle,Question suivante : Quel algorithme est basé sur les voisins ?,KNN,CNN uniquement,DNS,SSH,0,10,difficile
Q01887,Intelligence artificielle,Question suivante : Quel outil est couramment utilisé en Python pour le calcul scientifique ?,NumPy,HTML,Nginx,Git,0,10,difficile
Q01888,Intelligence artificielle,Question suivante : Quel outil Python est courant pour les tableaux de données ?,pandas,React,Docker,Apache,0,10,difficile
Q01889,Intelligence artificielle,Question suivante : Quel framework est courant pour le deep learning ?,TensorFlow,Laravel,Next.js,PostgreSQL,0,10,difficile
Q01890,Intelligence artificielle,Question suivante : Que mesure une accuracy ?,La proportion de prédictions correctes,La taille du modèle,Le temps de compilation,La RAM utilisée,0,10,difficile
Q01891,Intelligence artificielle,Question suivante : Que mesure le recall ?,La capacité à retrouver les vrais positifs,Le nombre de CPU,La vitesse du réseau,La taille d'une image,0,10,difficile
Q01892,Intelligence artificielle,Question suivante : Quel risque concerne les réponses inventées d'une IA générative ?,Hallucination,Compilation,Fragmentation,Routage,0,10,difficile
Q01893,Intelligence artificielle,Question suivante : Quel est l'intérêt d'un jeu de validation ?,Aider au réglage et au choix du modèle,Remplacer le clavier,Créer un serveur DNS,Stocker des images,0,10,difficile
Q01894,Intelligence artificielle,Question suivante : Quel terme désigne l'explication du fonctionnement d'un modèle ?,Explainable AI,Web hosting,Version control,Packet switching,0,10,difficile
Q01895,Intelligence artificielle,Question suivante : Quel modèle est spécialisé dans le traitement d'images ?,CNN,FTP,SQL,DNS,0,10,difficile
Q01896,Intelligence artificielle,Question suivante : Quel mécanisme est central dans les Transformers ?,Attention,Bluetooth,RAID,BIOS,0,10,difficile
Q01897,Intelligence artificielle,Question suivante : Quel est le but d'un prompt ?,Donner une instruction à un modèle génératif,Formater un disque,Créer un câble,Compiler un noyau,0,10,difficile
Q01898,Intelligence artificielle,Question suivante : Quel type de données peut être utilisé en vision par ordinateur ?,Images,Ports réseau uniquement,Fichiers BIOS,Tickets,0,10,difficile
Q01899,Intelligence artificielle,Question suivante : Pourquoi séparer train et test ?,Pour mesurer la généralisation,Pour augmenter le nombre de claviers,Pour remplacer les labels,Pour supprimer les données,0,10,difficile
Q01900,Intelligence artificielle,Question suivante : Quel concept décrit la capacité d'un modèle à fonctionner sur de nouvelles données ?,Généralisation,Encapsulation,Routage,Chiffrement,0,10,difficile
Q01901,Intelligence artificielle,Challenge visiteurs : Que signifie IA ?,Intelligence artificielle,Internet automatique,Interface analytique,Installation avancée,0,10,difficile
Q01902,Intelligence artificielle,Challenge visiteurs : Quel domaine permet à une machine d'apprendre à partir de données ?,Machine Learning,Word processing,DNS,Compression,0,10,difficile
Q01903,Intelligence artificielle,Challenge visiteurs : Quel algorithme est souvent utilisé pour la classification ?,Random Forest,FTP,HTML,SMTP,0,10,difficile
Q01904,Intelligence artificielle,Challenge visiteurs : Quel type d'apprentissage utilise des données étiquetées ?,Apprentissage supervisé,Apprentissage non supervisé,Apprentissage sans données,Apprentissage analogique,0,10,difficile
Q01905,Intelligence artificielle,Challenge visiteurs : Quel modèle est adapté à la génération de texte ?,Un grand modèle de langage,Un câble réseau,Un compilateur C,Un disque dur,0,10,difficile
Q01906,Intelligence artificielle,Challenge visiteurs : Que signifie LLM ?,Large Language Model,Local Logic Machine,Linear Learning Module,Low Level Memory,0,10,difficile
Q01907,Intelligence artificielle,Challenge visiteurs : Quel problème est typique d'un modèle qui mémorise trop les données d'entraînement ?,Surapprentissage,Sous-échantillonnage,Compression,Routage,0,10,difficile
Q01908,Intelligence artificielle,Challenge visiteurs : Quel jeu de données sert à évaluer un modèle après entraînement ?,Test set,Source code,DNS table,BIOS,0,10,difficile
Q01909,Intelligence artificielle,Challenge visiteurs : Pourquoi normaliser certaines données ?,Faciliter l'apprentissage de certains modèles,Augmenter la taille du disque,Créer un réseau Wi-Fi,Installer un navigateur,0,10,difficile
Q01910,Intelligence artificielle,Challenge visiteurs : Quel algorithme est un classifieur à marge ?,SVM,FTP,JSON,HTTP,0,10,difficile
Q01911,Intelligence artificielle,Challenge visiteurs : Quel algorithme est basé sur les voisins ?,KNN,CNN uniquement,DNS,SSH,0,10,difficile
Q01912,Intelligence artificielle,Challenge visiteurs : Quel outil est couramment utilisé en Python pour le calcul scientifique ?,NumPy,HTML,Nginx,Git,0,10,difficile
Q01913,Intelligence artificielle,Challenge visiteurs : Quel outil Python est courant pour les tableaux de données ?,pandas,React,Docker,Apache,0,10,difficile
Q01914,Intelligence artificielle,Challenge visiteurs : Quel framework est courant pour le deep learning ?,TensorFlow,Laravel,Next.js,PostgreSQL,0,10,difficile
Q01915,Intelligence artificielle,Challenge visiteurs : Que mesure une accuracy ?,La proportion de prédictions correctes,La taille du modèle,Le temps de compilation,La RAM utilisée,0,10,difficile
Q01916,Intelligence artificielle,Challenge visiteurs : Que mesure le recall ?,La capacité à retrouver les vrais positifs,Le nombre de CPU,La vitesse du réseau,La taille d'une image,0,10,difficile
Q01917,Intelligence artificielle,Challenge visiteurs : Quel risque concerne les réponses inventées d'une IA générative ?,Hallucination,Compilation,Fragmentation,Routage,0,10,difficile
Q01918,Intelligence artificielle,Challenge visiteurs : Quel est l'intérêt d'un jeu de validation ?,Aider au réglage et au choix du modèle,Remplacer le clavier,Créer un serveur DNS,Stocker des images,0,10,difficile
Q01919,Intelligence artificielle,Challenge visiteurs : Quel terme désigne l'explication du fonctionnement d'un modèle ?,Explainable AI,Web hosting,Version control,Packet switching,0,10,difficile
Q01920,Intelligence artificielle,Challenge visiteurs : Quel modèle est spécialisé dans le traitement d'images ?,CNN,FTP,SQL,DNS,0,10,difficile
Q01921,Intelligence artificielle,Challenge visiteurs : Quel mécanisme est central dans les Transformers ?,Attention,Bluetooth,RAID,BIOS,0,10,difficile
Q01922,Intelligence artificielle,Challenge visiteurs : Quel est le but d'un prompt ?,Donner une instruction à un modèle génératif,Formater un disque,Créer un câble,Compiler un noyau,0,10,difficile
Q01923,Intelligence artificielle,Challenge visiteurs : Quel type de données peut être utilisé en vision par ordinateur ?,Images,Ports réseau uniquement,Fichiers BIOS,Tickets,0,10,difficile
Q01924,Intelligence artificielle,Challenge visiteurs : Pourquoi séparer train et test ?,Pour mesurer la généralisation,Pour augmenter le nombre de claviers,Pour remplacer les labels,Pour supprimer les données,0,10,difficile
Q01925,Intelligence artificielle,Challenge visiteurs : Quel concept décrit la capacité d'un modèle à fonctionner sur de nouvelles données ?,Généralisation,Encapsulation,Routage,Chiffrement,0,10,difficile
Q01926,Intelligence artificielle,Mode compétition : Que signifie IA ?,Intelligence artificielle,Internet automatique,Interface analytique,Installation avancée,0,10,difficile
Q01927,Intelligence artificielle,Mode compétition : Quel domaine permet à une machine d'apprendre à partir de données ?,Machine Learning,Word processing,DNS,Compression,0,10,difficile
Q01928,Intelligence artificielle,Mode compétition : Quel algorithme est souvent utilisé pour la classification ?,Random Forest,FTP,HTML,SMTP,0,10,difficile
Q01929,Intelligence artificielle,Mode compétition : Quel type d'apprentissage utilise des données étiquetées ?,Apprentissage supervisé,Apprentissage non supervisé,Apprentissage sans données,Apprentissage analogique,0,10,difficile
Q01930,Intelligence artificielle,Mode compétition : Quel modèle est adapté à la génération de texte ?,Un grand modèle de langage,Un câble réseau,Un compilateur C,Un disque dur,0,10,difficile
Q01931,Intelligence artificielle,Mode compétition : Que signifie LLM ?,Large Language Model,Local Logic Machine,Linear Learning Module,Low Level Memory,0,10,difficile
Q01932,Intelligence artificielle,Mode compétition : Quel problème est typique d'un modèle qui mémorise trop les données d'entraînement ?,Surapprentissage,Sous-échantillonnage,Compression,Routage,0,10,difficile
Q01933,Intelligence artificielle,Mode compétition : Quel jeu de données sert à évaluer un modèle après entraînement ?,Test set,Source code,DNS table,BIOS,0,10,difficile
Q01934,Intelligence artificielle,Mode compétition : Pourquoi normaliser certaines données ?,Faciliter l'apprentissage de certains modèles,Augmenter la taille du disque,Créer un réseau Wi-Fi,Installer un navigateur,0,10,difficile
Q01935,Intelligence artificielle,Mode compétition : Quel algorithme est un classifieur à marge ?,SVM,FTP,JSON,HTTP,0,10,difficile
Q01936,Intelligence artificielle,Mode compétition : Quel algorithme est basé sur les voisins ?,KNN,CNN uniquement,DNS,SSH,0,10,difficile
Q01937,Intelligence artificielle,Mode compétition : Quel outil est couramment utilisé en Python pour le calcul scientifique ?,NumPy,HTML,Nginx,Git,0,10,difficile
Q01938,Intelligence artificielle,Mode compétition : Quel outil Python est courant pour les tableaux de données ?,pandas,React,Docker,Apache,0,10,difficile
Q01939,Intelligence artificielle,Mode compétition : Quel framework est courant pour le deep learning ?,TensorFlow,Laravel,Next.js,PostgreSQL,0,10,difficile
Q01940,Intelligence artificielle,Mode compétition : Que mesure une accuracy ?,La proportion de prédictions correctes,La taille du modèle,Le temps de compilation,La RAM utilisée,0,10,difficile
Q01941,Intelligence artificielle,Mode compétition : Que mesure le recall ?,La capacité à retrouver les vrais positifs,Le nombre de CPU,La vitesse du réseau,La taille d'une image,0,10,difficile
Q01942,Intelligence artificielle,Mode compétition : Quel risque concerne les réponses inventées d'une IA générative ?,Hallucination,Compilation,Fragmentation,Routage,0,10,difficile
Q01943,Intelligence artificielle,Mode compétition : Quel est l'intérêt d'un jeu de validation ?,Aider au réglage et au choix du modèle,Remplacer le clavier,Créer un serveur DNS,Stocker des images,0,10,difficile
Q01944,Intelligence artificielle,Mode compétition : Quel terme désigne l'explication du fonctionnement d'un modèle ?,Explainable AI,Web hosting,Version control,Packet switching,0,10,difficile
Q01945,Intelligence artificielle,Mode compétition : Quel modèle est spécialisé dans le traitement d'images ?,CNN,FTP,SQL,DNS,0,10,difficile
Q01946,Intelligence artificielle,Mode compétition : Quel mécanisme est central dans les Transformers ?,Attention,Bluetooth,RAID,BIOS,0,10,difficile
Q01947,Intelligence artificielle,Mode compétition : Quel est le but d'un prompt ?,Donner une instruction à un modèle génératif,Formater un disque,Créer un câble,Compiler un noyau,0,10,difficile
Q01948,Intelligence artificielle,Mode compétition : Quel type de données peut être utilisé en vision par ordinateur ?,Images,Ports réseau uniquement,Fichiers BIOS,Tickets,0,10,difficile
Q01949,Intelligence artificielle,Mode compétition : Pourquoi séparer train et test ?,Pour mesurer la généralisation,Pour augmenter le nombre de claviers,Pour remplacer les labels,Pour supprimer les données,0,10,difficile
Q01950,Intelligence artificielle,Mode compétition : Quel concept décrit la capacité d'un modèle à fonctionner sur de nouvelles données ?,Généralisation,Encapsulation,Routage,Chiffrement,0,10,difficile
Q01951,Intelligence artificielle,Question expert : Que signifie IA ?,Intelligence artificielle,Internet automatique,Interface analytique,Installation avancée,0,10,difficile
Q01952,Intelligence artificielle,Question expert : Quel domaine permet à une machine d'apprendre à partir de données ?,Machine Learning,Word processing,DNS,Compression,0,10,difficile
Q01953,Intelligence artificielle,Question expert : Quel algorithme est souvent utilisé pour la classification ?,Random Forest,FTP,HTML,SMTP,0,10,difficile
Q01954,Intelligence artificielle,Question expert : Quel type d'apprentissage utilise des données étiquetées ?,Apprentissage supervisé,Apprentissage non supervisé,Apprentissage sans données,Apprentissage analogique,0,10,difficile
Q01955,Intelligence artificielle,Question expert : Quel modèle est adapté à la génération de texte ?,Un grand modèle de langage,Un câble réseau,Un compilateur C,Un disque dur,0,10,difficile
Q01956,Intelligence artificielle,Question expert : Que signifie LLM ?,Large Language Model,Local Logic Machine,Linear Learning Module,Low Level Memory,0,10,difficile
Q01957,Intelligence artificielle,Question expert : Quel problème est typique d'un modèle qui mémorise trop les données d'entraînement ?,Surapprentissage,Sous-échantillonnage,Compression,Routage,0,10,difficile
Q01958,Intelligence artificielle,Question expert : Quel jeu de données sert à évaluer un modèle après entraînement ?,Test set,Source code,DNS table,BIOS,0,10,difficile
Q01959,Intelligence artificielle,Question expert : Pourquoi normaliser certaines données ?,Faciliter l'apprentissage de certains modèles,Augmenter la taille du disque,Créer un réseau Wi-Fi,Installer un navigateur,0,10,difficile
Q01960,Intelligence artificielle,Question expert : Quel algorithme est un classifieur à marge ?,SVM,FTP,JSON,HTTP,0,10,difficile
Q01961,Intelligence artificielle,Question expert : Quel algorithme est basé sur les voisins ?,KNN,CNN uniquement,DNS,SSH,0,10,difficile
Q01962,Intelligence artificielle,Question expert : Quel outil est couramment utilisé en Python pour le calcul scientifique ?,NumPy,HTML,Nginx,Git,0,10,difficile
Q01963,Intelligence artificielle,Question expert : Quel outil Python est courant pour les tableaux de données ?,pandas,React,Docker,Apache,0,10,difficile
Q01964,Intelligence artificielle,Question expert : Quel framework est courant pour le deep learning ?,TensorFlow,Laravel,Next.js,PostgreSQL,0,10,difficile
Q01965,Intelligence artificielle,Question expert : Que mesure une accuracy ?,La proportion de prédictions correctes,La taille du modèle,Le temps de compilation,La RAM utilisée,0,10,difficile
Q01966,Intelligence artificielle,Question expert : Que mesure le recall ?,La capacité à retrouver les vrais positifs,Le nombre de CPU,La vitesse du réseau,La taille d'une image,0,10,difficile
Q01967,Intelligence artificielle,Question expert : Quel risque concerne les réponses inventées d'une IA générative ?,Hallucination,Compilation,Fragmentation,Routage,0,10,difficile
Q01968,Intelligence artificielle,Question expert : Quel est l'intérêt d'un jeu de validation ?,Aider au réglage et au choix du modèle,Remplacer le clavier,Créer un serveur DNS,Stocker des images,0,10,difficile
Q01969,Intelligence artificielle,Question expert : Quel terme désigne l'explication du fonctionnement d'un modèle ?,Explainable AI,Web hosting,Version control,Packet switching,0,10,difficile
Q01970,Intelligence artificielle,Question expert : Quel modèle est spécialisé dans le traitement d'images ?,CNN,FTP,SQL,DNS,0,10,difficile
Q01971,Intelligence artificielle,Question expert : Quel mécanisme est central dans les Transformers ?,Attention,Bluetooth,RAID,BIOS,0,10,difficile
Q01972,Intelligence artificielle,Question expert : Quel est le but d'un prompt ?,Donner une instruction à un modèle génératif,Formater un disque,Créer un câble,Compiler un noyau,0,10,difficile
Q01973,Intelligence artificielle,Question expert : Quel type de données peut être utilisé en vision par ordinateur ?,Images,Ports réseau uniquement,Fichiers BIOS,Tickets,0,10,difficile
Q01974,Intelligence artificielle,Question expert : Pourquoi séparer train et test ?,Pour mesurer la généralisation,Pour augmenter le nombre de claviers,Pour remplacer les labels,Pour supprimer les données,0,10,difficile
Q01975,Intelligence artificielle,Question expert : Quel concept décrit la capacité d'un modèle à fonctionner sur de nouvelles données ?,Généralisation,Encapsulation,Routage,Chiffrement,0,10,difficile
Q01976,Intelligence artificielle,Dernier défi : Que signifie IA ?,Intelligence artificielle,Internet automatique,Interface analytique,Installation avancée,0,10,difficile
Q01977,Intelligence artificielle,Dernier défi : Quel domaine permet à une machine d'apprendre à partir de données ?,Machine Learning,Word processing,DNS,Compression,0,10,difficile
Q01978,Intelligence artificielle,Dernier défi : Quel algorithme est souvent utilisé pour la classification ?,Random Forest,FTP,HTML,SMTP,0,10,difficile
Q01979,Intelligence artificielle,Dernier défi : Quel type d'apprentissage utilise des données étiquetées ?,Apprentissage supervisé,Apprentissage non supervisé,Apprentissage sans données,Apprentissage analogique,0,10,difficile
Q01980,Intelligence artificielle,Dernier défi : Quel modèle est adapté à la génération de texte ?,Un grand modèle de langage,Un câble réseau,Un compilateur C,Un disque dur,0,10,difficile
Q01981,Intelligence artificielle,Dernier défi : Que signifie LLM ?,Large Language Model,Local Logic Machine,Linear Learning Module,Low Level Memory,0,10,difficile
Q01982,Intelligence artificielle,Dernier défi : Quel problème est typique d'un modèle qui mémorise trop les données d'entraînement ?,Surapprentissage,Sous-échantillonnage,Compression,Routage,0,10,difficile
Q01983,Intelligence artificielle,Dernier défi : Quel jeu de données sert à évaluer un modèle après entraînement ?,Test set,Source code,DNS table,BIOS,0,10,difficile
Q01984,Intelligence artificielle,Dernier défi : Pourquoi normaliser certaines données ?,Faciliter l'apprentissage de certains modèles,Augmenter la taille du disque,Créer un réseau Wi-Fi,Installer un navigateur,0,10,difficile
Q01985,Intelligence artificielle,Dernier défi : Quel algorithme est un classifieur à marge ?,SVM,FTP,JSON,HTTP,0,10,difficile
Q01986,Intelligence artificielle,Dernier défi : Quel algorithme est basé sur les voisins ?,KNN,CNN uniquement,DNS,SSH,0,10,difficile
Q01987,Intelligence artificielle,Dernier défi : Quel outil est couramment utilisé en Python pour le calcul scientifique ?,NumPy,HTML,Nginx,Git,0,10,difficile
Q01988,Intelligence artificielle,Dernier défi : Quel outil Python est courant pour les tableaux de données ?,pandas,React,Docker,Apache,0,10,difficile
Q01989,Intelligence artificielle,Dernier défi : Quel framework est courant pour le deep learning ?,TensorFlow,Laravel,Next.js,PostgreSQL,0,10,difficile
Q01990,Intelligence artificielle,Dernier défi : Que mesure une accuracy ?,La proportion de prédictions correctes,La taille du modèle,Le temps de compilation,La RAM utilisée,0,10,difficile
Q01991,Intelligence artificielle,Dernier défi : Que mesure le recall ?,La capacité à retrouver les vrais positifs,Le nombre de CPU,La vitesse du réseau,La taille d'une image,0,10,difficile
Q01992,Intelligence artificielle,Dernier défi : Quel risque concerne les réponses inventées d'une IA générative ?,Hallucination,Compilation,Fragmentation,Routage,0,10,difficile
Q01993,Intelligence artificielle,Dernier défi : Quel est l'intérêt d'un jeu de validation ?,Aider au réglage et au choix du modèle,Remplacer le clavier,Créer un serveur DNS,Stocker des images,0,10,difficile
Q01994,Intelligence artificielle,Dernier défi : Quel terme désigne l'explication du fonctionnement d'un modèle ?,Explainable AI,Web hosting,Version control,Packet switching,0,10,difficile
Q01995,Intelligence artificielle,Dernier défi : Quel modèle est spécialisé dans le traitement d'images ?,CNN,FTP,SQL,DNS,0,10,difficile
Q01996,Intelligence artificielle,Dernier défi : Quel mécanisme est central dans les Transformers ?,Attention,Bluetooth,RAID,BIOS,0,10,difficile
Q01997,Intelligence artificielle,Dernier défi : Quel est le but d'un prompt ?,Donner une instruction à un modèle génératif,Formater un disque,Créer un câble,Compiler un noyau,0,10,difficile
Q01998,Intelligence artificielle,Dernier défi : Quel type de données peut être utilisé en vision par ordinateur ?,Images,Ports réseau uniquement,Fichiers BIOS,Tickets,0,10,difficile
Q01999,Intelligence artificielle,Dernier défi : Pourquoi séparer train et test ?,Pour mesurer la généralisation,Pour augmenter le nombre de claviers,Pour remplacer les labels,Pour supprimer les données,0,10,difficile
Q02000,Intelligence artificielle,Dernier défi : Quel concept décrit la capacité d'un modèle à fonctionner sur de nouvelles données ?,Généralisation,Encapsulation,Routage,Chiffrement,0,10,difficile
Q02001,Informatique générale,Que signifie CPU ?,Central Processing Unit,Computer Personal Utility,Control Program Unit,Central Peripheral User,0,10,facile
Q02002,Informatique générale,Que signifie RAM ?,Random Access Memory,Rapid Application Module,Remote Access Machine,Read And Modify,0,10,facile
Q02003,Informatique générale,Quel composant stocke les données même après extinction ?,SSD,RAM,Cache CPU,Registre,0,10,facile
Q02004,Informatique générale,Quel système d'exploitation est open source ?,Linux,Windows uniquement,iOS uniquement,DOS propriétaire,0,10,facile
Q02005,Informatique générale,Quel protocole sert à consulter des pages web ?,HTTP/HTTPS,FTP uniquement,SMTP,SSH uniquement,0,10,facile
Q02006,Informatique générale,Quel protocole est utilisé pour envoyer des e-mails ?,SMTP,HTTP,DNS,DHCP,0,10,facile
Q02007,Informatique générale,Quel service traduit un nom de domaine en adresse IP ?,DNS,FTP,SMTP,SSH,0,10,facile
Q02008,Informatique générale,Quelle adresse identifie une interface sur un réseau IP ?,Adresse IP,Adresse HTML,Adresse CSS,Adresse CPU,0,10,facile
Q02009,Informatique générale,Que signifie USB ?,Universal Serial Bus,Unified System Backup,User Service Bridge,Universal Storage Block,0,10,facile
Q02010,Informatique générale,Quel périphérique sert principalement à saisir du texte ?,Clavier,Écran,Projecteur,Haut-parleur,0,10,facile
Q02011,Informatique générale,Quel langage est principalement utilisé pour structurer une page web ?,HTML,SQL,Python uniquement,Bash,0,10,facile
Q02012,Informatique générale,Quel langage décrit la présentation d'une page web ?,CSS,HTML,SQL,C,0,10,facile
Q02013,Informatique générale,Quel langage ajoute de l'interactivité côté navigateur ?,JavaScript,CSS,SQL,XML,0,10,facile
Q02014,Informatique générale,Quel système de contrôle de versions est très répandu ?,Git,FTP,DNS,BIOS,0,10,facile
Q02015,Informatique générale,Quel outil héberge de nombreux dépôts Git ?,GitHub,Photoshop,Excel,VLC,0,10,facile
Q02016,Informatique générale,Quel type de fichier est généralement une image compressée ?,JPEG,TXT,EXE,CSV,0,10,facile
Q02017,Informatique générale,Quel format est souvent utilisé pour échanger des données structurées ?,JSON,MP3,PNG,EXE,0,10,facile
Q02018,Informatique générale,Que signifie URL ?,Uniform Resource Locator,Universal Runtime Language,User Routing Link,Unified Resource Logic,0,10,facile
Q02019,Informatique générale,Quel composant exécute les instructions d'un programme ?,CPU,SSD,Écran,Clavier,0,10,facile
Q02020,Informatique générale,Quel dispositif connecte plusieurs machines dans un réseau local ?,Switch,Microphone,Scanner,Projecteur,0,10,facile
Q02021,Informatique générale,Quel dispositif route des paquets entre réseaux ?,Routeur,Clavier,Imprimante,Webcam,0,10,facile
Q02022,Informatique générale,Quel type de logiciel protège contre certains programmes malveillants ?,Antivirus,Compilateur,Éditeur d'image,Navigateur,0,10,facile
Q02023,Informatique générale,Quel système de fichiers est courant sous Linux ?,ext4,NTFS uniquement,FAT12 uniquement,HFS uniquement,0,10,facile
Q02024,Informatique générale,Quel est le rôle d'un compilateur ?,Transformer du code source en code exécutable ou intermédiaire,Créer un compte utilisateur,Connecter un câble,Stocker une photo,0,10,facile
Q02025,Informatique générale,Quel est le rôle d'un navigateur ?,Afficher et interpréter des contenus web,Compiler le noyau Linux,Gérer la RAM physiquement,Créer des cartes SIM,0,10,facile
Q02026,Informatique générale,Au stand MIT : Que signifie CPU ?,Central Processing Unit,Computer Personal Utility,Control Program Unit,Central Peripheral User,0,10,facile
Q02027,Informatique générale,Au stand MIT : Que signifie RAM ?,Random Access Memory,Rapid Application Module,Remote Access Machine,Read And Modify,0,10,facile
Q02028,Informatique générale,Au stand MIT : Quel composant stocke les données même après extinction ?,SSD,RAM,Cache CPU,Registre,0,10,facile
Q02029,Informatique générale,Au stand MIT : Quel système d'exploitation est open source ?,Linux,Windows uniquement,iOS uniquement,DOS propriétaire,0,10,facile
Q02030,Informatique générale,Au stand MIT : Quel protocole sert à consulter des pages web ?,HTTP/HTTPS,FTP uniquement,SMTP,SSH uniquement,0,10,facile
Q02031,Informatique générale,Au stand MIT : Quel protocole est utilisé pour envoyer des e-mails ?,SMTP,HTTP,DNS,DHCP,0,10,facile
Q02032,Informatique générale,Au stand MIT : Quel service traduit un nom de domaine en adresse IP ?,DNS,FTP,SMTP,SSH,0,10,facile
Q02033,Informatique générale,Au stand MIT : Quelle adresse identifie une interface sur un réseau IP ?,Adresse IP,Adresse HTML,Adresse CSS,Adresse CPU,0,10,facile
Q02034,Informatique générale,Au stand MIT : Que signifie USB ?,Universal Serial Bus,Unified System Backup,User Service Bridge,Universal Storage Block,0,10,facile
Q02035,Informatique générale,Au stand MIT : Quel périphérique sert principalement à saisir du texte ?,Clavier,Écran,Projecteur,Haut-parleur,0,10,facile
Q02036,Informatique générale,Au stand MIT : Quel langage est principalement utilisé pour structurer une page web ?,HTML,SQL,Python uniquement,Bash,0,10,facile
Q02037,Informatique générale,Au stand MIT : Quel langage décrit la présentation d'une page web ?,CSS,HTML,SQL,C,0,10,facile
Q02038,Informatique générale,Au stand MIT : Quel langage ajoute de l'interactivité côté navigateur ?,JavaScript,CSS,SQL,XML,0,10,facile
Q02039,Informatique générale,Au stand MIT : Quel système de contrôle de versions est très répandu ?,Git,FTP,DNS,BIOS,0,10,facile
Q02040,Informatique générale,Au stand MIT : Quel outil héberge de nombreux dépôts Git ?,GitHub,Photoshop,Excel,VLC,0,10,facile
Q02041,Informatique générale,Au stand MIT : Quel type de fichier est généralement une image compressée ?,JPEG,TXT,EXE,CSV,0,10,facile
Q02042,Informatique générale,Au stand MIT : Quel format est souvent utilisé pour échanger des données structurées ?,JSON,MP3,PNG,EXE,0,10,facile
Q02043,Informatique générale,Au stand MIT : Que signifie URL ?,Uniform Resource Locator,Universal Runtime Language,User Routing Link,Unified Resource Logic,0,10,facile
Q02044,Informatique générale,Au stand MIT : Quel composant exécute les instructions d'un programme ?,CPU,SSD,Écran,Clavier,0,10,facile
Q02045,Informatique générale,Au stand MIT : Quel dispositif connecte plusieurs machines dans un réseau local ?,Switch,Microphone,Scanner,Projecteur,0,10,facile
Q02046,Informatique générale,Au stand MIT : Quel dispositif route des paquets entre réseaux ?,Routeur,Clavier,Imprimante,Webcam,0,10,facile
Q02047,Informatique générale,Au stand MIT : Quel type de logiciel protège contre certains programmes malveillants ?,Antivirus,Compilateur,Éditeur d'image,Navigateur,0,10,facile
Q02048,Informatique générale,Au stand MIT : Quel système de fichiers est courant sous Linux ?,ext4,NTFS uniquement,FAT12 uniquement,HFS uniquement,0,10,facile
Q02049,Informatique générale,Au stand MIT : Quel est le rôle d'un compilateur ?,Transformer du code source en code exécutable ou intermédiaire,Créer un compte utilisateur,Connecter un câble,Stocker une photo,0,10,facile
Q02050,Informatique générale,Au stand MIT : Quel est le rôle d'un navigateur ?,Afficher et interpréter des contenus web,Compiler le noyau Linux,Gérer la RAM physiquement,Créer des cartes SIM,0,10,facile
Q02051,Informatique générale,Défi express : Que signifie CPU ?,Central Processing Unit,Computer Personal Utility,Control Program Unit,Central Peripheral User,0,10,facile
Q02052,Informatique générale,Défi express : Que signifie RAM ?,Random Access Memory,Rapid Application Module,Remote Access Machine,Read And Modify,0,10,facile
Q02053,Informatique générale,Défi express : Quel composant stocke les données même après extinction ?,SSD,RAM,Cache CPU,Registre,0,10,facile
Q02054,Informatique générale,Défi express : Quel système d'exploitation est open source ?,Linux,Windows uniquement,iOS uniquement,DOS propriétaire,0,10,facile
Q02055,Informatique générale,Défi express : Quel protocole sert à consulter des pages web ?,HTTP/HTTPS,FTP uniquement,SMTP,SSH uniquement,0,10,facile
Q02056,Informatique générale,Défi express : Quel protocole est utilisé pour envoyer des e-mails ?,SMTP,HTTP,DNS,DHCP,0,10,facile
Q02057,Informatique générale,Défi express : Quel service traduit un nom de domaine en adresse IP ?,DNS,FTP,SMTP,SSH,0,10,facile
Q02058,Informatique générale,Défi express : Quelle adresse identifie une interface sur un réseau IP ?,Adresse IP,Adresse HTML,Adresse CSS,Adresse CPU,0,10,facile
Q02059,Informatique générale,Défi express : Que signifie USB ?,Universal Serial Bus,Unified System Backup,User Service Bridge,Universal Storage Block,0,10,facile
Q02060,Informatique générale,Défi express : Quel périphérique sert principalement à saisir du texte ?,Clavier,Écran,Projecteur,Haut-parleur,0,10,facile
Q02061,Informatique générale,Défi express : Quel langage est principalement utilisé pour structurer une page web ?,HTML,SQL,Python uniquement,Bash,0,10,facile
Q02062,Informatique générale,Défi express : Quel langage décrit la présentation d'une page web ?,CSS,HTML,SQL,C,0,10,facile
Q02063,Informatique générale,Défi express : Quel langage ajoute de l'interactivité côté navigateur ?,JavaScript,CSS,SQL,XML,0,10,facile
Q02064,Informatique générale,Défi express : Quel système de contrôle de versions est très répandu ?,Git,FTP,DNS,BIOS,0,10,facile
Q02065,Informatique générale,Défi express : Quel outil héberge de nombreux dépôts Git ?,GitHub,Photoshop,Excel,VLC,0,10,facile
Q02066,Informatique générale,Défi express : Quel type de fichier est généralement une image compressée ?,JPEG,TXT,EXE,CSV,0,10,facile
Q02067,Informatique générale,Défi express : Quel format est souvent utilisé pour échanger des données structurées ?,JSON,MP3,PNG,EXE,0,10,facile
Q02068,Informatique générale,Défi express : Que signifie URL ?,Uniform Resource Locator,Universal Runtime Language,User Routing Link,Unified Resource Logic,0,10,facile
Q02069,Informatique générale,Défi express : Quel composant exécute les instructions d'un programme ?,CPU,SSD,Écran,Clavier,0,10,facile
Q02070,Informatique générale,Défi express : Quel dispositif connecte plusieurs machines dans un réseau local ?,Switch,Microphone,Scanner,Projecteur,0,10,facile
Q02071,Informatique générale,Défi express : Quel dispositif route des paquets entre réseaux ?,Routeur,Clavier,Imprimante,Webcam,0,10,facile
Q02072,Informatique générale,Défi express : Quel type de logiciel protège contre certains programmes malveillants ?,Antivirus,Compilateur,Éditeur d'image,Navigateur,0,10,facile
Q02073,Informatique générale,Défi express : Quel système de fichiers est courant sous Linux ?,ext4,NTFS uniquement,FAT12 uniquement,HFS uniquement,0,10,facile
Q02074,Informatique générale,Défi express : Quel est le rôle d'un compilateur ?,Transformer du code source en code exécutable ou intermédiaire,Créer un compte utilisateur,Connecter un câble,Stocker une photo,0,10,facile
Q02075,Informatique générale,Défi express : Quel est le rôle d'un navigateur ?,Afficher et interpréter des contenus web,Compiler le noyau Linux,Gérer la RAM physiquement,Créer des cartes SIM,0,10,facile
Q02076,Informatique générale,Testez vos connaissances : Que signifie CPU ?,Central Processing Unit,Computer Personal Utility,Control Program Unit,Central Peripheral User,0,10,facile
Q02077,Informatique générale,Testez vos connaissances : Que signifie RAM ?,Random Access Memory,Rapid Application Module,Remote Access Machine,Read And Modify,0,10,facile
Q02078,Informatique générale,Testez vos connaissances : Quel composant stocke les données même après extinction ?,SSD,RAM,Cache CPU,Registre,0,10,facile
Q02079,Informatique générale,Testez vos connaissances : Quel système d'exploitation est open source ?,Linux,Windows uniquement,iOS uniquement,DOS propriétaire,0,10,facile
Q02080,Informatique générale,Testez vos connaissances : Quel protocole sert à consulter des pages web ?,HTTP/HTTPS,FTP uniquement,SMTP,SSH uniquement,0,10,facile
Q02081,Informatique générale,Testez vos connaissances : Quel protocole est utilisé pour envoyer des e-mails ?,SMTP,HTTP,DNS,DHCP,0,10,facile
Q02082,Informatique générale,Testez vos connaissances : Quel service traduit un nom de domaine en adresse IP ?,DNS,FTP,SMTP,SSH,0,10,facile
Q02083,Informatique générale,Testez vos connaissances : Quelle adresse identifie une interface sur un réseau IP ?,Adresse IP,Adresse HTML,Adresse CSS,Adresse CPU,0,10,facile
Q02084,Informatique générale,Testez vos connaissances : Que signifie USB ?,Universal Serial Bus,Unified System Backup,User Service Bridge,Universal Storage Block,0,10,facile
Q02085,Informatique générale,Testez vos connaissances : Quel périphérique sert principalement à saisir du texte ?,Clavier,Écran,Projecteur,Haut-parleur,0,10,facile
Q02086,Informatique générale,Testez vos connaissances : Quel langage est principalement utilisé pour structurer une page web ?,HTML,SQL,Python uniquement,Bash,0,10,facile
Q02087,Informatique générale,Testez vos connaissances : Quel langage décrit la présentation d'une page web ?,CSS,HTML,SQL,C,0,10,facile
Q02088,Informatique générale,Testez vos connaissances : Quel langage ajoute de l'interactivité côté navigateur ?,JavaScript,CSS,SQL,XML,0,10,facile
Q02089,Informatique générale,Testez vos connaissances : Quel système de contrôle de versions est très répandu ?,Git,FTP,DNS,BIOS,0,10,facile
Q02090,Informatique générale,Testez vos connaissances : Quel outil héberge de nombreux dépôts Git ?,GitHub,Photoshop,Excel,VLC,0,10,facile
Q02091,Informatique générale,Testez vos connaissances : Quel type de fichier est généralement une image compressée ?,JPEG,TXT,EXE,CSV,0,10,facile
Q02092,Informatique générale,Testez vos connaissances : Quel format est souvent utilisé pour échanger des données structurées ?,JSON,MP3,PNG,EXE,0,10,facile
Q02093,Informatique générale,Testez vos connaissances : Que signifie URL ?,Uniform Resource Locator,Universal Runtime Language,User Routing Link,Unified Resource Logic,0,10,facile
Q02094,Informatique générale,Testez vos connaissances : Quel composant exécute les instructions d'un programme ?,CPU,SSD,Écran,Clavier,0,10,facile
Q02095,Informatique générale,Testez vos connaissances : Quel dispositif connecte plusieurs machines dans un réseau local ?,Switch,Microphone,Scanner,Projecteur,0,10,facile
Q02096,Informatique générale,Testez vos connaissances : Quel dispositif route des paquets entre réseaux ?,Routeur,Clavier,Imprimante,Webcam,0,10,facile
Q02097,Informatique générale,Testez vos connaissances : Quel type de logiciel protège contre certains programmes malveillants ?,Antivirus,Compilateur,Éditeur d'image,Navigateur,0,10,facile
Q02098,Informatique générale,Testez vos connaissances : Quel système de fichiers est courant sous Linux ?,ext4,NTFS uniquement,FAT12 uniquement,HFS uniquement,0,10,facile
Q02099,Informatique générale,Testez vos connaissances : Quel est le rôle d'un compilateur ?,Transformer du code source en code exécutable ou intermédiaire,Créer un compte utilisateur,Connecter un câble,Stocker une photo,0,10,facile
Q02100,Informatique générale,Testez vos connaissances : Quel est le rôle d'un navigateur ?,Afficher et interpréter des contenus web,Compiler le noyau Linux,Gérer la RAM physiquement,Créer des cartes SIM,0,10,facile
Q02101,Informatique générale,Le saviez-vous ? Que signifie CPU ?,Central Processing Unit,Computer Personal Utility,Control Program Unit,Central Peripheral User,0,10,facile
Q02102,Informatique générale,Le saviez-vous ? Que signifie RAM ?,Random Access Memory,Rapid Application Module,Remote Access Machine,Read And Modify,0,10,facile
Q02103,Informatique générale,Le saviez-vous ? Quel composant stocke les données même après extinction ?,SSD,RAM,Cache CPU,Registre,0,10,facile
Q02104,Informatique générale,Le saviez-vous ? Quel système d'exploitation est open source ?,Linux,Windows uniquement,iOS uniquement,DOS propriétaire,0,10,facile
Q02105,Informatique générale,Le saviez-vous ? Quel protocole sert à consulter des pages web ?,HTTP/HTTPS,FTP uniquement,SMTP,SSH uniquement,0,10,facile
Q02106,Informatique générale,Le saviez-vous ? Quel protocole est utilisé pour envoyer des e-mails ?,SMTP,HTTP,DNS,DHCP,0,10,facile
Q02107,Informatique générale,Le saviez-vous ? Quel service traduit un nom de domaine en adresse IP ?,DNS,FTP,SMTP,SSH,0,10,facile
Q02108,Informatique générale,Le saviez-vous ? Quelle adresse identifie une interface sur un réseau IP ?,Adresse IP,Adresse HTML,Adresse CSS,Adresse CPU,0,10,facile
Q02109,Informatique générale,Le saviez-vous ? Que signifie USB ?,Universal Serial Bus,Unified System Backup,User Service Bridge,Universal Storage Block,0,10,facile
Q02110,Informatique générale,Le saviez-vous ? Quel périphérique sert principalement à saisir du texte ?,Clavier,Écran,Projecteur,Haut-parleur,0,10,facile
Q02111,Informatique générale,Le saviez-vous ? Quel langage est principalement utilisé pour structurer une page web ?,HTML,SQL,Python uniquement,Bash,0,10,facile
Q02112,Informatique générale,Le saviez-vous ? Quel langage décrit la présentation d'une page web ?,CSS,HTML,SQL,C,0,10,facile
Q02113,Informatique générale,Le saviez-vous ? Quel langage ajoute de l'interactivité côté navigateur ?,JavaScript,CSS,SQL,XML,0,10,facile
Q02114,Informatique générale,Le saviez-vous ? Quel système de contrôle de versions est très répandu ?,Git,FTP,DNS,BIOS,0,10,facile
Q02115,Informatique générale,Le saviez-vous ? Quel outil héberge de nombreux dépôts Git ?,GitHub,Photoshop,Excel,VLC,0,10,facile
Q02116,Informatique générale,Le saviez-vous ? Quel type de fichier est généralement une image compressée ?,JPEG,TXT,EXE,CSV,0,10,facile
Q02117,Informatique générale,Le saviez-vous ? Quel format est souvent utilisé pour échanger des données structurées ?,JSON,MP3,PNG,EXE,0,10,facile
Q02118,Informatique générale,Le saviez-vous ? Que signifie URL ?,Uniform Resource Locator,Universal Runtime Language,User Routing Link,Unified Resource Logic,0,10,facile
Q02119,Informatique générale,Le saviez-vous ? Quel composant exécute les instructions d'un programme ?,CPU,SSD,Écran,Clavier,0,10,facile
Q02120,Informatique générale,Le saviez-vous ? Quel dispositif connecte plusieurs machines dans un réseau local ?,Switch,Microphone,Scanner,Projecteur,0,10,facile
Q02121,Informatique générale,Le saviez-vous ? Quel dispositif route des paquets entre réseaux ?,Routeur,Clavier,Imprimante,Webcam,0,10,facile
Q02122,Informatique générale,Le saviez-vous ? Quel type de logiciel protège contre certains programmes malveillants ?,Antivirus,Compilateur,Éditeur d'image,Navigateur,0,10,facile
Q02123,Informatique générale,Le saviez-vous ? Quel système de fichiers est courant sous Linux ?,ext4,NTFS uniquement,FAT12 uniquement,HFS uniquement,0,10,facile
Q02124,Informatique générale,Le saviez-vous ? Quel est le rôle d'un compilateur ?,Transformer du code source en code exécutable ou intermédiaire,Créer un compte utilisateur,Connecter un câble,Stocker une photo,0,10,facile
Q02125,Informatique générale,Le saviez-vous ? Quel est le rôle d'un navigateur ?,Afficher et interpréter des contenus web,Compiler le noyau Linux,Gérer la RAM physiquement,Créer des cartes SIM,0,10,facile
Q02126,Informatique générale,Quiz du jour : Que signifie CPU ?,Central Processing Unit,Computer Personal Utility,Control Program Unit,Central Peripheral User,0,10,moyen
Q02127,Informatique générale,Quiz du jour : Que signifie RAM ?,Random Access Memory,Rapid Application Module,Remote Access Machine,Read And Modify,0,10,moyen
Q02128,Informatique générale,Quiz du jour : Quel composant stocke les données même après extinction ?,SSD,RAM,Cache CPU,Registre,0,10,moyen
Q02129,Informatique générale,Quiz du jour : Quel système d'exploitation est open source ?,Linux,Windows uniquement,iOS uniquement,DOS propriétaire,0,10,moyen
Q02130,Informatique générale,Quiz du jour : Quel protocole sert à consulter des pages web ?,HTTP/HTTPS,FTP uniquement,SMTP,SSH uniquement,0,10,moyen
Q02131,Informatique générale,Quiz du jour : Quel protocole est utilisé pour envoyer des e-mails ?,SMTP,HTTP,DNS,DHCP,0,10,moyen
Q02132,Informatique générale,Quiz du jour : Quel service traduit un nom de domaine en adresse IP ?,DNS,FTP,SMTP,SSH,0,10,moyen
Q02133,Informatique générale,Quiz du jour : Quelle adresse identifie une interface sur un réseau IP ?,Adresse IP,Adresse HTML,Adresse CSS,Adresse CPU,0,10,moyen
Q02134,Informatique générale,Quiz du jour : Que signifie USB ?,Universal Serial Bus,Unified System Backup,User Service Bridge,Universal Storage Block,0,10,moyen
Q02135,Informatique générale,Quiz du jour : Quel périphérique sert principalement à saisir du texte ?,Clavier,Écran,Projecteur,Haut-parleur,0,10,moyen
Q02136,Informatique générale,Quiz du jour : Quel langage est principalement utilisé pour structurer une page web ?,HTML,SQL,Python uniquement,Bash,0,10,moyen
Q02137,Informatique générale,Quiz du jour : Quel langage décrit la présentation d'une page web ?,CSS,HTML,SQL,C,0,10,moyen
Q02138,Informatique générale,Quiz du jour : Quel langage ajoute de l'interactivité côté navigateur ?,JavaScript,CSS,SQL,XML,0,10,moyen
Q02139,Informatique générale,Quiz du jour : Quel système de contrôle de versions est très répandu ?,Git,FTP,DNS,BIOS,0,10,moyen
Q02140,Informatique générale,Quiz du jour : Quel outil héberge de nombreux dépôts Git ?,GitHub,Photoshop,Excel,VLC,0,10,moyen
Q02141,Informatique générale,Quiz du jour : Quel type de fichier est généralement une image compressée ?,JPEG,TXT,EXE,CSV,0,10,moyen
Q02142,Informatique générale,Quiz du jour : Quel format est souvent utilisé pour échanger des données structurées ?,JSON,MP3,PNG,EXE,0,10,moyen
Q02143,Informatique générale,Quiz du jour : Que signifie URL ?,Uniform Resource Locator,Universal Runtime Language,User Routing Link,Unified Resource Logic,0,10,moyen
Q02144,Informatique générale,Quiz du jour : Quel composant exécute les instructions d'un programme ?,CPU,SSD,Écran,Clavier,0,10,moyen
Q02145,Informatique générale,Quiz du jour : Quel dispositif connecte plusieurs machines dans un réseau local ?,Switch,Microphone,Scanner,Projecteur,0,10,moyen
Q02146,Informatique générale,Quiz du jour : Quel dispositif route des paquets entre réseaux ?,Routeur,Clavier,Imprimante,Webcam,0,10,moyen
Q02147,Informatique générale,Quiz du jour : Quel type de logiciel protège contre certains programmes malveillants ?,Antivirus,Compilateur,Éditeur d'image,Navigateur,0,10,moyen
Q02148,Informatique générale,Quiz du jour : Quel système de fichiers est courant sous Linux ?,ext4,NTFS uniquement,FAT12 uniquement,HFS uniquement,0,10,moyen
Q02149,Informatique générale,Quiz du jour : Quel est le rôle d'un compilateur ?,Transformer du code source en code exécutable ou intermédiaire,Créer un compte utilisateur,Connecter un câble,Stocker une photo,0,10,moyen
Q02150,Informatique générale,Quiz du jour : Quel est le rôle d'un navigateur ?,Afficher et interpréter des contenus web,Compiler le noyau Linux,Gérer la RAM physiquement,Créer des cartes SIM,0,10,moyen
Q02151,Informatique générale,À vous de jouer : Que signifie CPU ?,Central Processing Unit,Computer Personal Utility,Control Program Unit,Central Peripheral User,0,10,moyen
Q02152,Informatique générale,À vous de jouer : Que signifie RAM ?,Random Access Memory,Rapid Application Module,Remote Access Machine,Read And Modify,0,10,moyen
Q02153,Informatique générale,À vous de jouer : Quel composant stocke les données même après extinction ?,SSD,RAM,Cache CPU,Registre,0,10,moyen
Q02154,Informatique générale,À vous de jouer : Quel système d'exploitation est open source ?,Linux,Windows uniquement,iOS uniquement,DOS propriétaire,0,10,moyen
Q02155,Informatique générale,À vous de jouer : Quel protocole sert à consulter des pages web ?,HTTP/HTTPS,FTP uniquement,SMTP,SSH uniquement,0,10,moyen
Q02156,Informatique générale,À vous de jouer : Quel protocole est utilisé pour envoyer des e-mails ?,SMTP,HTTP,DNS,DHCP,0,10,moyen
Q02157,Informatique générale,À vous de jouer : Quel service traduit un nom de domaine en adresse IP ?,DNS,FTP,SMTP,SSH,0,10,moyen
Q02158,Informatique générale,À vous de jouer : Quelle adresse identifie une interface sur un réseau IP ?,Adresse IP,Adresse HTML,Adresse CSS,Adresse CPU,0,10,moyen
Q02159,Informatique générale,À vous de jouer : Que signifie USB ?,Universal Serial Bus,Unified System Backup,User Service Bridge,Universal Storage Block,0,10,moyen
Q02160,Informatique générale,À vous de jouer : Quel périphérique sert principalement à saisir du texte ?,Clavier,Écran,Projecteur,Haut-parleur,0,10,moyen
Q02161,Informatique générale,À vous de jouer : Quel langage est principalement utilisé pour structurer une page web ?,HTML,SQL,Python uniquement,Bash,0,10,moyen
Q02162,Informatique générale,À vous de jouer : Quel langage décrit la présentation d'une page web ?,CSS,HTML,SQL,C,0,10,moyen
Q02163,Informatique générale,À vous de jouer : Quel langage ajoute de l'interactivité côté navigateur ?,JavaScript,CSS,SQL,XML,0,10,moyen
Q02164,Informatique générale,À vous de jouer : Quel système de contrôle de versions est très répandu ?,Git,FTP,DNS,BIOS,0,10,moyen
Q02165,Informatique générale,À vous de jouer : Quel outil héberge de nombreux dépôts Git ?,GitHub,Photoshop,Excel,VLC,0,10,moyen
Q02166,Informatique générale,À vous de jouer : Quel type de fichier est généralement une image compressée ?,JPEG,TXT,EXE,CSV,0,10,moyen
Q02167,Informatique générale,À vous de jouer : Quel format est souvent utilisé pour échanger des données structurées ?,JSON,MP3,PNG,EXE,0,10,moyen
Q02168,Informatique générale,À vous de jouer : Que signifie URL ?,Uniform Resource Locator,Universal Runtime Language,User Routing Link,Unified Resource Logic,0,10,moyen
Q02169,Informatique générale,À vous de jouer : Quel composant exécute les instructions d'un programme ?,CPU,SSD,Écran,Clavier,0,10,moyen
Q02170,Informatique générale,À vous de jouer : Quel dispositif connecte plusieurs machines dans un réseau local ?,Switch,Microphone,Scanner,Projecteur,0,10,moyen
Q02171,Informatique générale,À vous de jouer : Quel dispositif route des paquets entre réseaux ?,Routeur,Clavier,Imprimante,Webcam,0,10,moyen
Q02172,Informatique générale,À vous de jouer : Quel type de logiciel protège contre certains programmes malveillants ?,Antivirus,Compilateur,Éditeur d'image,Navigateur,0,10,moyen
Q02173,Informatique générale,À vous de jouer : Quel système de fichiers est courant sous Linux ?,ext4,NTFS uniquement,FAT12 uniquement,HFS uniquement,0,10,moyen
Q02174,Informatique générale,À vous de jouer : Quel est le rôle d'un compilateur ?,Transformer du code source en code exécutable ou intermédiaire,Créer un compte utilisateur,Connecter un câble,Stocker une photo,0,10,moyen
Q02175,Informatique générale,À vous de jouer : Quel est le rôle d'un navigateur ?,Afficher et interpréter des contenus web,Compiler le noyau Linux,Gérer la RAM physiquement,Créer des cartes SIM,0,10,moyen
Q02176,Informatique générale,Challenge : Que signifie CPU ?,Central Processing Unit,Computer Personal Utility,Control Program Unit,Central Peripheral User,0,10,moyen
Q02177,Informatique générale,Challenge : Que signifie RAM ?,Random Access Memory,Rapid Application Module,Remote Access Machine,Read And Modify,0,10,moyen
Q02178,Informatique générale,Challenge : Quel composant stocke les données même après extinction ?,SSD,RAM,Cache CPU,Registre,0,10,moyen
Q02179,Informatique générale,Challenge : Quel système d'exploitation est open source ?,Linux,Windows uniquement,iOS uniquement,DOS propriétaire,0,10,moyen
Q02180,Informatique générale,Challenge : Quel protocole sert à consulter des pages web ?,HTTP/HTTPS,FTP uniquement,SMTP,SSH uniquement,0,10,moyen
Q02181,Informatique générale,Challenge : Quel protocole est utilisé pour envoyer des e-mails ?,SMTP,HTTP,DNS,DHCP,0,10,moyen
Q02182,Informatique générale,Challenge : Quel service traduit un nom de domaine en adresse IP ?,DNS,FTP,SMTP,SSH,0,10,moyen
Q02183,Informatique générale,Challenge : Quelle adresse identifie une interface sur un réseau IP ?,Adresse IP,Adresse HTML,Adresse CSS,Adresse CPU,0,10,moyen
Q02184,Informatique générale,Challenge : Que signifie USB ?,Universal Serial Bus,Unified System Backup,User Service Bridge,Universal Storage Block,0,10,moyen
Q02185,Informatique générale,Challenge : Quel périphérique sert principalement à saisir du texte ?,Clavier,Écran,Projecteur,Haut-parleur,0,10,moyen
Q02186,Informatique générale,Challenge : Quel langage est principalement utilisé pour structurer une page web ?,HTML,SQL,Python uniquement,Bash,0,10,moyen
Q02187,Informatique générale,Challenge : Quel langage décrit la présentation d'une page web ?,CSS,HTML,SQL,C,0,10,moyen
Q02188,Informatique générale,Challenge : Quel langage ajoute de l'interactivité côté navigateur ?,JavaScript,CSS,SQL,XML,0,10,moyen
Q02189,Informatique générale,Challenge : Quel système de contrôle de versions est très répandu ?,Git,FTP,DNS,BIOS,0,10,moyen
Q02190,Informatique générale,Challenge : Quel outil héberge de nombreux dépôts Git ?,GitHub,Photoshop,Excel,VLC,0,10,moyen
Q02191,Informatique générale,Challenge : Quel type de fichier est généralement une image compressée ?,JPEG,TXT,EXE,CSV,0,10,moyen
Q02192,Informatique générale,Challenge : Quel format est souvent utilisé pour échanger des données structurées ?,JSON,MP3,PNG,EXE,0,10,moyen
Q02193,Informatique générale,Challenge : Que signifie URL ?,Uniform Resource Locator,Universal Runtime Language,User Routing Link,Unified Resource Logic,0,10,moyen
Q02194,Informatique générale,Challenge : Quel composant exécute les instructions d'un programme ?,CPU,SSD,Écran,Clavier,0,10,moyen
Q02195,Informatique générale,Challenge : Quel dispositif connecte plusieurs machines dans un réseau local ?,Switch,Microphone,Scanner,Projecteur,0,10,moyen
Q02196,Informatique générale,Challenge : Quel dispositif route des paquets entre réseaux ?,Routeur,Clavier,Imprimante,Webcam,0,10,moyen
Q02197,Informatique générale,Challenge : Quel type de logiciel protège contre certains programmes malveillants ?,Antivirus,Compilateur,Éditeur d'image,Navigateur,0,10,moyen
Q02198,Informatique générale,Challenge : Quel système de fichiers est courant sous Linux ?,ext4,NTFS uniquement,FAT12 uniquement,HFS uniquement,0,10,moyen
Q02199,Informatique générale,Challenge : Quel est le rôle d'un compilateur ?,Transformer du code source en code exécutable ou intermédiaire,Créer un compte utilisateur,Connecter un câble,Stocker une photo,0,10,moyen
Q02200,Informatique générale,Challenge : Quel est le rôle d'un navigateur ?,Afficher et interpréter des contenus web,Compiler le noyau Linux,Gérer la RAM physiquement,Créer des cartes SIM,0,10,moyen
Q02201,Informatique générale,Question bonus : Que signifie CPU ?,Central Processing Unit,Computer Personal Utility,Control Program Unit,Central Peripheral User,0,10,moyen
Q02202,Informatique générale,Question bonus : Que signifie RAM ?,Random Access Memory,Rapid Application Module,Remote Access Machine,Read And Modify,0,10,moyen
Q02203,Informatique générale,Question bonus : Quel composant stocke les données même après extinction ?,SSD,RAM,Cache CPU,Registre,0,10,moyen
Q02204,Informatique générale,Question bonus : Quel système d'exploitation est open source ?,Linux,Windows uniquement,iOS uniquement,DOS propriétaire,0,10,moyen
Q02205,Informatique générale,Question bonus : Quel protocole sert à consulter des pages web ?,HTTP/HTTPS,FTP uniquement,SMTP,SSH uniquement,0,10,moyen
Q02206,Informatique générale,Question bonus : Quel protocole est utilisé pour envoyer des e-mails ?,SMTP,HTTP,DNS,DHCP,0,10,moyen
Q02207,Informatique générale,Question bonus : Quel service traduit un nom de domaine en adresse IP ?,DNS,FTP,SMTP,SSH,0,10,moyen
Q02208,Informatique générale,Question bonus : Quelle adresse identifie une interface sur un réseau IP ?,Adresse IP,Adresse HTML,Adresse CSS,Adresse CPU,0,10,moyen
Q02209,Informatique générale,Question bonus : Que signifie USB ?,Universal Serial Bus,Unified System Backup,User Service Bridge,Universal Storage Block,0,10,moyen
Q02210,Informatique générale,Question bonus : Quel périphérique sert principalement à saisir du texte ?,Clavier,Écran,Projecteur,Haut-parleur,0,10,moyen
Q02211,Informatique générale,Question bonus : Quel langage est principalement utilisé pour structurer une page web ?,HTML,SQL,Python uniquement,Bash,0,10,moyen
Q02212,Informatique générale,Question bonus : Quel langage décrit la présentation d'une page web ?,CSS,HTML,SQL,C,0,10,moyen
Q02213,Informatique générale,Question bonus : Quel langage ajoute de l'interactivité côté navigateur ?,JavaScript,CSS,SQL,XML,0,10,moyen
Q02214,Informatique générale,Question bonus : Quel système de contrôle de versions est très répandu ?,Git,FTP,DNS,BIOS,0,10,moyen
Q02215,Informatique générale,Question bonus : Quel outil héberge de nombreux dépôts Git ?,GitHub,Photoshop,Excel,VLC,0,10,moyen
Q02216,Informatique générale,Question bonus : Quel type de fichier est généralement une image compressée ?,JPEG,TXT,EXE,CSV,0,10,moyen
Q02217,Informatique générale,Question bonus : Quel format est souvent utilisé pour échanger des données structurées ?,JSON,MP3,PNG,EXE,0,10,moyen
Q02218,Informatique générale,Question bonus : Que signifie URL ?,Uniform Resource Locator,Universal Runtime Language,User Routing Link,Unified Resource Logic,0,10,moyen
Q02219,Informatique générale,Question bonus : Quel composant exécute les instructions d'un programme ?,CPU,SSD,Écran,Clavier,0,10,moyen
Q02220,Informatique générale,Question bonus : Quel dispositif connecte plusieurs machines dans un réseau local ?,Switch,Microphone,Scanner,Projecteur,0,10,moyen
Q02221,Informatique générale,Question bonus : Quel dispositif route des paquets entre réseaux ?,Routeur,Clavier,Imprimante,Webcam,0,10,moyen
Q02222,Informatique générale,Question bonus : Quel type de logiciel protège contre certains programmes malveillants ?,Antivirus,Compilateur,Éditeur d'image,Navigateur,0,10,moyen
Q02223,Informatique générale,Question bonus : Quel système de fichiers est courant sous Linux ?,ext4,NTFS uniquement,FAT12 uniquement,HFS uniquement,0,10,moyen
Q02224,Informatique générale,Question bonus : Quel est le rôle d'un compilateur ?,Transformer du code source en code exécutable ou intermédiaire,Créer un compte utilisateur,Connecter un câble,Stocker une photo,0,10,moyen
Q02225,Informatique générale,Question bonus : Quel est le rôle d'un navigateur ?,Afficher et interpréter des contenus web,Compiler le noyau Linux,Gérer la RAM physiquement,Créer des cartes SIM,0,10,moyen
Q02226,Informatique générale,Question éclair : Que signifie CPU ?,Central Processing Unit,Computer Personal Utility,Control Program Unit,Central Peripheral User,0,10,moyen
Q02227,Informatique générale,Question éclair : Que signifie RAM ?,Random Access Memory,Rapid Application Module,Remote Access Machine,Read And Modify,0,10,moyen
Q02228,Informatique générale,Question éclair : Quel composant stocke les données même après extinction ?,SSD,RAM,Cache CPU,Registre,0,10,moyen
Q02229,Informatique générale,Question éclair : Quel système d'exploitation est open source ?,Linux,Windows uniquement,iOS uniquement,DOS propriétaire,0,10,moyen
Q02230,Informatique générale,Question éclair : Quel protocole sert à consulter des pages web ?,HTTP/HTTPS,FTP uniquement,SMTP,SSH uniquement,0,10,moyen
Q02231,Informatique générale,Question éclair : Quel protocole est utilisé pour envoyer des e-mails ?,SMTP,HTTP,DNS,DHCP,0,10,moyen
Q02232,Informatique générale,Question éclair : Quel service traduit un nom de domaine en adresse IP ?,DNS,FTP,SMTP,SSH,0,10,moyen
Q02233,Informatique générale,Question éclair : Quelle adresse identifie une interface sur un réseau IP ?,Adresse IP,Adresse HTML,Adresse CSS,Adresse CPU,0,10,moyen
Q02234,Informatique générale,Question éclair : Que signifie USB ?,Universal Serial Bus,Unified System Backup,User Service Bridge,Universal Storage Block,0,10,moyen
Q02235,Informatique générale,Question éclair : Quel périphérique sert principalement à saisir du texte ?,Clavier,Écran,Projecteur,Haut-parleur,0,10,moyen
Q02236,Informatique générale,Question éclair : Quel langage est principalement utilisé pour structurer une page web ?,HTML,SQL,Python uniquement,Bash,0,10,moyen
Q02237,Informatique générale,Question éclair : Quel langage décrit la présentation d'une page web ?,CSS,HTML,SQL,C,0,10,moyen
Q02238,Informatique générale,Question éclair : Quel langage ajoute de l'interactivité côté navigateur ?,JavaScript,CSS,SQL,XML,0,10,moyen
Q02239,Informatique générale,Question éclair : Quel système de contrôle de versions est très répandu ?,Git,FTP,DNS,BIOS,0,10,moyen
Q02240,Informatique générale,Question éclair : Quel outil héberge de nombreux dépôts Git ?,GitHub,Photoshop,Excel,VLC,0,10,moyen
Q02241,Informatique générale,Question éclair : Quel type de fichier est généralement une image compressée ?,JPEG,TXT,EXE,CSV,0,10,moyen
Q02242,Informatique générale,Question éclair : Quel format est souvent utilisé pour échanger des données structurées ?,JSON,MP3,PNG,EXE,0,10,moyen
Q02243,Informatique générale,Question éclair : Que signifie URL ?,Uniform Resource Locator,Universal Runtime Language,User Routing Link,Unified Resource Logic,0,10,moyen
Q02244,Informatique générale,Question éclair : Quel composant exécute les instructions d'un programme ?,CPU,SSD,Écran,Clavier,0,10,moyen
Q02245,Informatique générale,Question éclair : Quel dispositif connecte plusieurs machines dans un réseau local ?,Switch,Microphone,Scanner,Projecteur,0,10,moyen
Q02246,Informatique générale,Question éclair : Quel dispositif route des paquets entre réseaux ?,Routeur,Clavier,Imprimante,Webcam,0,10,moyen
Q02247,Informatique générale,Question éclair : Quel type de logiciel protège contre certains programmes malveillants ?,Antivirus,Compilateur,Éditeur d'image,Navigateur,0,10,moyen
Q02248,Informatique générale,Question éclair : Quel système de fichiers est courant sous Linux ?,ext4,NTFS uniquement,FAT12 uniquement,HFS uniquement,0,10,moyen
Q02249,Informatique générale,Question éclair : Quel est le rôle d'un compilateur ?,Transformer du code source en code exécutable ou intermédiaire,Créer un compte utilisateur,Connecter un câble,Stocker une photo,0,10,moyen
Q02250,Informatique générale,Question éclair : Quel est le rôle d'un navigateur ?,Afficher et interpréter des contenus web,Compiler le noyau Linux,Gérer la RAM physiquement,Créer des cartes SIM,0,10,moyen
Q02251,Informatique générale,Pour gagner des points : Que signifie CPU ?,Central Processing Unit,Computer Personal Utility,Control Program Unit,Central Peripheral User,0,10,moyen
Q02252,Informatique générale,Pour gagner des points : Que signifie RAM ?,Random Access Memory,Rapid Application Module,Remote Access Machine,Read And Modify,0,10,moyen
Q02253,Informatique générale,Pour gagner des points : Quel composant stocke les données même après extinction ?,SSD,RAM,Cache CPU,Registre,0,10,moyen
Q02254,Informatique générale,Pour gagner des points : Quel système d'exploitation est open source ?,Linux,Windows uniquement,iOS uniquement,DOS propriétaire,0,10,moyen
Q02255,Informatique générale,Pour gagner des points : Quel protocole sert à consulter des pages web ?,HTTP/HTTPS,FTP uniquement,SMTP,SSH uniquement,0,10,moyen
Q02256,Informatique générale,Pour gagner des points : Quel protocole est utilisé pour envoyer des e-mails ?,SMTP,HTTP,DNS,DHCP,0,10,moyen
Q02257,Informatique générale,Pour gagner des points : Quel service traduit un nom de domaine en adresse IP ?,DNS,FTP,SMTP,SSH,0,10,moyen
Q02258,Informatique générale,Pour gagner des points : Quelle adresse identifie une interface sur un réseau IP ?,Adresse IP,Adresse HTML,Adresse CSS,Adresse CPU,0,10,moyen
Q02259,Informatique générale,Pour gagner des points : Que signifie USB ?,Universal Serial Bus,Unified System Backup,User Service Bridge,Universal Storage Block,0,10,moyen
Q02260,Informatique générale,Pour gagner des points : Quel périphérique sert principalement à saisir du texte ?,Clavier,Écran,Projecteur,Haut-parleur,0,10,moyen
Q02261,Informatique générale,Pour gagner des points : Quel langage est principalement utilisé pour structurer une page web ?,HTML,SQL,Python uniquement,Bash,0,10,moyen
Q02262,Informatique générale,Pour gagner des points : Quel langage décrit la présentation d'une page web ?,CSS,HTML,SQL,C,0,10,moyen
Q02263,Informatique générale,Pour gagner des points : Quel langage ajoute de l'interactivité côté navigateur ?,JavaScript,CSS,SQL,XML,0,10,moyen
Q02264,Informatique générale,Pour gagner des points : Quel système de contrôle de versions est très répandu ?,Git,FTP,DNS,BIOS,0,10,moyen
Q02265,Informatique générale,Pour gagner des points : Quel outil héberge de nombreux dépôts Git ?,GitHub,Photoshop,Excel,VLC,0,10,moyen
Q02266,Informatique générale,Pour gagner des points : Quel type de fichier est généralement une image compressée ?,JPEG,TXT,EXE,CSV,0,10,moyen
Q02267,Informatique générale,Pour gagner des points : Quel format est souvent utilisé pour échanger des données structurées ?,JSON,MP3,PNG,EXE,0,10,moyen
Q02268,Informatique générale,Pour gagner des points : Que signifie URL ?,Uniform Resource Locator,Universal Runtime Language,User Routing Link,Unified Resource Logic,0,10,moyen
Q02269,Informatique générale,Pour gagner des points : Quel composant exécute les instructions d'un programme ?,CPU,SSD,Écran,Clavier,0,10,moyen
Q02270,Informatique générale,Pour gagner des points : Quel dispositif connecte plusieurs machines dans un réseau local ?,Switch,Microphone,Scanner,Projecteur,0,10,moyen
Q02271,Informatique générale,Pour gagner des points : Quel dispositif route des paquets entre réseaux ?,Routeur,Clavier,Imprimante,Webcam,0,10,moyen
Q02272,Informatique générale,Pour gagner des points : Quel type de logiciel protège contre certains programmes malveillants ?,Antivirus,Compilateur,Éditeur d'image,Navigateur,0,10,moyen
Q02273,Informatique générale,Pour gagner des points : Quel système de fichiers est courant sous Linux ?,ext4,NTFS uniquement,FAT12 uniquement,HFS uniquement,0,10,moyen
Q02274,Informatique générale,Pour gagner des points : Quel est le rôle d'un compilateur ?,Transformer du code source en code exécutable ou intermédiaire,Créer un compte utilisateur,Connecter un câble,Stocker une photo,0,10,moyen
Q02275,Informatique générale,Pour gagner des points : Quel est le rôle d'un navigateur ?,Afficher et interpréter des contenus web,Compiler le noyau Linux,Gérer la RAM physiquement,Créer des cartes SIM,0,10,moyen
Q02276,Informatique générale,À l'exposition : Que signifie CPU ?,Central Processing Unit,Computer Personal Utility,Control Program Unit,Central Peripheral User,0,10,moyen
Q02277,Informatique générale,À l'exposition : Que signifie RAM ?,Random Access Memory,Rapid Application Module,Remote Access Machine,Read And Modify,0,10,moyen
Q02278,Informatique générale,À l'exposition : Quel composant stocke les données même après extinction ?,SSD,RAM,Cache CPU,Registre,0,10,moyen
Q02279,Informatique générale,À l'exposition : Quel système d'exploitation est open source ?,Linux,Windows uniquement,iOS uniquement,DOS propriétaire,0,10,moyen
Q02280,Informatique générale,À l'exposition : Quel protocole sert à consulter des pages web ?,HTTP/HTTPS,FTP uniquement,SMTP,SSH uniquement,0,10,moyen
Q02281,Informatique générale,À l'exposition : Quel protocole est utilisé pour envoyer des e-mails ?,SMTP,HTTP,DNS,DHCP,0,10,moyen
Q02282,Informatique générale,À l'exposition : Quel service traduit un nom de domaine en adresse IP ?,DNS,FTP,SMTP,SSH,0,10,moyen
Q02283,Informatique générale,À l'exposition : Quelle adresse identifie une interface sur un réseau IP ?,Adresse IP,Adresse HTML,Adresse CSS,Adresse CPU,0,10,moyen
Q02284,Informatique générale,À l'exposition : Que signifie USB ?,Universal Serial Bus,Unified System Backup,User Service Bridge,Universal Storage Block,0,10,moyen
Q02285,Informatique générale,À l'exposition : Quel périphérique sert principalement à saisir du texte ?,Clavier,Écran,Projecteur,Haut-parleur,0,10,moyen
Q02286,Informatique générale,À l'exposition : Quel langage est principalement utilisé pour structurer une page web ?,HTML,SQL,Python uniquement,Bash,0,10,moyen
Q02287,Informatique générale,À l'exposition : Quel langage décrit la présentation d'une page web ?,CSS,HTML,SQL,C,0,10,moyen
Q02288,Informatique générale,À l'exposition : Quel langage ajoute de l'interactivité côté navigateur ?,JavaScript,CSS,SQL,XML,0,10,moyen
Q02289,Informatique générale,À l'exposition : Quel système de contrôle de versions est très répandu ?,Git,FTP,DNS,BIOS,0,10,moyen
Q02290,Informatique générale,À l'exposition : Quel outil héberge de nombreux dépôts Git ?,GitHub,Photoshop,Excel,VLC,0,10,moyen
Q02291,Informatique générale,À l'exposition : Quel type de fichier est généralement une image compressée ?,JPEG,TXT,EXE,CSV,0,10,moyen
Q02292,Informatique générale,À l'exposition : Quel format est souvent utilisé pour échanger des données structurées ?,JSON,MP3,PNG,EXE,0,10,moyen
Q02293,Informatique générale,À l'exposition : Que signifie URL ?,Uniform Resource Locator,Universal Runtime Language,User Routing Link,Unified Resource Logic,0,10,moyen
Q02294,Informatique générale,À l'exposition : Quel composant exécute les instructions d'un programme ?,CPU,SSD,Écran,Clavier,0,10,moyen
Q02295,Informatique générale,À l'exposition : Quel dispositif connecte plusieurs machines dans un réseau local ?,Switch,Microphone,Scanner,Projecteur,0,10,moyen
Q02296,Informatique générale,À l'exposition : Quel dispositif route des paquets entre réseaux ?,Routeur,Clavier,Imprimante,Webcam,0,10,moyen
Q02297,Informatique générale,À l'exposition : Quel type de logiciel protège contre certains programmes malveillants ?,Antivirus,Compilateur,Éditeur d'image,Navigateur,0,10,moyen
Q02298,Informatique générale,À l'exposition : Quel système de fichiers est courant sous Linux ?,ext4,NTFS uniquement,FAT12 uniquement,HFS uniquement,0,10,moyen
Q02299,Informatique générale,À l'exposition : Quel est le rôle d'un compilateur ?,Transformer du code source en code exécutable ou intermédiaire,Créer un compte utilisateur,Connecter un câble,Stocker une photo,0,10,moyen
Q02300,Informatique générale,À l'exposition : Quel est le rôle d'un navigateur ?,Afficher et interpréter des contenus web,Compiler le noyau Linux,Gérer la RAM physiquement,Créer des cartes SIM,0,10,moyen
Q02301,Informatique générale,Défi numérique : Que signifie CPU ?,Central Processing Unit,Computer Personal Utility,Control Program Unit,Central Peripheral User,0,10,moyen
Q02302,Informatique générale,Défi numérique : Que signifie RAM ?,Random Access Memory,Rapid Application Module,Remote Access Machine,Read And Modify,0,10,moyen
Q02303,Informatique générale,Défi numérique : Quel composant stocke les données même après extinction ?,SSD,RAM,Cache CPU,Registre,0,10,moyen
Q02304,Informatique générale,Défi numérique : Quel système d'exploitation est open source ?,Linux,Windows uniquement,iOS uniquement,DOS propriétaire,0,10,moyen
Q02305,Informatique générale,Défi numérique : Quel protocole sert à consulter des pages web ?,HTTP/HTTPS,FTP uniquement,SMTP,SSH uniquement,0,10,moyen
Q02306,Informatique générale,Défi numérique : Quel protocole est utilisé pour envoyer des e-mails ?,SMTP,HTTP,DNS,DHCP,0,10,moyen
Q02307,Informatique générale,Défi numérique : Quel service traduit un nom de domaine en adresse IP ?,DNS,FTP,SMTP,SSH,0,10,moyen
Q02308,Informatique générale,Défi numérique : Quelle adresse identifie une interface sur un réseau IP ?,Adresse IP,Adresse HTML,Adresse CSS,Adresse CPU,0,10,moyen
Q02309,Informatique générale,Défi numérique : Que signifie USB ?,Universal Serial Bus,Unified System Backup,User Service Bridge,Universal Storage Block,0,10,moyen
Q02310,Informatique générale,Défi numérique : Quel périphérique sert principalement à saisir du texte ?,Clavier,Écran,Projecteur,Haut-parleur,0,10,moyen
Q02311,Informatique générale,Défi numérique : Quel langage est principalement utilisé pour structurer une page web ?,HTML,SQL,Python uniquement,Bash,0,10,moyen
Q02312,Informatique générale,Défi numérique : Quel langage décrit la présentation d'une page web ?,CSS,HTML,SQL,C,0,10,moyen
Q02313,Informatique générale,Défi numérique : Quel langage ajoute de l'interactivité côté navigateur ?,JavaScript,CSS,SQL,XML,0,10,moyen
Q02314,Informatique générale,Défi numérique : Quel système de contrôle de versions est très répandu ?,Git,FTP,DNS,BIOS,0,10,moyen
Q02315,Informatique générale,Défi numérique : Quel outil héberge de nombreux dépôts Git ?,GitHub,Photoshop,Excel,VLC,0,10,moyen
Q02316,Informatique générale,Défi numérique : Quel type de fichier est généralement une image compressée ?,JPEG,TXT,EXE,CSV,0,10,moyen
Q02317,Informatique générale,Défi numérique : Quel format est souvent utilisé pour échanger des données structurées ?,JSON,MP3,PNG,EXE,0,10,moyen
Q02318,Informatique générale,Défi numérique : Que signifie URL ?,Uniform Resource Locator,Universal Runtime Language,User Routing Link,Unified Resource Logic,0,10,moyen
Q02319,Informatique générale,Défi numérique : Quel composant exécute les instructions d'un programme ?,CPU,SSD,Écran,Clavier,0,10,moyen
Q02320,Informatique générale,Défi numérique : Quel dispositif connecte plusieurs machines dans un réseau local ?,Switch,Microphone,Scanner,Projecteur,0,10,moyen
Q02321,Informatique générale,Défi numérique : Quel dispositif route des paquets entre réseaux ?,Routeur,Clavier,Imprimante,Webcam,0,10,moyen
Q02322,Informatique générale,Défi numérique : Quel type de logiciel protège contre certains programmes malveillants ?,Antivirus,Compilateur,Éditeur d'image,Navigateur,0,10,moyen
Q02323,Informatique générale,Défi numérique : Quel système de fichiers est courant sous Linux ?,ext4,NTFS uniquement,FAT12 uniquement,HFS uniquement,0,10,moyen
Q02324,Informatique générale,Défi numérique : Quel est le rôle d'un compilateur ?,Transformer du code source en code exécutable ou intermédiaire,Créer un compte utilisateur,Connecter un câble,Stocker une photo,0,10,moyen
Q02325,Informatique générale,Défi numérique : Quel est le rôle d'un navigateur ?,Afficher et interpréter des contenus web,Compiler le noyau Linux,Gérer la RAM physiquement,Créer des cartes SIM,0,10,moyen
Q02326,Informatique générale,À votre avis : Que signifie CPU ?,Central Processing Unit,Computer Personal Utility,Control Program Unit,Central Peripheral User,0,10,difficile
Q02327,Informatique générale,À votre avis : Que signifie RAM ?,Random Access Memory,Rapid Application Module,Remote Access Machine,Read And Modify,0,10,difficile
Q02328,Informatique générale,À votre avis : Quel composant stocke les données même après extinction ?,SSD,RAM,Cache CPU,Registre,0,10,difficile
Q02329,Informatique générale,À votre avis : Quel système d'exploitation est open source ?,Linux,Windows uniquement,iOS uniquement,DOS propriétaire,0,10,difficile
Q02330,Informatique générale,À votre avis : Quel protocole sert à consulter des pages web ?,HTTP/HTTPS,FTP uniquement,SMTP,SSH uniquement,0,10,difficile
Q02331,Informatique générale,À votre avis : Quel protocole est utilisé pour envoyer des e-mails ?,SMTP,HTTP,DNS,DHCP,0,10,difficile
Q02332,Informatique générale,À votre avis : Quel service traduit un nom de domaine en adresse IP ?,DNS,FTP,SMTP,SSH,0,10,difficile
Q02333,Informatique générale,À votre avis : Quelle adresse identifie une interface sur un réseau IP ?,Adresse IP,Adresse HTML,Adresse CSS,Adresse CPU,0,10,difficile
Q02334,Informatique générale,À votre avis : Que signifie USB ?,Universal Serial Bus,Unified System Backup,User Service Bridge,Universal Storage Block,0,10,difficile
Q02335,Informatique générale,À votre avis : Quel périphérique sert principalement à saisir du texte ?,Clavier,Écran,Projecteur,Haut-parleur,0,10,difficile
Q02336,Informatique générale,À votre avis : Quel langage est principalement utilisé pour structurer une page web ?,HTML,SQL,Python uniquement,Bash,0,10,difficile
Q02337,Informatique générale,À votre avis : Quel langage décrit la présentation d'une page web ?,CSS,HTML,SQL,C,0,10,difficile
Q02338,Informatique générale,À votre avis : Quel langage ajoute de l'interactivité côté navigateur ?,JavaScript,CSS,SQL,XML,0,10,difficile
Q02339,Informatique générale,À votre avis : Quel système de contrôle de versions est très répandu ?,Git,FTP,DNS,BIOS,0,10,difficile
Q02340,Informatique générale,À votre avis : Quel outil héberge de nombreux dépôts Git ?,GitHub,Photoshop,Excel,VLC,0,10,difficile
Q02341,Informatique générale,À votre avis : Quel type de fichier est généralement une image compressée ?,JPEG,TXT,EXE,CSV,0,10,difficile
Q02342,Informatique générale,À votre avis : Quel format est souvent utilisé pour échanger des données structurées ?,JSON,MP3,PNG,EXE,0,10,difficile
Q02343,Informatique générale,À votre avis : Que signifie URL ?,Uniform Resource Locator,Universal Runtime Language,User Routing Link,Unified Resource Logic,0,10,difficile
Q02344,Informatique générale,À votre avis : Quel composant exécute les instructions d'un programme ?,CPU,SSD,Écran,Clavier,0,10,difficile
Q02345,Informatique générale,À votre avis : Quel dispositif connecte plusieurs machines dans un réseau local ?,Switch,Microphone,Scanner,Projecteur,0,10,difficile
Q02346,Informatique générale,À votre avis : Quel dispositif route des paquets entre réseaux ?,Routeur,Clavier,Imprimante,Webcam,0,10,difficile
Q02347,Informatique générale,À votre avis : Quel type de logiciel protège contre certains programmes malveillants ?,Antivirus,Compilateur,Éditeur d'image,Navigateur,0,10,difficile
Q02348,Informatique générale,À votre avis : Quel système de fichiers est courant sous Linux ?,ext4,NTFS uniquement,FAT12 uniquement,HFS uniquement,0,10,difficile
Q02349,Informatique générale,À votre avis : Quel est le rôle d'un compilateur ?,Transformer du code source en code exécutable ou intermédiaire,Créer un compte utilisateur,Connecter un câble,Stocker une photo,0,10,difficile
Q02350,Informatique générale,À votre avis : Quel est le rôle d'un navigateur ?,Afficher et interpréter des contenus web,Compiler le noyau Linux,Gérer la RAM physiquement,Créer des cartes SIM,0,10,difficile
Q02351,Informatique générale,Niveau quiz : Que signifie CPU ?,Central Processing Unit,Computer Personal Utility,Control Program Unit,Central Peripheral User,0,10,difficile
Q02352,Informatique générale,Niveau quiz : Que signifie RAM ?,Random Access Memory,Rapid Application Module,Remote Access Machine,Read And Modify,0,10,difficile
Q02353,Informatique générale,Niveau quiz : Quel composant stocke les données même après extinction ?,SSD,RAM,Cache CPU,Registre,0,10,difficile
Q02354,Informatique générale,Niveau quiz : Quel système d'exploitation est open source ?,Linux,Windows uniquement,iOS uniquement,DOS propriétaire,0,10,difficile
Q02355,Informatique générale,Niveau quiz : Quel protocole sert à consulter des pages web ?,HTTP/HTTPS,FTP uniquement,SMTP,SSH uniquement,0,10,difficile
Q02356,Informatique générale,Niveau quiz : Quel protocole est utilisé pour envoyer des e-mails ?,SMTP,HTTP,DNS,DHCP,0,10,difficile
Q02357,Informatique générale,Niveau quiz : Quel service traduit un nom de domaine en adresse IP ?,DNS,FTP,SMTP,SSH,0,10,difficile
Q02358,Informatique générale,Niveau quiz : Quelle adresse identifie une interface sur un réseau IP ?,Adresse IP,Adresse HTML,Adresse CSS,Adresse CPU,0,10,difficile
Q02359,Informatique générale,Niveau quiz : Que signifie USB ?,Universal Serial Bus,Unified System Backup,User Service Bridge,Universal Storage Block,0,10,difficile
Q02360,Informatique générale,Niveau quiz : Quel périphérique sert principalement à saisir du texte ?,Clavier,Écran,Projecteur,Haut-parleur,0,10,difficile
Q02361,Informatique générale,Niveau quiz : Quel langage est principalement utilisé pour structurer une page web ?,HTML,SQL,Python uniquement,Bash,0,10,difficile
Q02362,Informatique générale,Niveau quiz : Quel langage décrit la présentation d'une page web ?,CSS,HTML,SQL,C,0,10,difficile
Q02363,Informatique générale,Niveau quiz : Quel langage ajoute de l'interactivité côté navigateur ?,JavaScript,CSS,SQL,XML,0,10,difficile
Q02364,Informatique générale,Niveau quiz : Quel système de contrôle de versions est très répandu ?,Git,FTP,DNS,BIOS,0,10,difficile
Q02365,Informatique générale,Niveau quiz : Quel outil héberge de nombreux dépôts Git ?,GitHub,Photoshop,Excel,VLC,0,10,difficile
Q02366,Informatique générale,Niveau quiz : Quel type de fichier est généralement une image compressée ?,JPEG,TXT,EXE,CSV,0,10,difficile
Q02367,Informatique générale,Niveau quiz : Quel format est souvent utilisé pour échanger des données structurées ?,JSON,MP3,PNG,EXE,0,10,difficile
Q02368,Informatique générale,Niveau quiz : Que signifie URL ?,Uniform Resource Locator,Universal Runtime Language,User Routing Link,Unified Resource Logic,0,10,difficile
Q02369,Informatique générale,Niveau quiz : Quel composant exécute les instructions d'un programme ?,CPU,SSD,Écran,Clavier,0,10,difficile
Q02370,Informatique générale,Niveau quiz : Quel dispositif connecte plusieurs machines dans un réseau local ?,Switch,Microphone,Scanner,Projecteur,0,10,difficile
Q02371,Informatique générale,Niveau quiz : Quel dispositif route des paquets entre réseaux ?,Routeur,Clavier,Imprimante,Webcam,0,10,difficile
Q02372,Informatique générale,Niveau quiz : Quel type de logiciel protège contre certains programmes malveillants ?,Antivirus,Compilateur,Éditeur d'image,Navigateur,0,10,difficile
Q02373,Informatique générale,Niveau quiz : Quel système de fichiers est courant sous Linux ?,ext4,NTFS uniquement,FAT12 uniquement,HFS uniquement,0,10,difficile
Q02374,Informatique générale,Niveau quiz : Quel est le rôle d'un compilateur ?,Transformer du code source en code exécutable ou intermédiaire,Créer un compte utilisateur,Connecter un câble,Stocker une photo,0,10,difficile
Q02375,Informatique générale,Niveau quiz : Quel est le rôle d'un navigateur ?,Afficher et interpréter des contenus web,Compiler le noyau Linux,Gérer la RAM physiquement,Créer des cartes SIM,0,10,difficile
Q02376,Informatique générale,Question suivante : Que signifie CPU ?,Central Processing Unit,Computer Personal Utility,Control Program Unit,Central Peripheral User,0,10,difficile
Q02377,Informatique générale,Question suivante : Que signifie RAM ?,Random Access Memory,Rapid Application Module,Remote Access Machine,Read And Modify,0,10,difficile
Q02378,Informatique générale,Question suivante : Quel composant stocke les données même après extinction ?,SSD,RAM,Cache CPU,Registre,0,10,difficile
Q02379,Informatique générale,Question suivante : Quel système d'exploitation est open source ?,Linux,Windows uniquement,iOS uniquement,DOS propriétaire,0,10,difficile
Q02380,Informatique générale,Question suivante : Quel protocole sert à consulter des pages web ?,HTTP/HTTPS,FTP uniquement,SMTP,SSH uniquement,0,10,difficile
Q02381,Informatique générale,Question suivante : Quel protocole est utilisé pour envoyer des e-mails ?,SMTP,HTTP,DNS,DHCP,0,10,difficile
Q02382,Informatique générale,Question suivante : Quel service traduit un nom de domaine en adresse IP ?,DNS,FTP,SMTP,SSH,0,10,difficile
Q02383,Informatique générale,Question suivante : Quelle adresse identifie une interface sur un réseau IP ?,Adresse IP,Adresse HTML,Adresse CSS,Adresse CPU,0,10,difficile
Q02384,Informatique générale,Question suivante : Que signifie USB ?,Universal Serial Bus,Unified System Backup,User Service Bridge,Universal Storage Block,0,10,difficile
Q02385,Informatique générale,Question suivante : Quel périphérique sert principalement à saisir du texte ?,Clavier,Écran,Projecteur,Haut-parleur,0,10,difficile
Q02386,Informatique générale,Question suivante : Quel langage est principalement utilisé pour structurer une page web ?,HTML,SQL,Python uniquement,Bash,0,10,difficile
Q02387,Informatique générale,Question suivante : Quel langage décrit la présentation d'une page web ?,CSS,HTML,SQL,C,0,10,difficile
Q02388,Informatique générale,Question suivante : Quel langage ajoute de l'interactivité côté navigateur ?,JavaScript,CSS,SQL,XML,0,10,difficile
Q02389,Informatique générale,Question suivante : Quel système de contrôle de versions est très répandu ?,Git,FTP,DNS,BIOS,0,10,difficile
Q02390,Informatique générale,Question suivante : Quel outil héberge de nombreux dépôts Git ?,GitHub,Photoshop,Excel,VLC,0,10,difficile
Q02391,Informatique générale,Question suivante : Quel type de fichier est généralement une image compressée ?,JPEG,TXT,EXE,CSV,0,10,difficile
Q02392,Informatique générale,Question suivante : Quel format est souvent utilisé pour échanger des données structurées ?,JSON,MP3,PNG,EXE,0,10,difficile
Q02393,Informatique générale,Question suivante : Que signifie URL ?,Uniform Resource Locator,Universal Runtime Language,User Routing Link,Unified Resource Logic,0,10,difficile
Q02394,Informatique générale,Question suivante : Quel composant exécute les instructions d'un programme ?,CPU,SSD,Écran,Clavier,0,10,difficile
Q02395,Informatique générale,Question suivante : Quel dispositif connecte plusieurs machines dans un réseau local ?,Switch,Microphone,Scanner,Projecteur,0,10,difficile
Q02396,Informatique générale,Question suivante : Quel dispositif route des paquets entre réseaux ?,Routeur,Clavier,Imprimante,Webcam,0,10,difficile
Q02397,Informatique générale,Question suivante : Quel type de logiciel protège contre certains programmes malveillants ?,Antivirus,Compilateur,Éditeur d'image,Navigateur,0,10,difficile
Q02398,Informatique générale,Question suivante : Quel système de fichiers est courant sous Linux ?,ext4,NTFS uniquement,FAT12 uniquement,HFS uniquement,0,10,difficile
Q02399,Informatique générale,Question suivante : Quel est le rôle d'un compilateur ?,Transformer du code source en code exécutable ou intermédiaire,Créer un compte utilisateur,Connecter un câble,Stocker une photo,0,10,difficile
Q02400,Informatique générale,Question suivante : Quel est le rôle d'un navigateur ?,Afficher et interpréter des contenus web,Compiler le noyau Linux,Gérer la RAM physiquement,Créer des cartes SIM,0,10,difficile
Q02401,Informatique générale,Challenge visiteurs : Que signifie CPU ?,Central Processing Unit,Computer Personal Utility,Control Program Unit,Central Peripheral User,0,10,difficile
Q02402,Informatique générale,Challenge visiteurs : Que signifie RAM ?,Random Access Memory,Rapid Application Module,Remote Access Machine,Read And Modify,0,10,difficile
Q02403,Informatique générale,Challenge visiteurs : Quel composant stocke les données même après extinction ?,SSD,RAM,Cache CPU,Registre,0,10,difficile
Q02404,Informatique générale,Challenge visiteurs : Quel système d'exploitation est open source ?,Linux,Windows uniquement,iOS uniquement,DOS propriétaire,0,10,difficile
Q02405,Informatique générale,Challenge visiteurs : Quel protocole sert à consulter des pages web ?,HTTP/HTTPS,FTP uniquement,SMTP,SSH uniquement,0,10,difficile
Q02406,Informatique générale,Challenge visiteurs : Quel protocole est utilisé pour envoyer des e-mails ?,SMTP,HTTP,DNS,DHCP,0,10,difficile
Q02407,Informatique générale,Challenge visiteurs : Quel service traduit un nom de domaine en adresse IP ?,DNS,FTP,SMTP,SSH,0,10,difficile
Q02408,Informatique générale,Challenge visiteurs : Quelle adresse identifie une interface sur un réseau IP ?,Adresse IP,Adresse HTML,Adresse CSS,Adresse CPU,0,10,difficile
Q02409,Informatique générale,Challenge visiteurs : Que signifie USB ?,Universal Serial Bus,Unified System Backup,User Service Bridge,Universal Storage Block,0,10,difficile
Q02410,Informatique générale,Challenge visiteurs : Quel périphérique sert principalement à saisir du texte ?,Clavier,Écran,Projecteur,Haut-parleur,0,10,difficile
Q02411,Informatique générale,Challenge visiteurs : Quel langage est principalement utilisé pour structurer une page web ?,HTML,SQL,Python uniquement,Bash,0,10,difficile
Q02412,Informatique générale,Challenge visiteurs : Quel langage décrit la présentation d'une page web ?,CSS,HTML,SQL,C,0,10,difficile
Q02413,Informatique générale,Challenge visiteurs : Quel langage ajoute de l'interactivité côté navigateur ?,JavaScript,CSS,SQL,XML,0,10,difficile
Q02414,Informatique générale,Challenge visiteurs : Quel système de contrôle de versions est très répandu ?,Git,FTP,DNS,BIOS,0,10,difficile
Q02415,Informatique générale,Challenge visiteurs : Quel outil héberge de nombreux dépôts Git ?,GitHub,Photoshop,Excel,VLC,0,10,difficile
Q02416,Informatique générale,Challenge visiteurs : Quel type de fichier est généralement une image compressée ?,JPEG,TXT,EXE,CSV,0,10,difficile
Q02417,Informatique générale,Challenge visiteurs : Quel format est souvent utilisé pour échanger des données structurées ?,JSON,MP3,PNG,EXE,0,10,difficile
Q02418,Informatique générale,Challenge visiteurs : Que signifie URL ?,Uniform Resource Locator,Universal Runtime Language,User Routing Link,Unified Resource Logic,0,10,difficile
Q02419,Informatique générale,Challenge visiteurs : Quel composant exécute les instructions d'un programme ?,CPU,SSD,Écran,Clavier,0,10,difficile
Q02420,Informatique générale,Challenge visiteurs : Quel dispositif connecte plusieurs machines dans un réseau local ?,Switch,Microphone,Scanner,Projecteur,0,10,difficile
Q02421,Informatique générale,Challenge visiteurs : Quel dispositif route des paquets entre réseaux ?,Routeur,Clavier,Imprimante,Webcam,0,10,difficile
Q02422,Informatique générale,Challenge visiteurs : Quel type de logiciel protège contre certains programmes malveillants ?,Antivirus,Compilateur,Éditeur d'image,Navigateur,0,10,difficile
Q02423,Informatique générale,Challenge visiteurs : Quel système de fichiers est courant sous Linux ?,ext4,NTFS uniquement,FAT12 uniquement,HFS uniquement,0,10,difficile
Q02424,Informatique générale,Challenge visiteurs : Quel est le rôle d'un compilateur ?,Transformer du code source en code exécutable ou intermédiaire,Créer un compte utilisateur,Connecter un câble,Stocker une photo,0,10,difficile
Q02425,Informatique générale,Challenge visiteurs : Quel est le rôle d'un navigateur ?,Afficher et interpréter des contenus web,Compiler le noyau Linux,Gérer la RAM physiquement,Créer des cartes SIM,0,10,difficile
Q02426,Informatique générale,Mode compétition : Que signifie CPU ?,Central Processing Unit,Computer Personal Utility,Control Program Unit,Central Peripheral User,0,10,difficile
Q02427,Informatique générale,Mode compétition : Que signifie RAM ?,Random Access Memory,Rapid Application Module,Remote Access Machine,Read And Modify,0,10,difficile
Q02428,Informatique générale,Mode compétition : Quel composant stocke les données même après extinction ?,SSD,RAM,Cache CPU,Registre,0,10,difficile
Q02429,Informatique générale,Mode compétition : Quel système d'exploitation est open source ?,Linux,Windows uniquement,iOS uniquement,DOS propriétaire,0,10,difficile
Q02430,Informatique générale,Mode compétition : Quel protocole sert à consulter des pages web ?,HTTP/HTTPS,FTP uniquement,SMTP,SSH uniquement,0,10,difficile
Q02431,Informatique générale,Mode compétition : Quel protocole est utilisé pour envoyer des e-mails ?,SMTP,HTTP,DNS,DHCP,0,10,difficile
Q02432,Informatique générale,Mode compétition : Quel service traduit un nom de domaine en adresse IP ?,DNS,FTP,SMTP,SSH,0,10,difficile
Q02433,Informatique générale,Mode compétition : Quelle adresse identifie une interface sur un réseau IP ?,Adresse IP,Adresse HTML,Adresse CSS,Adresse CPU,0,10,difficile
Q02434,Informatique générale,Mode compétition : Que signifie USB ?,Universal Serial Bus,Unified System Backup,User Service Bridge,Universal Storage Block,0,10,difficile
Q02435,Informatique générale,Mode compétition : Quel périphérique sert principalement à saisir du texte ?,Clavier,Écran,Projecteur,Haut-parleur,0,10,difficile
Q02436,Informatique générale,Mode compétition : Quel langage est principalement utilisé pour structurer une page web ?,HTML,SQL,Python uniquement,Bash,0,10,difficile
Q02437,Informatique générale,Mode compétition : Quel langage décrit la présentation d'une page web ?,CSS,HTML,SQL,C,0,10,difficile
Q02438,Informatique générale,Mode compétition : Quel langage ajoute de l'interactivité côté navigateur ?,JavaScript,CSS,SQL,XML,0,10,difficile
Q02439,Informatique générale,Mode compétition : Quel système de contrôle de versions est très répandu ?,Git,FTP,DNS,BIOS,0,10,difficile
Q02440,Informatique générale,Mode compétition : Quel outil héberge de nombreux dépôts Git ?,GitHub,Photoshop,Excel,VLC,0,10,difficile
Q02441,Informatique générale,Mode compétition : Quel type de fichier est généralement une image compressée ?,JPEG,TXT,EXE,CSV,0,10,difficile
Q02442,Informatique générale,Mode compétition : Quel format est souvent utilisé pour échanger des données structurées ?,JSON,MP3,PNG,EXE,0,10,difficile
Q02443,Informatique générale,Mode compétition : Que signifie URL ?,Uniform Resource Locator,Universal Runtime Language,User Routing Link,Unified Resource Logic,0,10,difficile
Q02444,Informatique générale,Mode compétition : Quel composant exécute les instructions d'un programme ?,CPU,SSD,Écran,Clavier,0,10,difficile
Q02445,Informatique générale,Mode compétition : Quel dispositif connecte plusieurs machines dans un réseau local ?,Switch,Microphone,Scanner,Projecteur,0,10,difficile
Q02446,Informatique générale,Mode compétition : Quel dispositif route des paquets entre réseaux ?,Routeur,Clavier,Imprimante,Webcam,0,10,difficile
Q02447,Informatique générale,Mode compétition : Quel type de logiciel protège contre certains programmes malveillants ?,Antivirus,Compilateur,Éditeur d'image,Navigateur,0,10,difficile
Q02448,Informatique générale,Mode compétition : Quel système de fichiers est courant sous Linux ?,ext4,NTFS uniquement,FAT12 uniquement,HFS uniquement,0,10,difficile
Q02449,Informatique générale,Mode compétition : Quel est le rôle d'un compilateur ?,Transformer du code source en code exécutable ou intermédiaire,Créer un compte utilisateur,Connecter un câble,Stocker une photo,0,10,difficile
Q02450,Informatique générale,Mode compétition : Quel est le rôle d'un navigateur ?,Afficher et interpréter des contenus web,Compiler le noyau Linux,Gérer la RAM physiquement,Créer des cartes SIM,0,10,difficile
Q02451,Informatique générale,Question expert : Que signifie CPU ?,Central Processing Unit,Computer Personal Utility,Control Program Unit,Central Peripheral User,0,10,difficile
Q02452,Informatique générale,Question expert : Que signifie RAM ?,Random Access Memory,Rapid Application Module,Remote Access Machine,Read And Modify,0,10,difficile
Q02453,Informatique générale,Question expert : Quel composant stocke les données même après extinction ?,SSD,RAM,Cache CPU,Registre,0,10,difficile
Q02454,Informatique générale,Question expert : Quel système d'exploitation est open source ?,Linux,Windows uniquement,iOS uniquement,DOS propriétaire,0,10,difficile
Q02455,Informatique générale,Question expert : Quel protocole sert à consulter des pages web ?,HTTP/HTTPS,FTP uniquement,SMTP,SSH uniquement,0,10,difficile
Q02456,Informatique générale,Question expert : Quel protocole est utilisé pour envoyer des e-mails ?,SMTP,HTTP,DNS,DHCP,0,10,difficile
Q02457,Informatique générale,Question expert : Quel service traduit un nom de domaine en adresse IP ?,DNS,FTP,SMTP,SSH,0,10,difficile
Q02458,Informatique générale,Question expert : Quelle adresse identifie une interface sur un réseau IP ?,Adresse IP,Adresse HTML,Adresse CSS,Adresse CPU,0,10,difficile
Q02459,Informatique générale,Question expert : Que signifie USB ?,Universal Serial Bus,Unified System Backup,User Service Bridge,Universal Storage Block,0,10,difficile
Q02460,Informatique générale,Question expert : Quel périphérique sert principalement à saisir du texte ?,Clavier,Écran,Projecteur,Haut-parleur,0,10,difficile
Q02461,Informatique générale,Question expert : Quel langage est principalement utilisé pour structurer une page web ?,HTML,SQL,Python uniquement,Bash,0,10,difficile
Q02462,Informatique générale,Question expert : Quel langage décrit la présentation d'une page web ?,CSS,HTML,SQL,C,0,10,difficile
Q02463,Informatique générale,Question expert : Quel langage ajoute de l'interactivité côté navigateur ?,JavaScript,CSS,SQL,XML,0,10,difficile
Q02464,Informatique générale,Question expert : Quel système de contrôle de versions est très répandu ?,Git,FTP,DNS,BIOS,0,10,difficile
Q02465,Informatique générale,Question expert : Quel outil héberge de nombreux dépôts Git ?,GitHub,Photoshop,Excel,VLC,0,10,difficile
Q02466,Informatique générale,Question expert : Quel type de fichier est généralement une image compressée ?,JPEG,TXT,EXE,CSV,0,10,difficile
Q02467,Informatique générale,Question expert : Quel format est souvent utilisé pour échanger des données structurées ?,JSON,MP3,PNG,EXE,0,10,difficile
Q02468,Informatique générale,Question expert : Que signifie URL ?,Uniform Resource Locator,Universal Runtime Language,User Routing Link,Unified Resource Logic,0,10,difficile
Q02469,Informatique générale,Question expert : Quel composant exécute les instructions d'un programme ?,CPU,SSD,Écran,Clavier,0,10,difficile
Q02470,Informatique générale,Question expert : Quel dispositif connecte plusieurs machines dans un réseau local ?,Switch,Microphone,Scanner,Projecteur,0,10,difficile
Q02471,Informatique générale,Question expert : Quel dispositif route des paquets entre réseaux ?,Routeur,Clavier,Imprimante,Webcam,0,10,difficile
Q02472,Informatique générale,Question expert : Quel type de logiciel protège contre certains programmes malveillants ?,Antivirus,Compilateur,Éditeur d'image,Navigateur,0,10,difficile
Q02473,Informatique générale,Question expert : Quel système de fichiers est courant sous Linux ?,ext4,NTFS uniquement,FAT12 uniquement,HFS uniquement,0,10,difficile
Q02474,Informatique générale,Question expert : Quel est le rôle d'un compilateur ?,Transformer du code source en code exécutable ou intermédiaire,Créer un compte utilisateur,Connecter un câble,Stocker une photo,0,10,difficile
Q02475,Informatique générale,Question expert : Quel est le rôle d'un navigateur ?,Afficher et interpréter des contenus web,Compiler le noyau Linux,Gérer la RAM physiquement,Créer des cartes SIM,0,10,difficile
Q02476,Informatique générale,Dernier défi : Que signifie CPU ?,Central Processing Unit,Computer Personal Utility,Control Program Unit,Central Peripheral User,0,10,difficile
Q02477,Informatique générale,Dernier défi : Que signifie RAM ?,Random Access Memory,Rapid Application Module,Remote Access Machine,Read And Modify,0,10,difficile
Q02478,Informatique générale,Dernier défi : Quel composant stocke les données même après extinction ?,SSD,RAM,Cache CPU,Registre,0,10,difficile
Q02479,Informatique générale,Dernier défi : Quel système d'exploitation est open source ?,Linux,Windows uniquement,iOS uniquement,DOS propriétaire,0,10,difficile
Q02480,Informatique générale,Dernier défi : Quel protocole sert à consulter des pages web ?,HTTP/HTTPS,FTP uniquement,SMTP,SSH uniquement,0,10,difficile
Q02481,Informatique générale,Dernier défi : Quel protocole est utilisé pour envoyer des e-mails ?,SMTP,HTTP,DNS,DHCP,0,10,difficile
Q02482,Informatique générale,Dernier défi : Quel service traduit un nom de domaine en adresse IP ?,DNS,FTP,SMTP,SSH,0,10,difficile
Q02483,Informatique générale,Dernier défi : Quelle adresse identifie une interface sur un réseau IP ?,Adresse IP,Adresse HTML,Adresse CSS,Adresse CPU,0,10,difficile
Q02484,Informatique générale,Dernier défi : Que signifie USB ?,Universal Serial Bus,Unified System Backup,User Service Bridge,Universal Storage Block,0,10,difficile
Q02485,Informatique générale,Dernier défi : Quel périphérique sert principalement à saisir du texte ?,Clavier,Écran,Projecteur,Haut-parleur,0,10,difficile
Q02486,Informatique générale,Dernier défi : Quel langage est principalement utilisé pour structurer une page web ?,HTML,SQL,Python uniquement,Bash,0,10,difficile
Q02487,Informatique générale,Dernier défi : Quel langage décrit la présentation d'une page web ?,CSS,HTML,SQL,C,0,10,difficile
Q02488,Informatique générale,Dernier défi : Quel langage ajoute de l'interactivité côté navigateur ?,JavaScript,CSS,SQL,XML,0,10,difficile
Q02489,Informatique générale,Dernier défi : Quel système de contrôle de versions est très répandu ?,Git,FTP,DNS,BIOS,0,10,difficile
Q02490,Informatique générale,Dernier défi : Quel outil héberge de nombreux dépôts Git ?,GitHub,Photoshop,Excel,VLC,0,10,difficile
Q02491,Informatique générale,Dernier défi : Quel type de fichier est généralement une image compressée ?,JPEG,TXT,EXE,CSV,0,10,difficile
Q02492,Informatique générale,Dernier défi : Quel format est souvent utilisé pour échanger des données structurées ?,JSON,MP3,PNG,EXE,0,10,difficile
Q02493,Informatique générale,Dernier défi : Que signifie URL ?,Uniform Resource Locator,Universal Runtime Language,User Routing Link,Unified Resource Logic,0,10,difficile
Q02494,Informatique générale,Dernier défi : Quel composant exécute les instructions d'un programme ?,CPU,SSD,Écran,Clavier,0,10,difficile
Q02495,Informatique générale,Dernier défi : Quel dispositif connecte plusieurs machines dans un réseau local ?,Switch,Microphone,Scanner,Projecteur,0,10,difficile
Q02496,Informatique générale,Dernier défi : Quel dispositif route des paquets entre réseaux ?,Routeur,Clavier,Imprimante,Webcam,0,10,difficile
Q02497,Informatique générale,Dernier défi : Quel type de logiciel protège contre certains programmes malveillants ?,Antivirus,Compilateur,Éditeur d'image,Navigateur,0,10,difficile
Q02498,Informatique générale,Dernier défi : Quel système de fichiers est courant sous Linux ?,ext4,NTFS uniquement,FAT12 uniquement,HFS uniquement,0,10,difficile
Q02499,Informatique générale,Dernier défi : Quel est le rôle d'un compilateur ?,Transformer du code source en code exécutable ou intermédiaire,Créer un compte utilisateur,Connecter un câble,Stocker une photo,0,10,difficile
Q02500,Informatique générale,Dernier défi : Quel est le rôle d'un navigateur ?,Afficher et interpréter des contenus web,Compiler le noyau Linux,Gérer la RAM physiquement,Créer des cartes SIM,0,10,difficile
Q02501,Développement web & mobile,Quel framework React est cité par MIT ?,Next.js,Django,Laravel,Spring,0,10,facile
Q02502,Développement web & mobile,Quel langage est utilisé avec React et Next.js ?,JavaScript/TypeScript,COBOL,Fortran,SQL uniquement,0,10,facile
Q02503,Développement web & mobile,Quel framework mobile est multiplateforme ?,Flutter,Nginx,PostgreSQL,Apache,0,10,facile
Q02504,Développement web & mobile,Quel langage utilise Flutter ?,Dart,Kotlin uniquement,PHP,C# uniquement,0,10,facile
Q02505,Développement web & mobile,Quel langage est très utilisé pour Android natif moderne ?,Kotlin,PHP,SQL,HTML,0,10,facile
Q02506,Développement web & mobile,Quel framework Android moderne utilise Jetpack ?,Jetpack Compose,Laravel,Django,Express,0,10,facile
Q02507,Développement web & mobile,Quel outil gère les dépendances JavaScript ?,npm,BIOS,DNS,SMTP,0,10,facile
Q02508,Développement web & mobile,Quel outil permet de lancer une application web en local avec Node ?,npm scripts,Excel,VLC,Photoshop,0,10,facile
Q02509,Développement web & mobile,Quel framework backend PHP est cité par MIT ?,Laravel,React,Flutter,TensorFlow,0,10,facile
Q02510,Développement web & mobile,Quelle base de données relationnelle est citée par MIT ?,PostgreSQL,MongoDB uniquement,Redis uniquement,CSV,0,10,facile
Q02511,Développement web & mobile,Quel système de déploiement est associé à une application Next.js sur Vercel ?,Déploiement continu depuis Git,Installation sur BIOS,Gravure DVD obligatoire,Serveur FTP obligatoire,0,10,facile
Q02512,Développement web & mobile,Quel composant React gère l'état local ?,useState,useDNS,useSQL,useFTP,0,10,facile
Q02513,Développement web & mobile,Quel hook React sert aux effets secondaires ?,useEffect,useHTML,useCSS,useGit,0,10,facile
Q02514,Développement web & mobile,Quelle méthode HTTP est généralement utilisée pour créer une ressource ?,POST,GET uniquement,TRACE uniquement,HEAD uniquement,0,10,facile
Q02515,Développement web & mobile,Quelle méthode HTTP sert généralement à récupérer une ressource ?,GET,POST,DELETE,PATCH uniquement,0,10,facile
Q02516,Développement web & mobile,Quel format est très courant pour une API REST ?,JSON,BMP,MP3,EXE,0,10,facile
Q02517,Développement web & mobile,Quel mécanisme permet d'authentifier un utilisateur ?,Session ou token,CSS,JPEG,DNS,0,10,facile
Q02518,Développement web & mobile,Quel principe consiste à adapter une interface aux écrans ?,Responsive design,Data mining,Packet sniffing,Overclocking,0,10,facile
Q02519,Développement web & mobile,Quel outil permet de versionner le code ?,Git,FTP,SMTP,DHCP,0,10,facile
Q02520,Développement web & mobile,Quel hébergeur est adapté à un projet Next.js rapide ?,Vercel,BIOS,Bluetooth,Excel,0,10,facile
Q02521,Développement web & mobile,Quel service backend peut fournir une base PostgreSQL et du temps réel ?,Supabase,Photoshop,VLC,PowerPoint,0,10,facile
Q02522,Développement web & mobile,Quel mécanisme web permet des mises à jour temps réel ?,WebSocket ou Realtime,HTML seul,CSS seul,JPEG,0,10,facile
Q02523,Développement web & mobile,Quel attribut HTML associe un lien à une destination ?,href,srcset uniquement,className uniquement,alt uniquement,0,10,facile
Q02524,Développement web & mobile,Quel élément HTML représente un bouton ?,button,route,press,clicker,0,10,facile
Q02525,Développement web & mobile,Quel concept évite de recharger toute la page dans une SPA ?,Rendu client/dynamique,FTP,BIOS,RAID,0,10,facile
Q02526,Développement web & mobile,Au stand MIT : Quel framework React est cité par MIT ?,Next.js,Django,Laravel,Spring,0,10,facile
Q02527,Développement web & mobile,Au stand MIT : Quel langage est utilisé avec React et Next.js ?,JavaScript/TypeScript,COBOL,Fortran,SQL uniquement,0,10,facile
Q02528,Développement web & mobile,Au stand MIT : Quel framework mobile est multiplateforme ?,Flutter,Nginx,PostgreSQL,Apache,0,10,facile
Q02529,Développement web & mobile,Au stand MIT : Quel langage utilise Flutter ?,Dart,Kotlin uniquement,PHP,C# uniquement,0,10,facile
Q02530,Développement web & mobile,Au stand MIT : Quel langage est très utilisé pour Android natif moderne ?,Kotlin,PHP,SQL,HTML,0,10,facile
Q02531,Développement web & mobile,Au stand MIT : Quel framework Android moderne utilise Jetpack ?,Jetpack Compose,Laravel,Django,Express,0,10,facile
Q02532,Développement web & mobile,Au stand MIT : Quel outil gère les dépendances JavaScript ?,npm,BIOS,DNS,SMTP,0,10,facile
Q02533,Développement web & mobile,Au stand MIT : Quel outil permet de lancer une application web en local avec Node ?,npm scripts,Excel,VLC,Photoshop,0,10,facile
Q02534,Développement web & mobile,Au stand MIT : Quel framework backend PHP est cité par MIT ?,Laravel,React,Flutter,TensorFlow,0,10,facile
Q02535,Développement web & mobile,Au stand MIT : Quelle base de données relationnelle est citée par MIT ?,PostgreSQL,MongoDB uniquement,Redis uniquement,CSV,0,10,facile
Q02536,Développement web & mobile,Au stand MIT : Quel système de déploiement est associé à une application Next.js sur Vercel ?,Déploiement continu depuis Git,Installation sur BIOS,Gravure DVD obligatoire,Serveur FTP obligatoire,0,10,facile
Q02537,Développement web & mobile,Au stand MIT : Quel composant React gère l'état local ?,useState,useDNS,useSQL,useFTP,0,10,facile
Q02538,Développement web & mobile,Au stand MIT : Quel hook React sert aux effets secondaires ?,useEffect,useHTML,useCSS,useGit,0,10,facile
Q02539,Développement web & mobile,Au stand MIT : Quelle méthode HTTP est généralement utilisée pour créer une ressource ?,POST,GET uniquement,TRACE uniquement,HEAD uniquement,0,10,facile
Q02540,Développement web & mobile,Au stand MIT : Quelle méthode HTTP sert généralement à récupérer une ressource ?,GET,POST,DELETE,PATCH uniquement,0,10,facile
Q02541,Développement web & mobile,Au stand MIT : Quel format est très courant pour une API REST ?,JSON,BMP,MP3,EXE,0,10,facile
Q02542,Développement web & mobile,Au stand MIT : Quel mécanisme permet d'authentifier un utilisateur ?,Session ou token,CSS,JPEG,DNS,0,10,facile
Q02543,Développement web & mobile,Au stand MIT : Quel principe consiste à adapter une interface aux écrans ?,Responsive design,Data mining,Packet sniffing,Overclocking,0,10,facile
Q02544,Développement web & mobile,Au stand MIT : Quel outil permet de versionner le code ?,Git,FTP,SMTP,DHCP,0,10,facile
Q02545,Développement web & mobile,Au stand MIT : Quel hébergeur est adapté à un projet Next.js rapide ?,Vercel,BIOS,Bluetooth,Excel,0,10,facile
Q02546,Développement web & mobile,Au stand MIT : Quel service backend peut fournir une base PostgreSQL et du temps réel ?,Supabase,Photoshop,VLC,PowerPoint,0,10,facile
Q02547,Développement web & mobile,Au stand MIT : Quel mécanisme web permet des mises à jour temps réel ?,WebSocket ou Realtime,HTML seul,CSS seul,JPEG,0,10,facile
Q02548,Développement web & mobile,Au stand MIT : Quel attribut HTML associe un lien à une destination ?,href,srcset uniquement,className uniquement,alt uniquement,0,10,facile
Q02549,Développement web & mobile,Au stand MIT : Quel élément HTML représente un bouton ?,button,route,press,clicker,0,10,facile
Q02550,Développement web & mobile,Au stand MIT : Quel concept évite de recharger toute la page dans une SPA ?,Rendu client/dynamique,FTP,BIOS,RAID,0,10,facile
Q02551,Développement web & mobile,Défi express : Quel framework React est cité par MIT ?,Next.js,Django,Laravel,Spring,0,10,facile
Q02552,Développement web & mobile,Défi express : Quel langage est utilisé avec React et Next.js ?,JavaScript/TypeScript,COBOL,Fortran,SQL uniquement,0,10,facile
Q02553,Développement web & mobile,Défi express : Quel framework mobile est multiplateforme ?,Flutter,Nginx,PostgreSQL,Apache,0,10,facile
Q02554,Développement web & mobile,Défi express : Quel langage utilise Flutter ?,Dart,Kotlin uniquement,PHP,C# uniquement,0,10,facile
Q02555,Développement web & mobile,Défi express : Quel langage est très utilisé pour Android natif moderne ?,Kotlin,PHP,SQL,HTML,0,10,facile
Q02556,Développement web & mobile,Défi express : Quel framework Android moderne utilise Jetpack ?,Jetpack Compose,Laravel,Django,Express,0,10,facile
Q02557,Développement web & mobile,Défi express : Quel outil gère les dépendances JavaScript ?,npm,BIOS,DNS,SMTP,0,10,facile
Q02558,Développement web & mobile,Défi express : Quel outil permet de lancer une application web en local avec Node ?,npm scripts,Excel,VLC,Photoshop,0,10,facile
Q02559,Développement web & mobile,Défi express : Quel framework backend PHP est cité par MIT ?,Laravel,React,Flutter,TensorFlow,0,10,facile
Q02560,Développement web & mobile,Défi express : Quelle base de données relationnelle est citée par MIT ?,PostgreSQL,MongoDB uniquement,Redis uniquement,CSV,0,10,facile
Q02561,Développement web & mobile,Défi express : Quel système de déploiement est associé à une application Next.js sur Vercel ?,Déploiement continu depuis Git,Installation sur BIOS,Gravure DVD obligatoire,Serveur FTP obligatoire,0,10,facile
Q02562,Développement web & mobile,Défi express : Quel composant React gère l'état local ?,useState,useDNS,useSQL,useFTP,0,10,facile
Q02563,Développement web & mobile,Défi express : Quel hook React sert aux effets secondaires ?,useEffect,useHTML,useCSS,useGit,0,10,facile
Q02564,Développement web & mobile,Défi express : Quelle méthode HTTP est généralement utilisée pour créer une ressource ?,POST,GET uniquement,TRACE uniquement,HEAD uniquement,0,10,facile
Q02565,Développement web & mobile,Défi express : Quelle méthode HTTP sert généralement à récupérer une ressource ?,GET,POST,DELETE,PATCH uniquement,0,10,facile
Q02566,Développement web & mobile,Défi express : Quel format est très courant pour une API REST ?,JSON,BMP,MP3,EXE,0,10,facile
Q02567,Développement web & mobile,Défi express : Quel mécanisme permet d'authentifier un utilisateur ?,Session ou token,CSS,JPEG,DNS,0,10,facile
Q02568,Développement web & mobile,Défi express : Quel principe consiste à adapter une interface aux écrans ?,Responsive design,Data mining,Packet sniffing,Overclocking,0,10,facile
Q02569,Développement web & mobile,Défi express : Quel outil permet de versionner le code ?,Git,FTP,SMTP,DHCP,0,10,facile
Q02570,Développement web & mobile,Défi express : Quel hébergeur est adapté à un projet Next.js rapide ?,Vercel,BIOS,Bluetooth,Excel,0,10,facile
Q02571,Développement web & mobile,Défi express : Quel service backend peut fournir une base PostgreSQL et du temps réel ?,Supabase,Photoshop,VLC,PowerPoint,0,10,facile
Q02572,Développement web & mobile,Défi express : Quel mécanisme web permet des mises à jour temps réel ?,WebSocket ou Realtime,HTML seul,CSS seul,JPEG,0,10,facile
Q02573,Développement web & mobile,Défi express : Quel attribut HTML associe un lien à une destination ?,href,srcset uniquement,className uniquement,alt uniquement,0,10,facile
Q02574,Développement web & mobile,Défi express : Quel élément HTML représente un bouton ?,button,route,press,clicker,0,10,facile
Q02575,Développement web & mobile,Défi express : Quel concept évite de recharger toute la page dans une SPA ?,Rendu client/dynamique,FTP,BIOS,RAID,0,10,facile
Q02576,Développement web & mobile,Testez vos connaissances : Quel framework React est cité par MIT ?,Next.js,Django,Laravel,Spring,0,10,facile
Q02577,Développement web & mobile,Testez vos connaissances : Quel langage est utilisé avec React et Next.js ?,JavaScript/TypeScript,COBOL,Fortran,SQL uniquement,0,10,facile
Q02578,Développement web & mobile,Testez vos connaissances : Quel framework mobile est multiplateforme ?,Flutter,Nginx,PostgreSQL,Apache,0,10,facile
Q02579,Développement web & mobile,Testez vos connaissances : Quel langage utilise Flutter ?,Dart,Kotlin uniquement,PHP,C# uniquement,0,10,facile
Q02580,Développement web & mobile,Testez vos connaissances : Quel langage est très utilisé pour Android natif moderne ?,Kotlin,PHP,SQL,HTML,0,10,facile
Q02581,Développement web & mobile,Testez vos connaissances : Quel framework Android moderne utilise Jetpack ?,Jetpack Compose,Laravel,Django,Express,0,10,facile
Q02582,Développement web & mobile,Testez vos connaissances : Quel outil gère les dépendances JavaScript ?,npm,BIOS,DNS,SMTP,0,10,facile
Q02583,Développement web & mobile,Testez vos connaissances : Quel outil permet de lancer une application web en local avec Node ?,npm scripts,Excel,VLC,Photoshop,0,10,facile
Q02584,Développement web & mobile,Testez vos connaissances : Quel framework backend PHP est cité par MIT ?,Laravel,React,Flutter,TensorFlow,0,10,facile
Q02585,Développement web & mobile,Testez vos connaissances : Quelle base de données relationnelle est citée par MIT ?,PostgreSQL,MongoDB uniquement,Redis uniquement,CSV,0,10,facile
Q02586,Développement web & mobile,Testez vos connaissances : Quel système de déploiement est associé à une application Next.js sur Vercel ?,Déploiement continu depuis Git,Installation sur BIOS,Gravure DVD obligatoire,Serveur FTP obligatoire,0,10,facile
Q02587,Développement web & mobile,Testez vos connaissances : Quel composant React gère l'état local ?,useState,useDNS,useSQL,useFTP,0,10,facile
Q02588,Développement web & mobile,Testez vos connaissances : Quel hook React sert aux effets secondaires ?,useEffect,useHTML,useCSS,useGit,0,10,facile
Q02589,Développement web & mobile,Testez vos connaissances : Quelle méthode HTTP est généralement utilisée pour créer une ressource ?,POST,GET uniquement,TRACE uniquement,HEAD uniquement,0,10,facile
Q02590,Développement web & mobile,Testez vos connaissances : Quelle méthode HTTP sert généralement à récupérer une ressource ?,GET,POST,DELETE,PATCH uniquement,0,10,facile
Q02591,Développement web & mobile,Testez vos connaissances : Quel format est très courant pour une API REST ?,JSON,BMP,MP3,EXE,0,10,facile
Q02592,Développement web & mobile,Testez vos connaissances : Quel mécanisme permet d'authentifier un utilisateur ?,Session ou token,CSS,JPEG,DNS,0,10,facile
Q02593,Développement web & mobile,Testez vos connaissances : Quel principe consiste à adapter une interface aux écrans ?,Responsive design,Data mining,Packet sniffing,Overclocking,0,10,facile
Q02594,Développement web & mobile,Testez vos connaissances : Quel outil permet de versionner le code ?,Git,FTP,SMTP,DHCP,0,10,facile
Q02595,Développement web & mobile,Testez vos connaissances : Quel hébergeur est adapté à un projet Next.js rapide ?,Vercel,BIOS,Bluetooth,Excel,0,10,facile
Q02596,Développement web & mobile,Testez vos connaissances : Quel service backend peut fournir une base PostgreSQL et du temps réel ?,Supabase,Photoshop,VLC,PowerPoint,0,10,facile
Q02597,Développement web & mobile,Testez vos connaissances : Quel mécanisme web permet des mises à jour temps réel ?,WebSocket ou Realtime,HTML seul,CSS seul,JPEG,0,10,facile
Q02598,Développement web & mobile,Testez vos connaissances : Quel attribut HTML associe un lien à une destination ?,href,srcset uniquement,className uniquement,alt uniquement,0,10,facile
Q02599,Développement web & mobile,Testez vos connaissances : Quel élément HTML représente un bouton ?,button,route,press,clicker,0,10,facile
Q02600,Développement web & mobile,Testez vos connaissances : Quel concept évite de recharger toute la page dans une SPA ?,Rendu client/dynamique,FTP,BIOS,RAID,0,10,facile
Q02601,Développement web & mobile,Le saviez-vous ? Quel framework React est cité par MIT ?,Next.js,Django,Laravel,Spring,0,10,facile
Q02602,Développement web & mobile,Le saviez-vous ? Quel langage est utilisé avec React et Next.js ?,JavaScript/TypeScript,COBOL,Fortran,SQL uniquement,0,10,facile
Q02603,Développement web & mobile,Le saviez-vous ? Quel framework mobile est multiplateforme ?,Flutter,Nginx,PostgreSQL,Apache,0,10,facile
Q02604,Développement web & mobile,Le saviez-vous ? Quel langage utilise Flutter ?,Dart,Kotlin uniquement,PHP,C# uniquement,0,10,facile
Q02605,Développement web & mobile,Le saviez-vous ? Quel langage est très utilisé pour Android natif moderne ?,Kotlin,PHP,SQL,HTML,0,10,facile
Q02606,Développement web & mobile,Le saviez-vous ? Quel framework Android moderne utilise Jetpack ?,Jetpack Compose,Laravel,Django,Express,0,10,facile
Q02607,Développement web & mobile,Le saviez-vous ? Quel outil gère les dépendances JavaScript ?,npm,BIOS,DNS,SMTP,0,10,facile
Q02608,Développement web & mobile,Le saviez-vous ? Quel outil permet de lancer une application web en local avec Node ?,npm scripts,Excel,VLC,Photoshop,0,10,facile
Q02609,Développement web & mobile,Le saviez-vous ? Quel framework backend PHP est cité par MIT ?,Laravel,React,Flutter,TensorFlow,0,10,facile
Q02610,Développement web & mobile,Le saviez-vous ? Quelle base de données relationnelle est citée par MIT ?,PostgreSQL,MongoDB uniquement,Redis uniquement,CSV,0,10,facile
Q02611,Développement web & mobile,Le saviez-vous ? Quel système de déploiement est associé à une application Next.js sur Vercel ?,Déploiement continu depuis Git,Installation sur BIOS,Gravure DVD obligatoire,Serveur FTP obligatoire,0,10,facile
Q02612,Développement web & mobile,Le saviez-vous ? Quel composant React gère l'état local ?,useState,useDNS,useSQL,useFTP,0,10,facile
Q02613,Développement web & mobile,Le saviez-vous ? Quel hook React sert aux effets secondaires ?,useEffect,useHTML,useCSS,useGit,0,10,facile
Q02614,Développement web & mobile,Le saviez-vous ? Quelle méthode HTTP est généralement utilisée pour créer une ressource ?,POST,GET uniquement,TRACE uniquement,HEAD uniquement,0,10,facile
Q02615,Développement web & mobile,Le saviez-vous ? Quelle méthode HTTP sert généralement à récupérer une ressource ?,GET,POST,DELETE,PATCH uniquement,0,10,facile
Q02616,Développement web & mobile,Le saviez-vous ? Quel format est très courant pour une API REST ?,JSON,BMP,MP3,EXE,0,10,facile
Q02617,Développement web & mobile,Le saviez-vous ? Quel mécanisme permet d'authentifier un utilisateur ?,Session ou token,CSS,JPEG,DNS,0,10,facile
Q02618,Développement web & mobile,Le saviez-vous ? Quel principe consiste à adapter une interface aux écrans ?,Responsive design,Data mining,Packet sniffing,Overclocking,0,10,facile
Q02619,Développement web & mobile,Le saviez-vous ? Quel outil permet de versionner le code ?,Git,FTP,SMTP,DHCP,0,10,facile
Q02620,Développement web & mobile,Le saviez-vous ? Quel hébergeur est adapté à un projet Next.js rapide ?,Vercel,BIOS,Bluetooth,Excel,0,10,facile
Q02621,Développement web & mobile,Le saviez-vous ? Quel service backend peut fournir une base PostgreSQL et du temps réel ?,Supabase,Photoshop,VLC,PowerPoint,0,10,facile
Q02622,Développement web & mobile,Le saviez-vous ? Quel mécanisme web permet des mises à jour temps réel ?,WebSocket ou Realtime,HTML seul,CSS seul,JPEG,0,10,facile
Q02623,Développement web & mobile,Le saviez-vous ? Quel attribut HTML associe un lien à une destination ?,href,srcset uniquement,className uniquement,alt uniquement,0,10,facile
Q02624,Développement web & mobile,Le saviez-vous ? Quel élément HTML représente un bouton ?,button,route,press,clicker,0,10,facile
Q02625,Développement web & mobile,Le saviez-vous ? Quel concept évite de recharger toute la page dans une SPA ?,Rendu client/dynamique,FTP,BIOS,RAID,0,10,facile
Q02626,Développement web & mobile,Quiz du jour : Quel framework React est cité par MIT ?,Next.js,Django,Laravel,Spring,0,10,moyen
Q02627,Développement web & mobile,Quiz du jour : Quel langage est utilisé avec React et Next.js ?,JavaScript/TypeScript,COBOL,Fortran,SQL uniquement,0,10,moyen
Q02628,Développement web & mobile,Quiz du jour : Quel framework mobile est multiplateforme ?,Flutter,Nginx,PostgreSQL,Apache,0,10,moyen
Q02629,Développement web & mobile,Quiz du jour : Quel langage utilise Flutter ?,Dart,Kotlin uniquement,PHP,C# uniquement,0,10,moyen
Q02630,Développement web & mobile,Quiz du jour : Quel langage est très utilisé pour Android natif moderne ?,Kotlin,PHP,SQL,HTML,0,10,moyen
Q02631,Développement web & mobile,Quiz du jour : Quel framework Android moderne utilise Jetpack ?,Jetpack Compose,Laravel,Django,Express,0,10,moyen
Q02632,Développement web & mobile,Quiz du jour : Quel outil gère les dépendances JavaScript ?,npm,BIOS,DNS,SMTP,0,10,moyen
Q02633,Développement web & mobile,Quiz du jour : Quel outil permet de lancer une application web en local avec Node ?,npm scripts,Excel,VLC,Photoshop,0,10,moyen
Q02634,Développement web & mobile,Quiz du jour : Quel framework backend PHP est cité par MIT ?,Laravel,React,Flutter,TensorFlow,0,10,moyen
Q02635,Développement web & mobile,Quiz du jour : Quelle base de données relationnelle est citée par MIT ?,PostgreSQL,MongoDB uniquement,Redis uniquement,CSV,0,10,moyen
Q02636,Développement web & mobile,Quiz du jour : Quel système de déploiement est associé à une application Next.js sur Vercel ?,Déploiement continu depuis Git,Installation sur BIOS,Gravure DVD obligatoire,Serveur FTP obligatoire,0,10,moyen
Q02637,Développement web & mobile,Quiz du jour : Quel composant React gère l'état local ?,useState,useDNS,useSQL,useFTP,0,10,moyen
Q02638,Développement web & mobile,Quiz du jour : Quel hook React sert aux effets secondaires ?,useEffect,useHTML,useCSS,useGit,0,10,moyen
Q02639,Développement web & mobile,Quiz du jour : Quelle méthode HTTP est généralement utilisée pour créer une ressource ?,POST,GET uniquement,TRACE uniquement,HEAD uniquement,0,10,moyen
Q02640,Développement web & mobile,Quiz du jour : Quelle méthode HTTP sert généralement à récupérer une ressource ?,GET,POST,DELETE,PATCH uniquement,0,10,moyen
Q02641,Développement web & mobile,Quiz du jour : Quel format est très courant pour une API REST ?,JSON,BMP,MP3,EXE,0,10,moyen
Q02642,Développement web & mobile,Quiz du jour : Quel mécanisme permet d'authentifier un utilisateur ?,Session ou token,CSS,JPEG,DNS,0,10,moyen
Q02643,Développement web & mobile,Quiz du jour : Quel principe consiste à adapter une interface aux écrans ?,Responsive design,Data mining,Packet sniffing,Overclocking,0,10,moyen
Q02644,Développement web & mobile,Quiz du jour : Quel outil permet de versionner le code ?,Git,FTP,SMTP,DHCP,0,10,moyen
Q02645,Développement web & mobile,Quiz du jour : Quel hébergeur est adapté à un projet Next.js rapide ?,Vercel,BIOS,Bluetooth,Excel,0,10,moyen
Q02646,Développement web & mobile,Quiz du jour : Quel service backend peut fournir une base PostgreSQL et du temps réel ?,Supabase,Photoshop,VLC,PowerPoint,0,10,moyen
Q02647,Développement web & mobile,Quiz du jour : Quel mécanisme web permet des mises à jour temps réel ?,WebSocket ou Realtime,HTML seul,CSS seul,JPEG,0,10,moyen
Q02648,Développement web & mobile,Quiz du jour : Quel attribut HTML associe un lien à une destination ?,href,srcset uniquement,className uniquement,alt uniquement,0,10,moyen
Q02649,Développement web & mobile,Quiz du jour : Quel élément HTML représente un bouton ?,button,route,press,clicker,0,10,moyen
Q02650,Développement web & mobile,Quiz du jour : Quel concept évite de recharger toute la page dans une SPA ?,Rendu client/dynamique,FTP,BIOS,RAID,0,10,moyen
Q02651,Développement web & mobile,À vous de jouer : Quel framework React est cité par MIT ?,Next.js,Django,Laravel,Spring,0,10,moyen
Q02652,Développement web & mobile,À vous de jouer : Quel langage est utilisé avec React et Next.js ?,JavaScript/TypeScript,COBOL,Fortran,SQL uniquement,0,10,moyen
Q02653,Développement web & mobile,À vous de jouer : Quel framework mobile est multiplateforme ?,Flutter,Nginx,PostgreSQL,Apache,0,10,moyen
Q02654,Développement web & mobile,À vous de jouer : Quel langage utilise Flutter ?,Dart,Kotlin uniquement,PHP,C# uniquement,0,10,moyen
Q02655,Développement web & mobile,À vous de jouer : Quel langage est très utilisé pour Android natif moderne ?,Kotlin,PHP,SQL,HTML,0,10,moyen
Q02656,Développement web & mobile,À vous de jouer : Quel framework Android moderne utilise Jetpack ?,Jetpack Compose,Laravel,Django,Express,0,10,moyen
Q02657,Développement web & mobile,À vous de jouer : Quel outil gère les dépendances JavaScript ?,npm,BIOS,DNS,SMTP,0,10,moyen
Q02658,Développement web & mobile,À vous de jouer : Quel outil permet de lancer une application web en local avec Node ?,npm scripts,Excel,VLC,Photoshop,0,10,moyen
Q02659,Développement web & mobile,À vous de jouer : Quel framework backend PHP est cité par MIT ?,Laravel,React,Flutter,TensorFlow,0,10,moyen
Q02660,Développement web & mobile,À vous de jouer : Quelle base de données relationnelle est citée par MIT ?,PostgreSQL,MongoDB uniquement,Redis uniquement,CSV,0,10,moyen
Q02661,Développement web & mobile,À vous de jouer : Quel système de déploiement est associé à une application Next.js sur Vercel ?,Déploiement continu depuis Git,Installation sur BIOS,Gravure DVD obligatoire,Serveur FTP obligatoire,0,10,moyen
Q02662,Développement web & mobile,À vous de jouer : Quel composant React gère l'état local ?,useState,useDNS,useSQL,useFTP,0,10,moyen
Q02663,Développement web & mobile,À vous de jouer : Quel hook React sert aux effets secondaires ?,useEffect,useHTML,useCSS,useGit,0,10,moyen
Q02664,Développement web & mobile,À vous de jouer : Quelle méthode HTTP est généralement utilisée pour créer une ressource ?,POST,GET uniquement,TRACE uniquement,HEAD uniquement,0,10,moyen
Q02665,Développement web & mobile,À vous de jouer : Quelle méthode HTTP sert généralement à récupérer une ressource ?,GET,POST,DELETE,PATCH uniquement,0,10,moyen
Q02666,Développement web & mobile,À vous de jouer : Quel format est très courant pour une API REST ?,JSON,BMP,MP3,EXE,0,10,moyen
Q02667,Développement web & mobile,À vous de jouer : Quel mécanisme permet d'authentifier un utilisateur ?,Session ou token,CSS,JPEG,DNS,0,10,moyen
Q02668,Développement web & mobile,À vous de jouer : Quel principe consiste à adapter une interface aux écrans ?,Responsive design,Data mining,Packet sniffing,Overclocking,0,10,moyen
Q02669,Développement web & mobile,À vous de jouer : Quel outil permet de versionner le code ?,Git,FTP,SMTP,DHCP,0,10,moyen
Q02670,Développement web & mobile,À vous de jouer : Quel hébergeur est adapté à un projet Next.js rapide ?,Vercel,BIOS,Bluetooth,Excel,0,10,moyen
Q02671,Développement web & mobile,À vous de jouer : Quel service backend peut fournir une base PostgreSQL et du temps réel ?,Supabase,Photoshop,VLC,PowerPoint,0,10,moyen
Q02672,Développement web & mobile,À vous de jouer : Quel mécanisme web permet des mises à jour temps réel ?,WebSocket ou Realtime,HTML seul,CSS seul,JPEG,0,10,moyen
Q02673,Développement web & mobile,À vous de jouer : Quel attribut HTML associe un lien à une destination ?,href,srcset uniquement,className uniquement,alt uniquement,0,10,moyen
Q02674,Développement web & mobile,À vous de jouer : Quel élément HTML représente un bouton ?,button,route,press,clicker,0,10,moyen
Q02675,Développement web & mobile,À vous de jouer : Quel concept évite de recharger toute la page dans une SPA ?,Rendu client/dynamique,FTP,BIOS,RAID,0,10,moyen
Q02676,Développement web & mobile,Challenge : Quel framework React est cité par MIT ?,Next.js,Django,Laravel,Spring,0,10,moyen
Q02677,Développement web & mobile,Challenge : Quel langage est utilisé avec React et Next.js ?,JavaScript/TypeScript,COBOL,Fortran,SQL uniquement,0,10,moyen
Q02678,Développement web & mobile,Challenge : Quel framework mobile est multiplateforme ?,Flutter,Nginx,PostgreSQL,Apache,0,10,moyen
Q02679,Développement web & mobile,Challenge : Quel langage utilise Flutter ?,Dart,Kotlin uniquement,PHP,C# uniquement,0,10,moyen
Q02680,Développement web & mobile,Challenge : Quel langage est très utilisé pour Android natif moderne ?,Kotlin,PHP,SQL,HTML,0,10,moyen
Q02681,Développement web & mobile,Challenge : Quel framework Android moderne utilise Jetpack ?,Jetpack Compose,Laravel,Django,Express,0,10,moyen
Q02682,Développement web & mobile,Challenge : Quel outil gère les dépendances JavaScript ?,npm,BIOS,DNS,SMTP,0,10,moyen
Q02683,Développement web & mobile,Challenge : Quel outil permet de lancer une application web en local avec Node ?,npm scripts,Excel,VLC,Photoshop,0,10,moyen
Q02684,Développement web & mobile,Challenge : Quel framework backend PHP est cité par MIT ?,Laravel,React,Flutter,TensorFlow,0,10,moyen
Q02685,Développement web & mobile,Challenge : Quelle base de données relationnelle est citée par MIT ?,PostgreSQL,MongoDB uniquement,Redis uniquement,CSV,0,10,moyen
Q02686,Développement web & mobile,Challenge : Quel système de déploiement est associé à une application Next.js sur Vercel ?,Déploiement continu depuis Git,Installation sur BIOS,Gravure DVD obligatoire,Serveur FTP obligatoire,0,10,moyen
Q02687,Développement web & mobile,Challenge : Quel composant React gère l'état local ?,useState,useDNS,useSQL,useFTP,0,10,moyen
Q02688,Développement web & mobile,Challenge : Quel hook React sert aux effets secondaires ?,useEffect,useHTML,useCSS,useGit,0,10,moyen
Q02689,Développement web & mobile,Challenge : Quelle méthode HTTP est généralement utilisée pour créer une ressource ?,POST,GET uniquement,TRACE uniquement,HEAD uniquement,0,10,moyen
Q02690,Développement web & mobile,Challenge : Quelle méthode HTTP sert généralement à récupérer une ressource ?,GET,POST,DELETE,PATCH uniquement,0,10,moyen
Q02691,Développement web & mobile,Challenge : Quel format est très courant pour une API REST ?,JSON,BMP,MP3,EXE,0,10,moyen
Q02692,Développement web & mobile,Challenge : Quel mécanisme permet d'authentifier un utilisateur ?,Session ou token,CSS,JPEG,DNS,0,10,moyen
Q02693,Développement web & mobile,Challenge : Quel principe consiste à adapter une interface aux écrans ?,Responsive design,Data mining,Packet sniffing,Overclocking,0,10,moyen
Q02694,Développement web & mobile,Challenge : Quel outil permet de versionner le code ?,Git,FTP,SMTP,DHCP,0,10,moyen
Q02695,Développement web & mobile,Challenge : Quel hébergeur est adapté à un projet Next.js rapide ?,Vercel,BIOS,Bluetooth,Excel,0,10,moyen
Q02696,Développement web & mobile,Challenge : Quel service backend peut fournir une base PostgreSQL et du temps réel ?,Supabase,Photoshop,VLC,PowerPoint,0,10,moyen
Q02697,Développement web & mobile,Challenge : Quel mécanisme web permet des mises à jour temps réel ?,WebSocket ou Realtime,HTML seul,CSS seul,JPEG,0,10,moyen
Q02698,Développement web & mobile,Challenge : Quel attribut HTML associe un lien à une destination ?,href,srcset uniquement,className uniquement,alt uniquement,0,10,moyen
Q02699,Développement web & mobile,Challenge : Quel élément HTML représente un bouton ?,button,route,press,clicker,0,10,moyen
Q02700,Développement web & mobile,Challenge : Quel concept évite de recharger toute la page dans une SPA ?,Rendu client/dynamique,FTP,BIOS,RAID,0,10,moyen
Q02701,Développement web & mobile,Question bonus : Quel framework React est cité par MIT ?,Next.js,Django,Laravel,Spring,0,10,moyen
Q02702,Développement web & mobile,Question bonus : Quel langage est utilisé avec React et Next.js ?,JavaScript/TypeScript,COBOL,Fortran,SQL uniquement,0,10,moyen
Q02703,Développement web & mobile,Question bonus : Quel framework mobile est multiplateforme ?,Flutter,Nginx,PostgreSQL,Apache,0,10,moyen
Q02704,Développement web & mobile,Question bonus : Quel langage utilise Flutter ?,Dart,Kotlin uniquement,PHP,C# uniquement,0,10,moyen
Q02705,Développement web & mobile,Question bonus : Quel langage est très utilisé pour Android natif moderne ?,Kotlin,PHP,SQL,HTML,0,10,moyen
Q02706,Développement web & mobile,Question bonus : Quel framework Android moderne utilise Jetpack ?,Jetpack Compose,Laravel,Django,Express,0,10,moyen
Q02707,Développement web & mobile,Question bonus : Quel outil gère les dépendances JavaScript ?,npm,BIOS,DNS,SMTP,0,10,moyen
Q02708,Développement web & mobile,Question bonus : Quel outil permet de lancer une application web en local avec Node ?,npm scripts,Excel,VLC,Photoshop,0,10,moyen
Q02709,Développement web & mobile,Question bonus : Quel framework backend PHP est cité par MIT ?,Laravel,React,Flutter,TensorFlow,0,10,moyen
Q02710,Développement web & mobile,Question bonus : Quelle base de données relationnelle est citée par MIT ?,PostgreSQL,MongoDB uniquement,Redis uniquement,CSV,0,10,moyen
Q02711,Développement web & mobile,Question bonus : Quel système de déploiement est associé à une application Next.js sur Vercel ?,Déploiement continu depuis Git,Installation sur BIOS,Gravure DVD obligatoire,Serveur FTP obligatoire,0,10,moyen
Q02712,Développement web & mobile,Question bonus : Quel composant React gère l'état local ?,useState,useDNS,useSQL,useFTP,0,10,moyen
Q02713,Développement web & mobile,Question bonus : Quel hook React sert aux effets secondaires ?,useEffect,useHTML,useCSS,useGit,0,10,moyen
Q02714,Développement web & mobile,Question bonus : Quelle méthode HTTP est généralement utilisée pour créer une ressource ?,POST,GET uniquement,TRACE uniquement,HEAD uniquement,0,10,moyen
Q02715,Développement web & mobile,Question bonus : Quelle méthode HTTP sert généralement à récupérer une ressource ?,GET,POST,DELETE,PATCH uniquement,0,10,moyen
Q02716,Développement web & mobile,Question bonus : Quel format est très courant pour une API REST ?,JSON,BMP,MP3,EXE,0,10,moyen
Q02717,Développement web & mobile,Question bonus : Quel mécanisme permet d'authentifier un utilisateur ?,Session ou token,CSS,JPEG,DNS,0,10,moyen
Q02718,Développement web & mobile,Question bonus : Quel principe consiste à adapter une interface aux écrans ?,Responsive design,Data mining,Packet sniffing,Overclocking,0,10,moyen
Q02719,Développement web & mobile,Question bonus : Quel outil permet de versionner le code ?,Git,FTP,SMTP,DHCP,0,10,moyen
Q02720,Développement web & mobile,Question bonus : Quel hébergeur est adapté à un projet Next.js rapide ?,Vercel,BIOS,Bluetooth,Excel,0,10,moyen
Q02721,Développement web & mobile,Question bonus : Quel service backend peut fournir une base PostgreSQL et du temps réel ?,Supabase,Photoshop,VLC,PowerPoint,0,10,moyen
Q02722,Développement web & mobile,Question bonus : Quel mécanisme web permet des mises à jour temps réel ?,WebSocket ou Realtime,HTML seul,CSS seul,JPEG,0,10,moyen
Q02723,Développement web & mobile,Question bonus : Quel attribut HTML associe un lien à une destination ?,href,srcset uniquement,className uniquement,alt uniquement,0,10,moyen
Q02724,Développement web & mobile,Question bonus : Quel élément HTML représente un bouton ?,button,route,press,clicker,0,10,moyen
Q02725,Développement web & mobile,Question bonus : Quel concept évite de recharger toute la page dans une SPA ?,Rendu client/dynamique,FTP,BIOS,RAID,0,10,moyen
Q02726,Développement web & mobile,Question éclair : Quel framework React est cité par MIT ?,Next.js,Django,Laravel,Spring,0,10,moyen
Q02727,Développement web & mobile,Question éclair : Quel langage est utilisé avec React et Next.js ?,JavaScript/TypeScript,COBOL,Fortran,SQL uniquement,0,10,moyen
Q02728,Développement web & mobile,Question éclair : Quel framework mobile est multiplateforme ?,Flutter,Nginx,PostgreSQL,Apache,0,10,moyen
Q02729,Développement web & mobile,Question éclair : Quel langage utilise Flutter ?,Dart,Kotlin uniquement,PHP,C# uniquement,0,10,moyen
Q02730,Développement web & mobile,Question éclair : Quel langage est très utilisé pour Android natif moderne ?,Kotlin,PHP,SQL,HTML,0,10,moyen
Q02731,Développement web & mobile,Question éclair : Quel framework Android moderne utilise Jetpack ?,Jetpack Compose,Laravel,Django,Express,0,10,moyen
Q02732,Développement web & mobile,Question éclair : Quel outil gère les dépendances JavaScript ?,npm,BIOS,DNS,SMTP,0,10,moyen
Q02733,Développement web & mobile,Question éclair : Quel outil permet de lancer une application web en local avec Node ?,npm scripts,Excel,VLC,Photoshop,0,10,moyen
Q02734,Développement web & mobile,Question éclair : Quel framework backend PHP est cité par MIT ?,Laravel,React,Flutter,TensorFlow,0,10,moyen
Q02735,Développement web & mobile,Question éclair : Quelle base de données relationnelle est citée par MIT ?,PostgreSQL,MongoDB uniquement,Redis uniquement,CSV,0,10,moyen
Q02736,Développement web & mobile,Question éclair : Quel système de déploiement est associé à une application Next.js sur Vercel ?,Déploiement continu depuis Git,Installation sur BIOS,Gravure DVD obligatoire,Serveur FTP obligatoire,0,10,moyen
Q02737,Développement web & mobile,Question éclair : Quel composant React gère l'état local ?,useState,useDNS,useSQL,useFTP,0,10,moyen
Q02738,Développement web & mobile,Question éclair : Quel hook React sert aux effets secondaires ?,useEffect,useHTML,useCSS,useGit,0,10,moyen
Q02739,Développement web & mobile,Question éclair : Quelle méthode HTTP est généralement utilisée pour créer une ressource ?,POST,GET uniquement,TRACE uniquement,HEAD uniquement,0,10,moyen
Q02740,Développement web & mobile,Question éclair : Quelle méthode HTTP sert généralement à récupérer une ressource ?,GET,POST,DELETE,PATCH uniquement,0,10,moyen
Q02741,Développement web & mobile,Question éclair : Quel format est très courant pour une API REST ?,JSON,BMP,MP3,EXE,0,10,moyen
Q02742,Développement web & mobile,Question éclair : Quel mécanisme permet d'authentifier un utilisateur ?,Session ou token,CSS,JPEG,DNS,0,10,moyen
Q02743,Développement web & mobile,Question éclair : Quel principe consiste à adapter une interface aux écrans ?,Responsive design,Data mining,Packet sniffing,Overclocking,0,10,moyen
Q02744,Développement web & mobile,Question éclair : Quel outil permet de versionner le code ?,Git,FTP,SMTP,DHCP,0,10,moyen
Q02745,Développement web & mobile,Question éclair : Quel hébergeur est adapté à un projet Next.js rapide ?,Vercel,BIOS,Bluetooth,Excel,0,10,moyen
Q02746,Développement web & mobile,Question éclair : Quel service backend peut fournir une base PostgreSQL et du temps réel ?,Supabase,Photoshop,VLC,PowerPoint,0,10,moyen
Q02747,Développement web & mobile,Question éclair : Quel mécanisme web permet des mises à jour temps réel ?,WebSocket ou Realtime,HTML seul,CSS seul,JPEG,0,10,moyen
Q02748,Développement web & mobile,Question éclair : Quel attribut HTML associe un lien à une destination ?,href,srcset uniquement,className uniquement,alt uniquement,0,10,moyen
Q02749,Développement web & mobile,Question éclair : Quel élément HTML représente un bouton ?,button,route,press,clicker,0,10,moyen
Q02750,Développement web & mobile,Question éclair : Quel concept évite de recharger toute la page dans une SPA ?,Rendu client/dynamique,FTP,BIOS,RAID,0,10,moyen
Q02751,Développement web & mobile,Pour gagner des points : Quel framework React est cité par MIT ?,Next.js,Django,Laravel,Spring,0,10,moyen
Q02752,Développement web & mobile,Pour gagner des points : Quel langage est utilisé avec React et Next.js ?,JavaScript/TypeScript,COBOL,Fortran,SQL uniquement,0,10,moyen
Q02753,Développement web & mobile,Pour gagner des points : Quel framework mobile est multiplateforme ?,Flutter,Nginx,PostgreSQL,Apache,0,10,moyen
Q02754,Développement web & mobile,Pour gagner des points : Quel langage utilise Flutter ?,Dart,Kotlin uniquement,PHP,C# uniquement,0,10,moyen
Q02755,Développement web & mobile,Pour gagner des points : Quel langage est très utilisé pour Android natif moderne ?,Kotlin,PHP,SQL,HTML,0,10,moyen
Q02756,Développement web & mobile,Pour gagner des points : Quel framework Android moderne utilise Jetpack ?,Jetpack Compose,Laravel,Django,Express,0,10,moyen
Q02757,Développement web & mobile,Pour gagner des points : Quel outil gère les dépendances JavaScript ?,npm,BIOS,DNS,SMTP,0,10,moyen
Q02758,Développement web & mobile,Pour gagner des points : Quel outil permet de lancer une application web en local avec Node ?,npm scripts,Excel,VLC,Photoshop,0,10,moyen
Q02759,Développement web & mobile,Pour gagner des points : Quel framework backend PHP est cité par MIT ?,Laravel,React,Flutter,TensorFlow,0,10,moyen
Q02760,Développement web & mobile,Pour gagner des points : Quelle base de données relationnelle est citée par MIT ?,PostgreSQL,MongoDB uniquement,Redis uniquement,CSV,0,10,moyen
Q02761,Développement web & mobile,Pour gagner des points : Quel système de déploiement est associé à une application Next.js sur Vercel ?,Déploiement continu depuis Git,Installation sur BIOS,Gravure DVD obligatoire,Serveur FTP obligatoire,0,10,moyen
Q02762,Développement web & mobile,Pour gagner des points : Quel composant React gère l'état local ?,useState,useDNS,useSQL,useFTP,0,10,moyen
Q02763,Développement web & mobile,Pour gagner des points : Quel hook React sert aux effets secondaires ?,useEffect,useHTML,useCSS,useGit,0,10,moyen
Q02764,Développement web & mobile,Pour gagner des points : Quelle méthode HTTP est généralement utilisée pour créer une ressource ?,POST,GET uniquement,TRACE uniquement,HEAD uniquement,0,10,moyen
Q02765,Développement web & mobile,Pour gagner des points : Quelle méthode HTTP sert généralement à récupérer une ressource ?,GET,POST,DELETE,PATCH uniquement,0,10,moyen
Q02766,Développement web & mobile,Pour gagner des points : Quel format est très courant pour une API REST ?,JSON,BMP,MP3,EXE,0,10,moyen
Q02767,Développement web & mobile,Pour gagner des points : Quel mécanisme permet d'authentifier un utilisateur ?,Session ou token,CSS,JPEG,DNS,0,10,moyen
Q02768,Développement web & mobile,Pour gagner des points : Quel principe consiste à adapter une interface aux écrans ?,Responsive design,Data mining,Packet sniffing,Overclocking,0,10,moyen
Q02769,Développement web & mobile,Pour gagner des points : Quel outil permet de versionner le code ?,Git,FTP,SMTP,DHCP,0,10,moyen
Q02770,Développement web & mobile,Pour gagner des points : Quel hébergeur est adapté à un projet Next.js rapide ?,Vercel,BIOS,Bluetooth,Excel,0,10,moyen
Q02771,Développement web & mobile,Pour gagner des points : Quel service backend peut fournir une base PostgreSQL et du temps réel ?,Supabase,Photoshop,VLC,PowerPoint,0,10,moyen
Q02772,Développement web & mobile,Pour gagner des points : Quel mécanisme web permet des mises à jour temps réel ?,WebSocket ou Realtime,HTML seul,CSS seul,JPEG,0,10,moyen
Q02773,Développement web & mobile,Pour gagner des points : Quel attribut HTML associe un lien à une destination ?,href,srcset uniquement,className uniquement,alt uniquement,0,10,moyen
Q02774,Développement web & mobile,Pour gagner des points : Quel élément HTML représente un bouton ?,button,route,press,clicker,0,10,moyen
Q02775,Développement web & mobile,Pour gagner des points : Quel concept évite de recharger toute la page dans une SPA ?,Rendu client/dynamique,FTP,BIOS,RAID,0,10,moyen
Q02776,Développement web & mobile,À l'exposition : Quel framework React est cité par MIT ?,Next.js,Django,Laravel,Spring,0,10,moyen
Q02777,Développement web & mobile,À l'exposition : Quel langage est utilisé avec React et Next.js ?,JavaScript/TypeScript,COBOL,Fortran,SQL uniquement,0,10,moyen
Q02778,Développement web & mobile,À l'exposition : Quel framework mobile est multiplateforme ?,Flutter,Nginx,PostgreSQL,Apache,0,10,moyen
Q02779,Développement web & mobile,À l'exposition : Quel langage utilise Flutter ?,Dart,Kotlin uniquement,PHP,C# uniquement,0,10,moyen
Q02780,Développement web & mobile,À l'exposition : Quel langage est très utilisé pour Android natif moderne ?,Kotlin,PHP,SQL,HTML,0,10,moyen
Q02781,Développement web & mobile,À l'exposition : Quel framework Android moderne utilise Jetpack ?,Jetpack Compose,Laravel,Django,Express,0,10,moyen
Q02782,Développement web & mobile,À l'exposition : Quel outil gère les dépendances JavaScript ?,npm,BIOS,DNS,SMTP,0,10,moyen
Q02783,Développement web & mobile,À l'exposition : Quel outil permet de lancer une application web en local avec Node ?,npm scripts,Excel,VLC,Photoshop,0,10,moyen
Q02784,Développement web & mobile,À l'exposition : Quel framework backend PHP est cité par MIT ?,Laravel,React,Flutter,TensorFlow,0,10,moyen
Q02785,Développement web & mobile,À l'exposition : Quelle base de données relationnelle est citée par MIT ?,PostgreSQL,MongoDB uniquement,Redis uniquement,CSV,0,10,moyen
Q02786,Développement web & mobile,À l'exposition : Quel système de déploiement est associé à une application Next.js sur Vercel ?,Déploiement continu depuis Git,Installation sur BIOS,Gravure DVD obligatoire,Serveur FTP obligatoire,0,10,moyen
Q02787,Développement web & mobile,À l'exposition : Quel composant React gère l'état local ?,useState,useDNS,useSQL,useFTP,0,10,moyen
Q02788,Développement web & mobile,À l'exposition : Quel hook React sert aux effets secondaires ?,useEffect,useHTML,useCSS,useGit,0,10,moyen
Q02789,Développement web & mobile,À l'exposition : Quelle méthode HTTP est généralement utilisée pour créer une ressource ?,POST,GET uniquement,TRACE uniquement,HEAD uniquement,0,10,moyen
Q02790,Développement web & mobile,À l'exposition : Quelle méthode HTTP sert généralement à récupérer une ressource ?,GET,POST,DELETE,PATCH uniquement,0,10,moyen
Q02791,Développement web & mobile,À l'exposition : Quel format est très courant pour une API REST ?,JSON,BMP,MP3,EXE,0,10,moyen
Q02792,Développement web & mobile,À l'exposition : Quel mécanisme permet d'authentifier un utilisateur ?,Session ou token,CSS,JPEG,DNS,0,10,moyen
Q02793,Développement web & mobile,À l'exposition : Quel principe consiste à adapter une interface aux écrans ?,Responsive design,Data mining,Packet sniffing,Overclocking,0,10,moyen
Q02794,Développement web & mobile,À l'exposition : Quel outil permet de versionner le code ?,Git,FTP,SMTP,DHCP,0,10,moyen
Q02795,Développement web & mobile,À l'exposition : Quel hébergeur est adapté à un projet Next.js rapide ?,Vercel,BIOS,Bluetooth,Excel,0,10,moyen
Q02796,Développement web & mobile,À l'exposition : Quel service backend peut fournir une base PostgreSQL et du temps réel ?,Supabase,Photoshop,VLC,PowerPoint,0,10,moyen
Q02797,Développement web & mobile,À l'exposition : Quel mécanisme web permet des mises à jour temps réel ?,WebSocket ou Realtime,HTML seul,CSS seul,JPEG,0,10,moyen
Q02798,Développement web & mobile,À l'exposition : Quel attribut HTML associe un lien à une destination ?,href,srcset uniquement,className uniquement,alt uniquement,0,10,moyen
Q02799,Développement web & mobile,À l'exposition : Quel élément HTML représente un bouton ?,button,route,press,clicker,0,10,moyen
Q02800,Développement web & mobile,À l'exposition : Quel concept évite de recharger toute la page dans une SPA ?,Rendu client/dynamique,FTP,BIOS,RAID,0,10,moyen
Q02801,Développement web & mobile,Défi numérique : Quel framework React est cité par MIT ?,Next.js,Django,Laravel,Spring,0,10,moyen
Q02802,Développement web & mobile,Défi numérique : Quel langage est utilisé avec React et Next.js ?,JavaScript/TypeScript,COBOL,Fortran,SQL uniquement,0,10,moyen
Q02803,Développement web & mobile,Défi numérique : Quel framework mobile est multiplateforme ?,Flutter,Nginx,PostgreSQL,Apache,0,10,moyen
Q02804,Développement web & mobile,Défi numérique : Quel langage utilise Flutter ?,Dart,Kotlin uniquement,PHP,C# uniquement,0,10,moyen
Q02805,Développement web & mobile,Défi numérique : Quel langage est très utilisé pour Android natif moderne ?,Kotlin,PHP,SQL,HTML,0,10,moyen
Q02806,Développement web & mobile,Défi numérique : Quel framework Android moderne utilise Jetpack ?,Jetpack Compose,Laravel,Django,Express,0,10,moyen
Q02807,Développement web & mobile,Défi numérique : Quel outil gère les dépendances JavaScript ?,npm,BIOS,DNS,SMTP,0,10,moyen
Q02808,Développement web & mobile,Défi numérique : Quel outil permet de lancer une application web en local avec Node ?,npm scripts,Excel,VLC,Photoshop,0,10,moyen
Q02809,Développement web & mobile,Défi numérique : Quel framework backend PHP est cité par MIT ?,Laravel,React,Flutter,TensorFlow,0,10,moyen
Q02810,Développement web & mobile,Défi numérique : Quelle base de données relationnelle est citée par MIT ?,PostgreSQL,MongoDB uniquement,Redis uniquement,CSV,0,10,moyen
Q02811,Développement web & mobile,Défi numérique : Quel système de déploiement est associé à une application Next.js sur Vercel ?,Déploiement continu depuis Git,Installation sur BIOS,Gravure DVD obligatoire,Serveur FTP obligatoire,0,10,moyen
Q02812,Développement web & mobile,Défi numérique : Quel composant React gère l'état local ?,useState,useDNS,useSQL,useFTP,0,10,moyen
Q02813,Développement web & mobile,Défi numérique : Quel hook React sert aux effets secondaires ?,useEffect,useHTML,useCSS,useGit,0,10,moyen
Q02814,Développement web & mobile,Défi numérique : Quelle méthode HTTP est généralement utilisée pour créer une ressource ?,POST,GET uniquement,TRACE uniquement,HEAD uniquement,0,10,moyen
Q02815,Développement web & mobile,Défi numérique : Quelle méthode HTTP sert généralement à récupérer une ressource ?,GET,POST,DELETE,PATCH uniquement,0,10,moyen
Q02816,Développement web & mobile,Défi numérique : Quel format est très courant pour une API REST ?,JSON,BMP,MP3,EXE,0,10,moyen
Q02817,Développement web & mobile,Défi numérique : Quel mécanisme permet d'authentifier un utilisateur ?,Session ou token,CSS,JPEG,DNS,0,10,moyen
Q02818,Développement web & mobile,Défi numérique : Quel principe consiste à adapter une interface aux écrans ?,Responsive design,Data mining,Packet sniffing,Overclocking,0,10,moyen
Q02819,Développement web & mobile,Défi numérique : Quel outil permet de versionner le code ?,Git,FTP,SMTP,DHCP,0,10,moyen
Q02820,Développement web & mobile,Défi numérique : Quel hébergeur est adapté à un projet Next.js rapide ?,Vercel,BIOS,Bluetooth,Excel,0,10,moyen
Q02821,Développement web & mobile,Défi numérique : Quel service backend peut fournir une base PostgreSQL et du temps réel ?,Supabase,Photoshop,VLC,PowerPoint,0,10,moyen
Q02822,Développement web & mobile,Défi numérique : Quel mécanisme web permet des mises à jour temps réel ?,WebSocket ou Realtime,HTML seul,CSS seul,JPEG,0,10,moyen
Q02823,Développement web & mobile,Défi numérique : Quel attribut HTML associe un lien à une destination ?,href,srcset uniquement,className uniquement,alt uniquement,0,10,moyen
Q02824,Développement web & mobile,Défi numérique : Quel élément HTML représente un bouton ?,button,route,press,clicker,0,10,moyen
Q02825,Développement web & mobile,Défi numérique : Quel concept évite de recharger toute la page dans une SPA ?,Rendu client/dynamique,FTP,BIOS,RAID,0,10,moyen
Q02826,Développement web & mobile,À votre avis : Quel framework React est cité par MIT ?,Next.js,Django,Laravel,Spring,0,10,difficile
Q02827,Développement web & mobile,À votre avis : Quel langage est utilisé avec React et Next.js ?,JavaScript/TypeScript,COBOL,Fortran,SQL uniquement,0,10,difficile
Q02828,Développement web & mobile,À votre avis : Quel framework mobile est multiplateforme ?,Flutter,Nginx,PostgreSQL,Apache,0,10,difficile
Q02829,Développement web & mobile,À votre avis : Quel langage utilise Flutter ?,Dart,Kotlin uniquement,PHP,C# uniquement,0,10,difficile
Q02830,Développement web & mobile,À votre avis : Quel langage est très utilisé pour Android natif moderne ?,Kotlin,PHP,SQL,HTML,0,10,difficile
Q02831,Développement web & mobile,À votre avis : Quel framework Android moderne utilise Jetpack ?,Jetpack Compose,Laravel,Django,Express,0,10,difficile
Q02832,Développement web & mobile,À votre avis : Quel outil gère les dépendances JavaScript ?,npm,BIOS,DNS,SMTP,0,10,difficile
Q02833,Développement web & mobile,À votre avis : Quel outil permet de lancer une application web en local avec Node ?,npm scripts,Excel,VLC,Photoshop,0,10,difficile
Q02834,Développement web & mobile,À votre avis : Quel framework backend PHP est cité par MIT ?,Laravel,React,Flutter,TensorFlow,0,10,difficile
Q02835,Développement web & mobile,À votre avis : Quelle base de données relationnelle est citée par MIT ?,PostgreSQL,MongoDB uniquement,Redis uniquement,CSV,0,10,difficile
Q02836,Développement web & mobile,À votre avis : Quel système de déploiement est associé à une application Next.js sur Vercel ?,Déploiement continu depuis Git,Installation sur BIOS,Gravure DVD obligatoire,Serveur FTP obligatoire,0,10,difficile
Q02837,Développement web & mobile,À votre avis : Quel composant React gère l'état local ?,useState,useDNS,useSQL,useFTP,0,10,difficile
Q02838,Développement web & mobile,À votre avis : Quel hook React sert aux effets secondaires ?,useEffect,useHTML,useCSS,useGit,0,10,difficile
Q02839,Développement web & mobile,À votre avis : Quelle méthode HTTP est généralement utilisée pour créer une ressource ?,POST,GET uniquement,TRACE uniquement,HEAD uniquement,0,10,difficile
Q02840,Développement web & mobile,À votre avis : Quelle méthode HTTP sert généralement à récupérer une ressource ?,GET,POST,DELETE,PATCH uniquement,0,10,difficile
Q02841,Développement web & mobile,À votre avis : Quel format est très courant pour une API REST ?,JSON,BMP,MP3,EXE,0,10,difficile
Q02842,Développement web & mobile,À votre avis : Quel mécanisme permet d'authentifier un utilisateur ?,Session ou token,CSS,JPEG,DNS,0,10,difficile
Q02843,Développement web & mobile,À votre avis : Quel principe consiste à adapter une interface aux écrans ?,Responsive design,Data mining,Packet sniffing,Overclocking,0,10,difficile
Q02844,Développement web & mobile,À votre avis : Quel outil permet de versionner le code ?,Git,FTP,SMTP,DHCP,0,10,difficile
Q02845,Développement web & mobile,À votre avis : Quel hébergeur est adapté à un projet Next.js rapide ?,Vercel,BIOS,Bluetooth,Excel,0,10,difficile
Q02846,Développement web & mobile,À votre avis : Quel service backend peut fournir une base PostgreSQL et du temps réel ?,Supabase,Photoshop,VLC,PowerPoint,0,10,difficile
Q02847,Développement web & mobile,À votre avis : Quel mécanisme web permet des mises à jour temps réel ?,WebSocket ou Realtime,HTML seul,CSS seul,JPEG,0,10,difficile
Q02848,Développement web & mobile,À votre avis : Quel attribut HTML associe un lien à une destination ?,href,srcset uniquement,className uniquement,alt uniquement,0,10,difficile
Q02849,Développement web & mobile,À votre avis : Quel élément HTML représente un bouton ?,button,route,press,clicker,0,10,difficile
Q02850,Développement web & mobile,À votre avis : Quel concept évite de recharger toute la page dans une SPA ?,Rendu client/dynamique,FTP,BIOS,RAID,0,10,difficile
Q02851,Développement web & mobile,Niveau quiz : Quel framework React est cité par MIT ?,Next.js,Django,Laravel,Spring,0,10,difficile
Q02852,Développement web & mobile,Niveau quiz : Quel langage est utilisé avec React et Next.js ?,JavaScript/TypeScript,COBOL,Fortran,SQL uniquement,0,10,difficile
Q02853,Développement web & mobile,Niveau quiz : Quel framework mobile est multiplateforme ?,Flutter,Nginx,PostgreSQL,Apache,0,10,difficile
Q02854,Développement web & mobile,Niveau quiz : Quel langage utilise Flutter ?,Dart,Kotlin uniquement,PHP,C# uniquement,0,10,difficile
Q02855,Développement web & mobile,Niveau quiz : Quel langage est très utilisé pour Android natif moderne ?,Kotlin,PHP,SQL,HTML,0,10,difficile
Q02856,Développement web & mobile,Niveau quiz : Quel framework Android moderne utilise Jetpack ?,Jetpack Compose,Laravel,Django,Express,0,10,difficile
Q02857,Développement web & mobile,Niveau quiz : Quel outil gère les dépendances JavaScript ?,npm,BIOS,DNS,SMTP,0,10,difficile
Q02858,Développement web & mobile,Niveau quiz : Quel outil permet de lancer une application web en local avec Node ?,npm scripts,Excel,VLC,Photoshop,0,10,difficile
Q02859,Développement web & mobile,Niveau quiz : Quel framework backend PHP est cité par MIT ?,Laravel,React,Flutter,TensorFlow,0,10,difficile
Q02860,Développement web & mobile,Niveau quiz : Quelle base de données relationnelle est citée par MIT ?,PostgreSQL,MongoDB uniquement,Redis uniquement,CSV,0,10,difficile
Q02861,Développement web & mobile,Niveau quiz : Quel système de déploiement est associé à une application Next.js sur Vercel ?,Déploiement continu depuis Git,Installation sur BIOS,Gravure DVD obligatoire,Serveur FTP obligatoire,0,10,difficile
Q02862,Développement web & mobile,Niveau quiz : Quel composant React gère l'état local ?,useState,useDNS,useSQL,useFTP,0,10,difficile
Q02863,Développement web & mobile,Niveau quiz : Quel hook React sert aux effets secondaires ?,useEffect,useHTML,useCSS,useGit,0,10,difficile
Q02864,Développement web & mobile,Niveau quiz : Quelle méthode HTTP est généralement utilisée pour créer une ressource ?,POST,GET uniquement,TRACE uniquement,HEAD uniquement,0,10,difficile
Q02865,Développement web & mobile,Niveau quiz : Quelle méthode HTTP sert généralement à récupérer une ressource ?,GET,POST,DELETE,PATCH uniquement,0,10,difficile
Q02866,Développement web & mobile,Niveau quiz : Quel format est très courant pour une API REST ?,JSON,BMP,MP3,EXE,0,10,difficile
Q02867,Développement web & mobile,Niveau quiz : Quel mécanisme permet d'authentifier un utilisateur ?,Session ou token,CSS,JPEG,DNS,0,10,difficile
Q02868,Développement web & mobile,Niveau quiz : Quel principe consiste à adapter une interface aux écrans ?,Responsive design,Data mining,Packet sniffing,Overclocking,0,10,difficile
Q02869,Développement web & mobile,Niveau quiz : Quel outil permet de versionner le code ?,Git,FTP,SMTP,DHCP,0,10,difficile
Q02870,Développement web & mobile,Niveau quiz : Quel hébergeur est adapté à un projet Next.js rapide ?,Vercel,BIOS,Bluetooth,Excel,0,10,difficile
Q02871,Développement web & mobile,Niveau quiz : Quel service backend peut fournir une base PostgreSQL et du temps réel ?,Supabase,Photoshop,VLC,PowerPoint,0,10,difficile
Q02872,Développement web & mobile,Niveau quiz : Quel mécanisme web permet des mises à jour temps réel ?,WebSocket ou Realtime,HTML seul,CSS seul,JPEG,0,10,difficile
Q02873,Développement web & mobile,Niveau quiz : Quel attribut HTML associe un lien à une destination ?,href,srcset uniquement,className uniquement,alt uniquement,0,10,difficile
Q02874,Développement web & mobile,Niveau quiz : Quel élément HTML représente un bouton ?,button,route,press,clicker,0,10,difficile
Q02875,Développement web & mobile,Niveau quiz : Quel concept évite de recharger toute la page dans une SPA ?,Rendu client/dynamique,FTP,BIOS,RAID,0,10,difficile
Q02876,Développement web & mobile,Question suivante : Quel framework React est cité par MIT ?,Next.js,Django,Laravel,Spring,0,10,difficile
Q02877,Développement web & mobile,Question suivante : Quel langage est utilisé avec React et Next.js ?,JavaScript/TypeScript,COBOL,Fortran,SQL uniquement,0,10,difficile
Q02878,Développement web & mobile,Question suivante : Quel framework mobile est multiplateforme ?,Flutter,Nginx,PostgreSQL,Apache,0,10,difficile
Q02879,Développement web & mobile,Question suivante : Quel langage utilise Flutter ?,Dart,Kotlin uniquement,PHP,C# uniquement,0,10,difficile
Q02880,Développement web & mobile,Question suivante : Quel langage est très utilisé pour Android natif moderne ?,Kotlin,PHP,SQL,HTML,0,10,difficile
Q02881,Développement web & mobile,Question suivante : Quel framework Android moderne utilise Jetpack ?,Jetpack Compose,Laravel,Django,Express,0,10,difficile
Q02882,Développement web & mobile,Question suivante : Quel outil gère les dépendances JavaScript ?,npm,BIOS,DNS,SMTP,0,10,difficile
Q02883,Développement web & mobile,Question suivante : Quel outil permet de lancer une application web en local avec Node ?,npm scripts,Excel,VLC,Photoshop,0,10,difficile
Q02884,Développement web & mobile,Question suivante : Quel framework backend PHP est cité par MIT ?,Laravel,React,Flutter,TensorFlow,0,10,difficile
Q02885,Développement web & mobile,Question suivante : Quelle base de données relationnelle est citée par MIT ?,PostgreSQL,MongoDB uniquement,Redis uniquement,CSV,0,10,difficile
Q02886,Développement web & mobile,Question suivante : Quel système de déploiement est associé à une application Next.js sur Vercel ?,Déploiement continu depuis Git,Installation sur BIOS,Gravure DVD obligatoire,Serveur FTP obligatoire,0,10,difficile
Q02887,Développement web & mobile,Question suivante : Quel composant React gère l'état local ?,useState,useDNS,useSQL,useFTP,0,10,difficile
Q02888,Développement web & mobile,Question suivante : Quel hook React sert aux effets secondaires ?,useEffect,useHTML,useCSS,useGit,0,10,difficile
Q02889,Développement web & mobile,Question suivante : Quelle méthode HTTP est généralement utilisée pour créer une ressource ?,POST,GET uniquement,TRACE uniquement,HEAD uniquement,0,10,difficile
Q02890,Développement web & mobile,Question suivante : Quelle méthode HTTP sert généralement à récupérer une ressource ?,GET,POST,DELETE,PATCH uniquement,0,10,difficile
Q02891,Développement web & mobile,Question suivante : Quel format est très courant pour une API REST ?,JSON,BMP,MP3,EXE,0,10,difficile
Q02892,Développement web & mobile,Question suivante : Quel mécanisme permet d'authentifier un utilisateur ?,Session ou token,CSS,JPEG,DNS,0,10,difficile
Q02893,Développement web & mobile,Question suivante : Quel principe consiste à adapter une interface aux écrans ?,Responsive design,Data mining,Packet sniffing,Overclocking,0,10,difficile
Q02894,Développement web & mobile,Question suivante : Quel outil permet de versionner le code ?,Git,FTP,SMTP,DHCP,0,10,difficile
Q02895,Développement web & mobile,Question suivante : Quel hébergeur est adapté à un projet Next.js rapide ?,Vercel,BIOS,Bluetooth,Excel,0,10,difficile
Q02896,Développement web & mobile,Question suivante : Quel service backend peut fournir une base PostgreSQL et du temps réel ?,Supabase,Photoshop,VLC,PowerPoint,0,10,difficile
Q02897,Développement web & mobile,Question suivante : Quel mécanisme web permet des mises à jour temps réel ?,WebSocket ou Realtime,HTML seul,CSS seul,JPEG,0,10,difficile
Q02898,Développement web & mobile,Question suivante : Quel attribut HTML associe un lien à une destination ?,href,srcset uniquement,className uniquement,alt uniquement,0,10,difficile
Q02899,Développement web & mobile,Question suivante : Quel élément HTML représente un bouton ?,button,route,press,clicker,0,10,difficile
Q02900,Développement web & mobile,Question suivante : Quel concept évite de recharger toute la page dans une SPA ?,Rendu client/dynamique,FTP,BIOS,RAID,0,10,difficile
Q02901,Développement web & mobile,Challenge visiteurs : Quel framework React est cité par MIT ?,Next.js,Django,Laravel,Spring,0,10,difficile
Q02902,Développement web & mobile,Challenge visiteurs : Quel langage est utilisé avec React et Next.js ?,JavaScript/TypeScript,COBOL,Fortran,SQL uniquement,0,10,difficile
Q02903,Développement web & mobile,Challenge visiteurs : Quel framework mobile est multiplateforme ?,Flutter,Nginx,PostgreSQL,Apache,0,10,difficile
Q02904,Développement web & mobile,Challenge visiteurs : Quel langage utilise Flutter ?,Dart,Kotlin uniquement,PHP,C# uniquement,0,10,difficile
Q02905,Développement web & mobile,Challenge visiteurs : Quel langage est très utilisé pour Android natif moderne ?,Kotlin,PHP,SQL,HTML,0,10,difficile
Q02906,Développement web & mobile,Challenge visiteurs : Quel framework Android moderne utilise Jetpack ?,Jetpack Compose,Laravel,Django,Express,0,10,difficile
Q02907,Développement web & mobile,Challenge visiteurs : Quel outil gère les dépendances JavaScript ?,npm,BIOS,DNS,SMTP,0,10,difficile
Q02908,Développement web & mobile,Challenge visiteurs : Quel outil permet de lancer une application web en local avec Node ?,npm scripts,Excel,VLC,Photoshop,0,10,difficile
Q02909,Développement web & mobile,Challenge visiteurs : Quel framework backend PHP est cité par MIT ?,Laravel,React,Flutter,TensorFlow,0,10,difficile
Q02910,Développement web & mobile,Challenge visiteurs : Quelle base de données relationnelle est citée par MIT ?,PostgreSQL,MongoDB uniquement,Redis uniquement,CSV,0,10,difficile
Q02911,Développement web & mobile,Challenge visiteurs : Quel système de déploiement est associé à une application Next.js sur Vercel ?,Déploiement continu depuis Git,Installation sur BIOS,Gravure DVD obligatoire,Serveur FTP obligatoire,0,10,difficile
Q02912,Développement web & mobile,Challenge visiteurs : Quel composant React gère l'état local ?,useState,useDNS,useSQL,useFTP,0,10,difficile
Q02913,Développement web & mobile,Challenge visiteurs : Quel hook React sert aux effets secondaires ?,useEffect,useHTML,useCSS,useGit,0,10,difficile
Q02914,Développement web & mobile,Challenge visiteurs : Quelle méthode HTTP est généralement utilisée pour créer une ressource ?,POST,GET uniquement,TRACE uniquement,HEAD uniquement,0,10,difficile
Q02915,Développement web & mobile,Challenge visiteurs : Quelle méthode HTTP sert généralement à récupérer une ressource ?,GET,POST,DELETE,PATCH uniquement,0,10,difficile
Q02916,Développement web & mobile,Challenge visiteurs : Quel format est très courant pour une API REST ?,JSON,BMP,MP3,EXE,0,10,difficile
Q02917,Développement web & mobile,Challenge visiteurs : Quel mécanisme permet d'authentifier un utilisateur ?,Session ou token,CSS,JPEG,DNS,0,10,difficile
Q02918,Développement web & mobile,Challenge visiteurs : Quel principe consiste à adapter une interface aux écrans ?,Responsive design,Data mining,Packet sniffing,Overclocking,0,10,difficile
Q02919,Développement web & mobile,Challenge visiteurs : Quel outil permet de versionner le code ?,Git,FTP,SMTP,DHCP,0,10,difficile
Q02920,Développement web & mobile,Challenge visiteurs : Quel hébergeur est adapté à un projet Next.js rapide ?,Vercel,BIOS,Bluetooth,Excel,0,10,difficile
Q02921,Développement web & mobile,Challenge visiteurs : Quel service backend peut fournir une base PostgreSQL et du temps réel ?,Supabase,Photoshop,VLC,PowerPoint,0,10,difficile
Q02922,Développement web & mobile,Challenge visiteurs : Quel mécanisme web permet des mises à jour temps réel ?,WebSocket ou Realtime,HTML seul,CSS seul,JPEG,0,10,difficile
Q02923,Développement web & mobile,Challenge visiteurs : Quel attribut HTML associe un lien à une destination ?,href,srcset uniquement,className uniquement,alt uniquement,0,10,difficile
Q02924,Développement web & mobile,Challenge visiteurs : Quel élément HTML représente un bouton ?,button,route,press,clicker,0,10,difficile
Q02925,Développement web & mobile,Challenge visiteurs : Quel concept évite de recharger toute la page dans une SPA ?,Rendu client/dynamique,FTP,BIOS,RAID,0,10,difficile
Q02926,Développement web & mobile,Mode compétition : Quel framework React est cité par MIT ?,Next.js,Django,Laravel,Spring,0,10,difficile
Q02927,Développement web & mobile,Mode compétition : Quel langage est utilisé avec React et Next.js ?,JavaScript/TypeScript,COBOL,Fortran,SQL uniquement,0,10,difficile
Q02928,Développement web & mobile,Mode compétition : Quel framework mobile est multiplateforme ?,Flutter,Nginx,PostgreSQL,Apache,0,10,difficile
Q02929,Développement web & mobile,Mode compétition : Quel langage utilise Flutter ?,Dart,Kotlin uniquement,PHP,C# uniquement,0,10,difficile
Q02930,Développement web & mobile,Mode compétition : Quel langage est très utilisé pour Android natif moderne ?,Kotlin,PHP,SQL,HTML,0,10,difficile
Q02931,Développement web & mobile,Mode compétition : Quel framework Android moderne utilise Jetpack ?,Jetpack Compose,Laravel,Django,Express,0,10,difficile
Q02932,Développement web & mobile,Mode compétition : Quel outil gère les dépendances JavaScript ?,npm,BIOS,DNS,SMTP,0,10,difficile
Q02933,Développement web & mobile,Mode compétition : Quel outil permet de lancer une application web en local avec Node ?,npm scripts,Excel,VLC,Photoshop,0,10,difficile
Q02934,Développement web & mobile,Mode compétition : Quel framework backend PHP est cité par MIT ?,Laravel,React,Flutter,TensorFlow,0,10,difficile
Q02935,Développement web & mobile,Mode compétition : Quelle base de données relationnelle est citée par MIT ?,PostgreSQL,MongoDB uniquement,Redis uniquement,CSV,0,10,difficile
Q02936,Développement web & mobile,Mode compétition : Quel système de déploiement est associé à une application Next.js sur Vercel ?,Déploiement continu depuis Git,Installation sur BIOS,Gravure DVD obligatoire,Serveur FTP obligatoire,0,10,difficile
Q02937,Développement web & mobile,Mode compétition : Quel composant React gère l'état local ?,useState,useDNS,useSQL,useFTP,0,10,difficile
Q02938,Développement web & mobile,Mode compétition : Quel hook React sert aux effets secondaires ?,useEffect,useHTML,useCSS,useGit,0,10,difficile
Q02939,Développement web & mobile,Mode compétition : Quelle méthode HTTP est généralement utilisée pour créer une ressource ?,POST,GET uniquement,TRACE uniquement,HEAD uniquement,0,10,difficile
Q02940,Développement web & mobile,Mode compétition : Quelle méthode HTTP sert généralement à récupérer une ressource ?,GET,POST,DELETE,PATCH uniquement,0,10,difficile
Q02941,Développement web & mobile,Mode compétition : Quel format est très courant pour une API REST ?,JSON,BMP,MP3,EXE,0,10,difficile
Q02942,Développement web & mobile,Mode compétition : Quel mécanisme permet d'authentifier un utilisateur ?,Session ou token,CSS,JPEG,DNS,0,10,difficile
Q02943,Développement web & mobile,Mode compétition : Quel principe consiste à adapter une interface aux écrans ?,Responsive design,Data mining,Packet sniffing,Overclocking,0,10,difficile
Q02944,Développement web & mobile,Mode compétition : Quel outil permet de versionner le code ?,Git,FTP,SMTP,DHCP,0,10,difficile
Q02945,Développement web & mobile,Mode compétition : Quel hébergeur est adapté à un projet Next.js rapide ?,Vercel,BIOS,Bluetooth,Excel,0,10,difficile
Q02946,Développement web & mobile,Mode compétition : Quel service backend peut fournir une base PostgreSQL et du temps réel ?,Supabase,Photoshop,VLC,PowerPoint,0,10,difficile
Q02947,Développement web & mobile,Mode compétition : Quel mécanisme web permet des mises à jour temps réel ?,WebSocket ou Realtime,HTML seul,CSS seul,JPEG,0,10,difficile
Q02948,Développement web & mobile,Mode compétition : Quel attribut HTML associe un lien à une destination ?,href,srcset uniquement,className uniquement,alt uniquement,0,10,difficile
Q02949,Développement web & mobile,Mode compétition : Quel élément HTML représente un bouton ?,button,route,press,clicker,0,10,difficile
Q02950,Développement web & mobile,Mode compétition : Quel concept évite de recharger toute la page dans une SPA ?,Rendu client/dynamique,FTP,BIOS,RAID,0,10,difficile
Q02951,Développement web & mobile,Question expert : Quel framework React est cité par MIT ?,Next.js,Django,Laravel,Spring,0,10,difficile
Q02952,Développement web & mobile,Question expert : Quel langage est utilisé avec React et Next.js ?,JavaScript/TypeScript,COBOL,Fortran,SQL uniquement,0,10,difficile
Q02953,Développement web & mobile,Question expert : Quel framework mobile est multiplateforme ?,Flutter,Nginx,PostgreSQL,Apache,0,10,difficile
Q02954,Développement web & mobile,Question expert : Quel langage utilise Flutter ?,Dart,Kotlin uniquement,PHP,C# uniquement,0,10,difficile
Q02955,Développement web & mobile,Question expert : Quel langage est très utilisé pour Android natif moderne ?,Kotlin,PHP,SQL,HTML,0,10,difficile
Q02956,Développement web & mobile,Question expert : Quel framework Android moderne utilise Jetpack ?,Jetpack Compose,Laravel,Django,Express,0,10,difficile
Q02957,Développement web & mobile,Question expert : Quel outil gère les dépendances JavaScript ?,npm,BIOS,DNS,SMTP,0,10,difficile
Q02958,Développement web & mobile,Question expert : Quel outil permet de lancer une application web en local avec Node ?,npm scripts,Excel,VLC,Photoshop,0,10,difficile
Q02959,Développement web & mobile,Question expert : Quel framework backend PHP est cité par MIT ?,Laravel,React,Flutter,TensorFlow,0,10,difficile
Q02960,Développement web & mobile,Question expert : Quelle base de données relationnelle est citée par MIT ?,PostgreSQL,MongoDB uniquement,Redis uniquement,CSV,0,10,difficile
Q02961,Développement web & mobile,Question expert : Quel système de déploiement est associé à une application Next.js sur Vercel ?,Déploiement continu depuis Git,Installation sur BIOS,Gravure DVD obligatoire,Serveur FTP obligatoire,0,10,difficile
Q02962,Développement web & mobile,Question expert : Quel composant React gère l'état local ?,useState,useDNS,useSQL,useFTP,0,10,difficile
Q02963,Développement web & mobile,Question expert : Quel hook React sert aux effets secondaires ?,useEffect,useHTML,useCSS,useGit,0,10,difficile
Q02964,Développement web & mobile,Question expert : Quelle méthode HTTP est généralement utilisée pour créer une ressource ?,POST,GET uniquement,TRACE uniquement,HEAD uniquement,0,10,difficile
Q02965,Développement web & mobile,Question expert : Quelle méthode HTTP sert généralement à récupérer une ressource ?,GET,POST,DELETE,PATCH uniquement,0,10,difficile
Q02966,Développement web & mobile,Question expert : Quel format est très courant pour une API REST ?,JSON,BMP,MP3,EXE,0,10,difficile
Q02967,Développement web & mobile,Question expert : Quel mécanisme permet d'authentifier un utilisateur ?,Session ou token,CSS,JPEG,DNS,0,10,difficile
Q02968,Développement web & mobile,Question expert : Quel principe consiste à adapter une interface aux écrans ?,Responsive design,Data mining,Packet sniffing,Overclocking,0,10,difficile
Q02969,Développement web & mobile,Question expert : Quel outil permet de versionner le code ?,Git,FTP,SMTP,DHCP,0,10,difficile
Q02970,Développement web & mobile,Question expert : Quel hébergeur est adapté à un projet Next.js rapide ?,Vercel,BIOS,Bluetooth,Excel,0,10,difficile
Q02971,Développement web & mobile,Question expert : Quel service backend peut fournir une base PostgreSQL et du temps réel ?,Supabase,Photoshop,VLC,PowerPoint,0,10,difficile
Q02972,Développement web & mobile,Question expert : Quel mécanisme web permet des mises à jour temps réel ?,WebSocket ou Realtime,HTML seul,CSS seul,JPEG,0,10,difficile
Q02973,Développement web & mobile,Question expert : Quel attribut HTML associe un lien à une destination ?,href,srcset uniquement,className uniquement,alt uniquement,0,10,difficile
Q02974,Développement web & mobile,Question expert : Quel élément HTML représente un bouton ?,button,route,press,clicker,0,10,difficile
Q02975,Développement web & mobile,Question expert : Quel concept évite de recharger toute la page dans une SPA ?,Rendu client/dynamique,FTP,BIOS,RAID,0,10,difficile
Q02976,Développement web & mobile,Dernier défi : Quel framework React est cité par MIT ?,Next.js,Django,Laravel,Spring,0,10,difficile
Q02977,Développement web & mobile,Dernier défi : Quel langage est utilisé avec React et Next.js ?,JavaScript/TypeScript,COBOL,Fortran,SQL uniquement,0,10,difficile
Q02978,Développement web & mobile,Dernier défi : Quel framework mobile est multiplateforme ?,Flutter,Nginx,PostgreSQL,Apache,0,10,difficile
Q02979,Développement web & mobile,Dernier défi : Quel langage utilise Flutter ?,Dart,Kotlin uniquement,PHP,C# uniquement,0,10,difficile
Q02980,Développement web & mobile,Dernier défi : Quel langage est très utilisé pour Android natif moderne ?,Kotlin,PHP,SQL,HTML,0,10,difficile
Q02981,Développement web & mobile,Dernier défi : Quel framework Android moderne utilise Jetpack ?,Jetpack Compose,Laravel,Django,Express,0,10,difficile
Q02982,Développement web & mobile,Dernier défi : Quel outil gère les dépendances JavaScript ?,npm,BIOS,DNS,SMTP,0,10,difficile
Q02983,Développement web & mobile,Dernier défi : Quel outil permet de lancer une application web en local avec Node ?,npm scripts,Excel,VLC,Photoshop,0,10,difficile
Q02984,Développement web & mobile,Dernier défi : Quel framework backend PHP est cité par MIT ?,Laravel,React,Flutter,TensorFlow,0,10,difficile
Q02985,Développement web & mobile,Dernier défi : Quelle base de données relationnelle est citée par MIT ?,PostgreSQL,MongoDB uniquement,Redis uniquement,CSV,0,10,difficile
Q02986,Développement web & mobile,Dernier défi : Quel système de déploiement est associé à une application Next.js sur Vercel ?,Déploiement continu depuis Git,Installation sur BIOS,Gravure DVD obligatoire,Serveur FTP obligatoire,0,10,difficile
Q02987,Développement web & mobile,Dernier défi : Quel composant React gère l'état local ?,useState,useDNS,useSQL,useFTP,0,10,difficile
Q02988,Développement web & mobile,Dernier défi : Quel hook React sert aux effets secondaires ?,useEffect,useHTML,useCSS,useGit,0,10,difficile
Q02989,Développement web & mobile,Dernier défi : Quelle méthode HTTP est généralement utilisée pour créer une ressource ?,POST,GET uniquement,TRACE uniquement,HEAD uniquement,0,10,difficile
Q02990,Développement web & mobile,Dernier défi : Quelle méthode HTTP sert généralement à récupérer une ressource ?,GET,POST,DELETE,PATCH uniquement,0,10,difficile
Q02991,Développement web & mobile,Dernier défi : Quel format est très courant pour une API REST ?,JSON,BMP,MP3,EXE,0,10,difficile
Q02992,Développement web & mobile,Dernier défi : Quel mécanisme permet d'authentifier un utilisateur ?,Session ou token,CSS,JPEG,DNS,0,10,difficile
Q02993,Développement web & mobile,Dernier défi : Quel principe consiste à adapter une interface aux écrans ?,Responsive design,Data mining,Packet sniffing,Overclocking,0,10,difficile
Q02994,Développement web & mobile,Dernier défi : Quel outil permet de versionner le code ?,Git,FTP,SMTP,DHCP,0,10,difficile
Q02995,Développement web & mobile,Dernier défi : Quel hébergeur est adapté à un projet Next.js rapide ?,Vercel,BIOS,Bluetooth,Excel,0,10,difficile
Q02996,Développement web & mobile,Dernier défi : Quel service backend peut fournir une base PostgreSQL et du temps réel ?,Supabase,Photoshop,VLC,PowerPoint,0,10,difficile
Q02997,Développement web & mobile,Dernier défi : Quel mécanisme web permet des mises à jour temps réel ?,WebSocket ou Realtime,HTML seul,CSS seul,JPEG,0,10,difficile
Q02998,Développement web & mobile,Dernier défi : Quel attribut HTML associe un lien à une destination ?,href,srcset uniquement,className uniquement,alt uniquement,0,10,difficile
Q02999,Développement web & mobile,Dernier défi : Quel élément HTML représente un bouton ?,button,route,press,clicker,0,10,difficile
Q03000,Développement web & mobile,Dernier défi : Quel concept évite de recharger toute la page dans une SPA ?,Rendu client/dynamique,FTP,BIOS,RAID,0,10,difficile
Q03001,Cybersécurité,Quel est le but du phishing ?,Tromper l'utilisateur pour obtenir des informations,Accélérer le CPU,Compresser des fichiers,Améliorer le Wi-Fi,0,10,facile
Q03002,Cybersécurité,Quel mot de passe est généralement plus robuste ?,Une phrase longue et unique,123456,password,azerty,0,10,facile
Q03003,Cybersécurité,Quel mécanisme ajoute un second facteur d'authentification ?,MFA/2FA,FTP,HTML,CSS,0,10,facile
Q03004,Cybersécurité,Pourquoi utiliser HTTPS ?,Chiffrer la communication entre client et serveur,Augmenter la RAM,Compresser les images,Créer un compte Git,0,10,facile
Q03005,Cybersécurité,Que fait un pare-feu ?,Filtre certains flux réseau,Répare un écran,Augmente le stockage,Compile du code,0,10,facile
Q03006,Cybersécurité,Quel principe limite les privilèges au strict nécessaire ?,Moindre privilège,Open access,Full admin,No authentication,0,10,facile
Q03007,Cybersécurité,Que signifie ransomware ?,Logiciel malveillant qui bloque/chiffre des données contre rançon,Antivirus,Navigateur,Compilateur,0,10,facile
Q03008,Cybersécurité,Quel est un bon réflexe face à une pièce jointe suspecte ?,Ne pas l'ouvrir avant vérification,L'ouvrir immédiatement,La transférer à tous,Désactiver l'antivirus,0,10,facile
Q03009,Cybersécurité,Quel mécanisme protège un mot de passe stocké côté serveur ?,Hashage adapté avec sel,Texte en clair,Capture d'écran,Base publique,0,10,facile
Q03010,Cybersécurité,Pourquoi faire des sauvegardes ?,Restaurer les données après incident,Augmenter la vitesse CPU,Créer du CSS,Changer l'adresse IP,0,10,facile
Q03011,Cybersécurité,Quel risque vient d'une injection SQL ?,Modifier ou lire des données via une requête malveillante,Surchauffer le CPU,Casser un écran,Perdre le Wi-Fi uniquement,0,10,facile
Q03012,Cybersécurité,Quelle pratique réduit les injections SQL ?,Requêtes paramétrées,Concaténation aveugle,Désactivation des logs,Mots de passe courts,0,10,facile
Q03013,Cybersécurité,Quel risque permet XSS ?,Injecter du script dans une page web,Surcharger la RAM physiquement,Changer un SSD,Créer un réseau,0,10,facile
Q03014,Cybersécurité,Quel en-tête aide à contrôler certaines politiques de sécurité web ?,Content-Security-Policy,Content-Music,CPU-Speed,HTML-Fast,0,10,facile
Q03015,Cybersécurité,Quel principe protège la confidentialité ?,Contrôle d'accès et chiffrement,Partager les mots de passe,Mettre les données en public,Désactiver HTTPS,0,10,facile
Q03016,Cybersécurité,Quel outil est utilisé pour chiffrer une connexion distante ?,SSH,HTTP,FTP en clair,Telnet,0,10,facile
Q03017,Cybersécurité,Quel est le danger du Wi-Fi public non sécurisé ?,Interception possible des communications,Le clavier devient plus rapide,La batterie double,Le disque devient SSD,0,10,facile
Q03018,Cybersécurité,Pourquoi mettre à jour les logiciels ?,Corriger des vulnérabilités et bugs,Supprimer le réseau,Réduire la sécurité,Désactiver les comptes,0,10,facile
Q03019,Cybersécurité,Quel type d'attaque essaie de deviner de nombreux mots de passe ?,Brute force,Waterfall,Rendering,Caching,0,10,facile
Q03020,Cybersécurité,Quel mécanisme permet de détecter des comportements suspects ?,Journalisation et monitoring,CSS,JPEG,MP3,0,10,facile
Q03021,Cybersécurité,Que signifie VPN ?,Virtual Private Network,Verified Public Node,Visual Program Network,Virtual Processing Number,0,10,facile
Q03022,Cybersécurité,Quel est le rôle d'un certificat TLS ?,Aider à établir une connexion sécurisée et authentifier le serveur,Augmenter la RAM,Créer un compte,Compresser un PDF,0,10,facile
Q03023,Cybersécurité,Pourquoi ne pas réutiliser le même mot de passe ?,Une compromission peut affecter plusieurs services,Cela ralentit le CPU,Cela empêche HTTPS,Cela bloque le clavier,0,10,facile
Q03024,Cybersécurité,Quel concept décrit la disponibilité d'un service ?,Disponibilité,Encodage,Compilation,Routage,0,10,facile
Q03025,Cybersécurité,Au stand MIT : Quel est le but du phishing ?,Tromper l'utilisateur pour obtenir des informations,Accélérer le CPU,Compresser des fichiers,Améliorer le Wi-Fi,0,10,facile
Q03026,Cybersécurité,Au stand MIT : Quel mot de passe est généralement plus robuste ?,Une phrase longue et unique,123456,password,azerty,0,10,facile
Q03027,Cybersécurité,Au stand MIT : Quel mécanisme ajoute un second facteur d'authentification ?,MFA/2FA,FTP,HTML,CSS,0,10,facile
Q03028,Cybersécurité,Au stand MIT : Pourquoi utiliser HTTPS ?,Chiffrer la communication entre client et serveur,Augmenter la RAM,Compresser les images,Créer un compte Git,0,10,facile
Q03029,Cybersécurité,Au stand MIT : Que fait un pare-feu ?,Filtre certains flux réseau,Répare un écran,Augmente le stockage,Compile du code,0,10,facile
Q03030,Cybersécurité,Au stand MIT : Quel principe limite les privilèges au strict nécessaire ?,Moindre privilège,Open access,Full admin,No authentication,0,10,facile
Q03031,Cybersécurité,Au stand MIT : Que signifie ransomware ?,Logiciel malveillant qui bloque/chiffre des données contre rançon,Antivirus,Navigateur,Compilateur,0,10,facile
Q03032,Cybersécurité,Au stand MIT : Quel est un bon réflexe face à une pièce jointe suspecte ?,Ne pas l'ouvrir avant vérification,L'ouvrir immédiatement,La transférer à tous,Désactiver l'antivirus,0,10,facile
Q03033,Cybersécurité,Au stand MIT : Quel mécanisme protège un mot de passe stocké côté serveur ?,Hashage adapté avec sel,Texte en clair,Capture d'écran,Base publique,0,10,facile
Q03034,Cybersécurité,Au stand MIT : Pourquoi faire des sauvegardes ?,Restaurer les données après incident,Augmenter la vitesse CPU,Créer du CSS,Changer l'adresse IP,0,10,facile
Q03035,Cybersécurité,Au stand MIT : Quel risque vient d'une injection SQL ?,Modifier ou lire des données via une requête malveillante,Surchauffer le CPU,Casser un écran,Perdre le Wi-Fi uniquement,0,10,facile
Q03036,Cybersécurité,Au stand MIT : Quelle pratique réduit les injections SQL ?,Requêtes paramétrées,Concaténation aveugle,Désactivation des logs,Mots de passe courts,0,10,facile
Q03037,Cybersécurité,Au stand MIT : Quel risque permet XSS ?,Injecter du script dans une page web,Surcharger la RAM physiquement,Changer un SSD,Créer un réseau,0,10,facile
Q03038,Cybersécurité,Au stand MIT : Quel en-tête aide à contrôler certaines politiques de sécurité web ?,Content-Security-Policy,Content-Music,CPU-Speed,HTML-Fast,0,10,facile
Q03039,Cybersécurité,Au stand MIT : Quel principe protège la confidentialité ?,Contrôle d'accès et chiffrement,Partager les mots de passe,Mettre les données en public,Désactiver HTTPS,0,10,facile
Q03040,Cybersécurité,Au stand MIT : Quel outil est utilisé pour chiffrer une connexion distante ?,SSH,HTTP,FTP en clair,Telnet,0,10,facile
Q03041,Cybersécurité,Au stand MIT : Quel est le danger du Wi-Fi public non sécurisé ?,Interception possible des communications,Le clavier devient plus rapide,La batterie double,Le disque devient SSD,0,10,facile
Q03042,Cybersécurité,Au stand MIT : Pourquoi mettre à jour les logiciels ?,Corriger des vulnérabilités et bugs,Supprimer le réseau,Réduire la sécurité,Désactiver les comptes,0,10,facile
Q03043,Cybersécurité,Au stand MIT : Quel type d'attaque essaie de deviner de nombreux mots de passe ?,Brute force,Waterfall,Rendering,Caching,0,10,facile
Q03044,Cybersécurité,Au stand MIT : Quel mécanisme permet de détecter des comportements suspects ?,Journalisation et monitoring,CSS,JPEG,MP3,0,10,facile
Q03045,Cybersécurité,Au stand MIT : Que signifie VPN ?,Virtual Private Network,Verified Public Node,Visual Program Network,Virtual Processing Number,0,10,facile
Q03046,Cybersécurité,Au stand MIT : Quel est le rôle d'un certificat TLS ?,Aider à établir une connexion sécurisée et authentifier le serveur,Augmenter la RAM,Créer un compte,Compresser un PDF,0,10,facile
Q03047,Cybersécurité,Au stand MIT : Pourquoi ne pas réutiliser le même mot de passe ?,Une compromission peut affecter plusieurs services,Cela ralentit le CPU,Cela empêche HTTPS,Cela bloque le clavier,0,10,facile
Q03048,Cybersécurité,Au stand MIT : Quel concept décrit la disponibilité d'un service ?,Disponibilité,Encodage,Compilation,Routage,0,10,facile
Q03049,Cybersécurité,Défi express : Quel est le but du phishing ?,Tromper l'utilisateur pour obtenir des informations,Accélérer le CPU,Compresser des fichiers,Améliorer le Wi-Fi,0,10,facile
Q03050,Cybersécurité,Défi express : Quel mot de passe est généralement plus robuste ?,Une phrase longue et unique,123456,password,azerty,0,10,facile
Q03051,Cybersécurité,Défi express : Quel mécanisme ajoute un second facteur d'authentification ?,MFA/2FA,FTP,HTML,CSS,0,10,facile
Q03052,Cybersécurité,Défi express : Pourquoi utiliser HTTPS ?,Chiffrer la communication entre client et serveur,Augmenter la RAM,Compresser les images,Créer un compte Git,0,10,facile
Q03053,Cybersécurité,Défi express : Que fait un pare-feu ?,Filtre certains flux réseau,Répare un écran,Augmente le stockage,Compile du code,0,10,facile
Q03054,Cybersécurité,Défi express : Quel principe limite les privilèges au strict nécessaire ?,Moindre privilège,Open access,Full admin,No authentication,0,10,facile
Q03055,Cybersécurité,Défi express : Que signifie ransomware ?,Logiciel malveillant qui bloque/chiffre des données contre rançon,Antivirus,Navigateur,Compilateur,0,10,facile
Q03056,Cybersécurité,Défi express : Quel est un bon réflexe face à une pièce jointe suspecte ?,Ne pas l'ouvrir avant vérification,L'ouvrir immédiatement,La transférer à tous,Désactiver l'antivirus,0,10,facile
Q03057,Cybersécurité,Défi express : Quel mécanisme protège un mot de passe stocké côté serveur ?,Hashage adapté avec sel,Texte en clair,Capture d'écran,Base publique,0,10,facile
Q03058,Cybersécurité,Défi express : Pourquoi faire des sauvegardes ?,Restaurer les données après incident,Augmenter la vitesse CPU,Créer du CSS,Changer l'adresse IP,0,10,facile
Q03059,Cybersécurité,Défi express : Quel risque vient d'une injection SQL ?,Modifier ou lire des données via une requête malveillante,Surchauffer le CPU,Casser un écran,Perdre le Wi-Fi uniquement,0,10,facile
Q03060,Cybersécurité,Défi express : Quelle pratique réduit les injections SQL ?,Requêtes paramétrées,Concaténation aveugle,Désactivation des logs,Mots de passe courts,0,10,facile
Q03061,Cybersécurité,Défi express : Quel risque permet XSS ?,Injecter du script dans une page web,Surcharger la RAM physiquement,Changer un SSD,Créer un réseau,0,10,facile
Q03062,Cybersécurité,Défi express : Quel en-tête aide à contrôler certaines politiques de sécurité web ?,Content-Security-Policy,Content-Music,CPU-Speed,HTML-Fast,0,10,facile
Q03063,Cybersécurité,Défi express : Quel principe protège la confidentialité ?,Contrôle d'accès et chiffrement,Partager les mots de passe,Mettre les données en public,Désactiver HTTPS,0,10,facile
Q03064,Cybersécurité,Défi express : Quel outil est utilisé pour chiffrer une connexion distante ?,SSH,HTTP,FTP en clair,Telnet,0,10,facile
Q03065,Cybersécurité,Défi express : Quel est le danger du Wi-Fi public non sécurisé ?,Interception possible des communications,Le clavier devient plus rapide,La batterie double,Le disque devient SSD,0,10,facile
Q03066,Cybersécurité,Défi express : Pourquoi mettre à jour les logiciels ?,Corriger des vulnérabilités et bugs,Supprimer le réseau,Réduire la sécurité,Désactiver les comptes,0,10,facile
Q03067,Cybersécurité,Défi express : Quel type d'attaque essaie de deviner de nombreux mots de passe ?,Brute force,Waterfall,Rendering,Caching,0,10,facile
Q03068,Cybersécurité,Défi express : Quel mécanisme permet de détecter des comportements suspects ?,Journalisation et monitoring,CSS,JPEG,MP3,0,10,facile
Q03069,Cybersécurité,Défi express : Que signifie VPN ?,Virtual Private Network,Verified Public Node,Visual Program Network,Virtual Processing Number,0,10,facile
Q03070,Cybersécurité,Défi express : Quel est le rôle d'un certificat TLS ?,Aider à établir une connexion sécurisée et authentifier le serveur,Augmenter la RAM,Créer un compte,Compresser un PDF,0,10,facile
Q03071,Cybersécurité,Défi express : Pourquoi ne pas réutiliser le même mot de passe ?,Une compromission peut affecter plusieurs services,Cela ralentit le CPU,Cela empêche HTTPS,Cela bloque le clavier,0,10,facile
Q03072,Cybersécurité,Défi express : Quel concept décrit la disponibilité d'un service ?,Disponibilité,Encodage,Compilation,Routage,0,10,facile
Q03073,Cybersécurité,Testez vos connaissances : Quel est le but du phishing ?,Tromper l'utilisateur pour obtenir des informations,Accélérer le CPU,Compresser des fichiers,Améliorer le Wi-Fi,0,10,facile
Q03074,Cybersécurité,Testez vos connaissances : Quel mot de passe est généralement plus robuste ?,Une phrase longue et unique,123456,password,azerty,0,10,facile
Q03075,Cybersécurité,Testez vos connaissances : Quel mécanisme ajoute un second facteur d'authentification ?,MFA/2FA,FTP,HTML,CSS,0,10,facile
Q03076,Cybersécurité,Testez vos connaissances : Pourquoi utiliser HTTPS ?,Chiffrer la communication entre client et serveur,Augmenter la RAM,Compresser les images,Créer un compte Git,0,10,facile
Q03077,Cybersécurité,Testez vos connaissances : Que fait un pare-feu ?,Filtre certains flux réseau,Répare un écran,Augmente le stockage,Compile du code,0,10,facile
Q03078,Cybersécurité,Testez vos connaissances : Quel principe limite les privilèges au strict nécessaire ?,Moindre privilège,Open access,Full admin,No authentication,0,10,facile
Q03079,Cybersécurité,Testez vos connaissances : Que signifie ransomware ?,Logiciel malveillant qui bloque/chiffre des données contre rançon,Antivirus,Navigateur,Compilateur,0,10,facile
Q03080,Cybersécurité,Testez vos connaissances : Quel est un bon réflexe face à une pièce jointe suspecte ?,Ne pas l'ouvrir avant vérification,L'ouvrir immédiatement,La transférer à tous,Désactiver l'antivirus,0,10,facile
Q03081,Cybersécurité,Testez vos connaissances : Quel mécanisme protège un mot de passe stocké côté serveur ?,Hashage adapté avec sel,Texte en clair,Capture d'écran,Base publique,0,10,facile
Q03082,Cybersécurité,Testez vos connaissances : Pourquoi faire des sauvegardes ?,Restaurer les données après incident,Augmenter la vitesse CPU,Créer du CSS,Changer l'adresse IP,0,10,facile
Q03083,Cybersécurité,Testez vos connaissances : Quel risque vient d'une injection SQL ?,Modifier ou lire des données via une requête malveillante,Surchauffer le CPU,Casser un écran,Perdre le Wi-Fi uniquement,0,10,facile
Q03084,Cybersécurité,Testez vos connaissances : Quelle pratique réduit les injections SQL ?,Requêtes paramétrées,Concaténation aveugle,Désactivation des logs,Mots de passe courts,0,10,facile
Q03085,Cybersécurité,Testez vos connaissances : Quel risque permet XSS ?,Injecter du script dans une page web,Surcharger la RAM physiquement,Changer un SSD,Créer un réseau,0,10,facile
Q03086,Cybersécurité,Testez vos connaissances : Quel en-tête aide à contrôler certaines politiques de sécurité web ?,Content-Security-Policy,Content-Music,CPU-Speed,HTML-Fast,0,10,facile
Q03087,Cybersécurité,Testez vos connaissances : Quel principe protège la confidentialité ?,Contrôle d'accès et chiffrement,Partager les mots de passe,Mettre les données en public,Désactiver HTTPS,0,10,facile
Q03088,Cybersécurité,Testez vos connaissances : Quel outil est utilisé pour chiffrer une connexion distante ?,SSH,HTTP,FTP en clair,Telnet,0,10,facile
Q03089,Cybersécurité,Testez vos connaissances : Quel est le danger du Wi-Fi public non sécurisé ?,Interception possible des communications,Le clavier devient plus rapide,La batterie double,Le disque devient SSD,0,10,facile
Q03090,Cybersécurité,Testez vos connaissances : Pourquoi mettre à jour les logiciels ?,Corriger des vulnérabilités et bugs,Supprimer le réseau,Réduire la sécurité,Désactiver les comptes,0,10,facile
Q03091,Cybersécurité,Testez vos connaissances : Quel type d'attaque essaie de deviner de nombreux mots de passe ?,Brute force,Waterfall,Rendering,Caching,0,10,facile
Q03092,Cybersécurité,Testez vos connaissances : Quel mécanisme permet de détecter des comportements suspects ?,Journalisation et monitoring,CSS,JPEG,MP3,0,10,facile
Q03093,Cybersécurité,Testez vos connaissances : Que signifie VPN ?,Virtual Private Network,Verified Public Node,Visual Program Network,Virtual Processing Number,0,10,facile
Q03094,Cybersécurité,Testez vos connaissances : Quel est le rôle d'un certificat TLS ?,Aider à établir une connexion sécurisée et authentifier le serveur,Augmenter la RAM,Créer un compte,Compresser un PDF,0,10,facile
Q03095,Cybersécurité,Testez vos connaissances : Pourquoi ne pas réutiliser le même mot de passe ?,Une compromission peut affecter plusieurs services,Cela ralentit le CPU,Cela empêche HTTPS,Cela bloque le clavier,0,10,facile
Q03096,Cybersécurité,Testez vos connaissances : Quel concept décrit la disponibilité d'un service ?,Disponibilité,Encodage,Compilation,Routage,0,10,facile
Q03097,Cybersécurité,Le saviez-vous ? Quel est le but du phishing ?,Tromper l'utilisateur pour obtenir des informations,Accélérer le CPU,Compresser des fichiers,Améliorer le Wi-Fi,0,10,facile
Q03098,Cybersécurité,Le saviez-vous ? Quel mot de passe est généralement plus robuste ?,Une phrase longue et unique,123456,password,azerty,0,10,facile
Q03099,Cybersécurité,Le saviez-vous ? Quel mécanisme ajoute un second facteur d'authentification ?,MFA/2FA,FTP,HTML,CSS,0,10,facile
Q03100,Cybersécurité,Le saviez-vous ? Pourquoi utiliser HTTPS ?,Chiffrer la communication entre client et serveur,Augmenter la RAM,Compresser les images,Créer un compte Git,0,10,facile
Q03101,Cybersécurité,Le saviez-vous ? Que fait un pare-feu ?,Filtre certains flux réseau,Répare un écran,Augmente le stockage,Compile du code,0,10,facile
Q03102,Cybersécurité,Le saviez-vous ? Quel principe limite les privilèges au strict nécessaire ?,Moindre privilège,Open access,Full admin,No authentication,0,10,facile
Q03103,Cybersécurité,Le saviez-vous ? Que signifie ransomware ?,Logiciel malveillant qui bloque/chiffre des données contre rançon,Antivirus,Navigateur,Compilateur,0,10,facile
Q03104,Cybersécurité,Le saviez-vous ? Quel est un bon réflexe face à une pièce jointe suspecte ?,Ne pas l'ouvrir avant vérification,L'ouvrir immédiatement,La transférer à tous,Désactiver l'antivirus,0,10,facile
Q03105,Cybersécurité,Le saviez-vous ? Quel mécanisme protège un mot de passe stocké côté serveur ?,Hashage adapté avec sel,Texte en clair,Capture d'écran,Base publique,0,10,facile
Q03106,Cybersécurité,Le saviez-vous ? Pourquoi faire des sauvegardes ?,Restaurer les données après incident,Augmenter la vitesse CPU,Créer du CSS,Changer l'adresse IP,0,10,facile
Q03107,Cybersécurité,Le saviez-vous ? Quel risque vient d'une injection SQL ?,Modifier ou lire des données via une requête malveillante,Surchauffer le CPU,Casser un écran,Perdre le Wi-Fi uniquement,0,10,facile
Q03108,Cybersécurité,Le saviez-vous ? Quelle pratique réduit les injections SQL ?,Requêtes paramétrées,Concaténation aveugle,Désactivation des logs,Mots de passe courts,0,10,facile
Q03109,Cybersécurité,Le saviez-vous ? Quel risque permet XSS ?,Injecter du script dans une page web,Surcharger la RAM physiquement,Changer un SSD,Créer un réseau,0,10,facile
Q03110,Cybersécurité,Le saviez-vous ? Quel en-tête aide à contrôler certaines politiques de sécurité web ?,Content-Security-Policy,Content-Music,CPU-Speed,HTML-Fast,0,10,facile
Q03111,Cybersécurité,Le saviez-vous ? Quel principe protège la confidentialité ?,Contrôle d'accès et chiffrement,Partager les mots de passe,Mettre les données en public,Désactiver HTTPS,0,10,facile
Q03112,Cybersécurité,Le saviez-vous ? Quel outil est utilisé pour chiffrer une connexion distante ?,SSH,HTTP,FTP en clair,Telnet,0,10,facile
Q03113,Cybersécurité,Le saviez-vous ? Quel est le danger du Wi-Fi public non sécurisé ?,Interception possible des communications,Le clavier devient plus rapide,La batterie double,Le disque devient SSD,0,10,facile
Q03114,Cybersécurité,Le saviez-vous ? Pourquoi mettre à jour les logiciels ?,Corriger des vulnérabilités et bugs,Supprimer le réseau,Réduire la sécurité,Désactiver les comptes,0,10,facile
Q03115,Cybersécurité,Le saviez-vous ? Quel type d'attaque essaie de deviner de nombreux mots de passe ?,Brute force,Waterfall,Rendering,Caching,0,10,facile
Q03116,Cybersécurité,Le saviez-vous ? Quel mécanisme permet de détecter des comportements suspects ?,Journalisation et monitoring,CSS,JPEG,MP3,0,10,facile
Q03117,Cybersécurité,Le saviez-vous ? Que signifie VPN ?,Virtual Private Network,Verified Public Node,Visual Program Network,Virtual Processing Number,0,10,facile
Q03118,Cybersécurité,Le saviez-vous ? Quel est le rôle d'un certificat TLS ?,Aider à établir une connexion sécurisée et authentifier le serveur,Augmenter la RAM,Créer un compte,Compresser un PDF,0,10,facile
Q03119,Cybersécurité,Le saviez-vous ? Pourquoi ne pas réutiliser le même mot de passe ?,Une compromission peut affecter plusieurs services,Cela ralentit le CPU,Cela empêche HTTPS,Cela bloque le clavier,0,10,facile
Q03120,Cybersécurité,Le saviez-vous ? Quel concept décrit la disponibilité d'un service ?,Disponibilité,Encodage,Compilation,Routage,0,10,facile
Q03121,Cybersécurité,Quiz du jour : Quel est le but du phishing ?,Tromper l'utilisateur pour obtenir des informations,Accélérer le CPU,Compresser des fichiers,Améliorer le Wi-Fi,0,10,moyen
Q03122,Cybersécurité,Quiz du jour : Quel mot de passe est généralement plus robuste ?,Une phrase longue et unique,123456,password,azerty,0,10,moyen
Q03123,Cybersécurité,Quiz du jour : Quel mécanisme ajoute un second facteur d'authentification ?,MFA/2FA,FTP,HTML,CSS,0,10,moyen
Q03124,Cybersécurité,Quiz du jour : Pourquoi utiliser HTTPS ?,Chiffrer la communication entre client et serveur,Augmenter la RAM,Compresser les images,Créer un compte Git,0,10,moyen
Q03125,Cybersécurité,Quiz du jour : Que fait un pare-feu ?,Filtre certains flux réseau,Répare un écran,Augmente le stockage,Compile du code,0,10,moyen
Q03126,Cybersécurité,Quiz du jour : Quel principe limite les privilèges au strict nécessaire ?,Moindre privilège,Open access,Full admin,No authentication,0,10,moyen
Q03127,Cybersécurité,Quiz du jour : Que signifie ransomware ?,Logiciel malveillant qui bloque/chiffre des données contre rançon,Antivirus,Navigateur,Compilateur,0,10,moyen
Q03128,Cybersécurité,Quiz du jour : Quel est un bon réflexe face à une pièce jointe suspecte ?,Ne pas l'ouvrir avant vérification,L'ouvrir immédiatement,La transférer à tous,Désactiver l'antivirus,0,10,moyen
Q03129,Cybersécurité,Quiz du jour : Quel mécanisme protège un mot de passe stocké côté serveur ?,Hashage adapté avec sel,Texte en clair,Capture d'écran,Base publique,0,10,moyen
Q03130,Cybersécurité,Quiz du jour : Pourquoi faire des sauvegardes ?,Restaurer les données après incident,Augmenter la vitesse CPU,Créer du CSS,Changer l'adresse IP,0,10,moyen
Q03131,Cybersécurité,Quiz du jour : Quel risque vient d'une injection SQL ?,Modifier ou lire des données via une requête malveillante,Surchauffer le CPU,Casser un écran,Perdre le Wi-Fi uniquement,0,10,moyen
Q03132,Cybersécurité,Quiz du jour : Quelle pratique réduit les injections SQL ?,Requêtes paramétrées,Concaténation aveugle,Désactivation des logs,Mots de passe courts,0,10,moyen
Q03133,Cybersécurité,Quiz du jour : Quel risque permet XSS ?,Injecter du script dans une page web,Surcharger la RAM physiquement,Changer un SSD,Créer un réseau,0,10,moyen
Q03134,Cybersécurité,Quiz du jour : Quel en-tête aide à contrôler certaines politiques de sécurité web ?,Content-Security-Policy,Content-Music,CPU-Speed,HTML-Fast,0,10,moyen
Q03135,Cybersécurité,Quiz du jour : Quel principe protège la confidentialité ?,Contrôle d'accès et chiffrement,Partager les mots de passe,Mettre les données en public,Désactiver HTTPS,0,10,moyen
Q03136,Cybersécurité,Quiz du jour : Quel outil est utilisé pour chiffrer une connexion distante ?,SSH,HTTP,FTP en clair,Telnet,0,10,moyen
Q03137,Cybersécurité,Quiz du jour : Quel est le danger du Wi-Fi public non sécurisé ?,Interception possible des communications,Le clavier devient plus rapide,La batterie double,Le disque devient SSD,0,10,moyen
Q03138,Cybersécurité,Quiz du jour : Pourquoi mettre à jour les logiciels ?,Corriger des vulnérabilités et bugs,Supprimer le réseau,Réduire la sécurité,Désactiver les comptes,0,10,moyen
Q03139,Cybersécurité,Quiz du jour : Quel type d'attaque essaie de deviner de nombreux mots de passe ?,Brute force,Waterfall,Rendering,Caching,0,10,moyen
Q03140,Cybersécurité,Quiz du jour : Quel mécanisme permet de détecter des comportements suspects ?,Journalisation et monitoring,CSS,JPEG,MP3,0,10,moyen
Q03141,Cybersécurité,Quiz du jour : Que signifie VPN ?,Virtual Private Network,Verified Public Node,Visual Program Network,Virtual Processing Number,0,10,moyen
Q03142,Cybersécurité,Quiz du jour : Quel est le rôle d'un certificat TLS ?,Aider à établir une connexion sécurisée et authentifier le serveur,Augmenter la RAM,Créer un compte,Compresser un PDF,0,10,moyen
Q03143,Cybersécurité,Quiz du jour : Pourquoi ne pas réutiliser le même mot de passe ?,Une compromission peut affecter plusieurs services,Cela ralentit le CPU,Cela empêche HTTPS,Cela bloque le clavier,0,10,moyen
Q03144,Cybersécurité,Quiz du jour : Quel concept décrit la disponibilité d'un service ?,Disponibilité,Encodage,Compilation,Routage,0,10,moyen
Q03145,Cybersécurité,À vous de jouer : Quel est le but du phishing ?,Tromper l'utilisateur pour obtenir des informations,Accélérer le CPU,Compresser des fichiers,Améliorer le Wi-Fi,0,10,moyen
Q03146,Cybersécurité,À vous de jouer : Quel mot de passe est généralement plus robuste ?,Une phrase longue et unique,123456,password,azerty,0,10,moyen
Q03147,Cybersécurité,À vous de jouer : Quel mécanisme ajoute un second facteur d'authentification ?,MFA/2FA,FTP,HTML,CSS,0,10,moyen
Q03148,Cybersécurité,À vous de jouer : Pourquoi utiliser HTTPS ?,Chiffrer la communication entre client et serveur,Augmenter la RAM,Compresser les images,Créer un compte Git,0,10,moyen
Q03149,Cybersécurité,À vous de jouer : Que fait un pare-feu ?,Filtre certains flux réseau,Répare un écran,Augmente le stockage,Compile du code,0,10,moyen
Q03150,Cybersécurité,À vous de jouer : Quel principe limite les privilèges au strict nécessaire ?,Moindre privilège,Open access,Full admin,No authentication,0,10,moyen
Q03151,Cybersécurité,À vous de jouer : Que signifie ransomware ?,Logiciel malveillant qui bloque/chiffre des données contre rançon,Antivirus,Navigateur,Compilateur,0,10,moyen
Q03152,Cybersécurité,À vous de jouer : Quel est un bon réflexe face à une pièce jointe suspecte ?,Ne pas l'ouvrir avant vérification,L'ouvrir immédiatement,La transférer à tous,Désactiver l'antivirus,0,10,moyen
Q03153,Cybersécurité,À vous de jouer : Quel mécanisme protège un mot de passe stocké côté serveur ?,Hashage adapté avec sel,Texte en clair,Capture d'écran,Base publique,0,10,moyen
Q03154,Cybersécurité,À vous de jouer : Pourquoi faire des sauvegardes ?,Restaurer les données après incident,Augmenter la vitesse CPU,Créer du CSS,Changer l'adresse IP,0,10,moyen
Q03155,Cybersécurité,À vous de jouer : Quel risque vient d'une injection SQL ?,Modifier ou lire des données via une requête malveillante,Surchauffer le CPU,Casser un écran,Perdre le Wi-Fi uniquement,0,10,moyen
Q03156,Cybersécurité,À vous de jouer : Quelle pratique réduit les injections SQL ?,Requêtes paramétrées,Concaténation aveugle,Désactivation des logs,Mots de passe courts,0,10,moyen
Q03157,Cybersécurité,À vous de jouer : Quel risque permet XSS ?,Injecter du script dans une page web,Surcharger la RAM physiquement,Changer un SSD,Créer un réseau,0,10,moyen
Q03158,Cybersécurité,À vous de jouer : Quel en-tête aide à contrôler certaines politiques de sécurité web ?,Content-Security-Policy,Content-Music,CPU-Speed,HTML-Fast,0,10,moyen
Q03159,Cybersécurité,À vous de jouer : Quel principe protège la confidentialité ?,Contrôle d'accès et chiffrement,Partager les mots de passe,Mettre les données en public,Désactiver HTTPS,0,10,moyen
Q03160,Cybersécurité,À vous de jouer : Quel outil est utilisé pour chiffrer une connexion distante ?,SSH,HTTP,FTP en clair,Telnet,0,10,moyen
Q03161,Cybersécurité,À vous de jouer : Quel est le danger du Wi-Fi public non sécurisé ?,Interception possible des communications,Le clavier devient plus rapide,La batterie double,Le disque devient SSD,0,10,moyen
Q03162,Cybersécurité,À vous de jouer : Pourquoi mettre à jour les logiciels ?,Corriger des vulnérabilités et bugs,Supprimer le réseau,Réduire la sécurité,Désactiver les comptes,0,10,moyen
Q03163,Cybersécurité,À vous de jouer : Quel type d'attaque essaie de deviner de nombreux mots de passe ?,Brute force,Waterfall,Rendering,Caching,0,10,moyen
Q03164,Cybersécurité,À vous de jouer : Quel mécanisme permet de détecter des comportements suspects ?,Journalisation et monitoring,CSS,JPEG,MP3,0,10,moyen
Q03165,Cybersécurité,À vous de jouer : Que signifie VPN ?,Virtual Private Network,Verified Public Node,Visual Program Network,Virtual Processing Number,0,10,moyen
Q03166,Cybersécurité,À vous de jouer : Quel est le rôle d'un certificat TLS ?,Aider à établir une connexion sécurisée et authentifier le serveur,Augmenter la RAM,Créer un compte,Compresser un PDF,0,10,moyen
Q03167,Cybersécurité,À vous de jouer : Pourquoi ne pas réutiliser le même mot de passe ?,Une compromission peut affecter plusieurs services,Cela ralentit le CPU,Cela empêche HTTPS,Cela bloque le clavier,0,10,moyen
Q03168,Cybersécurité,À vous de jouer : Quel concept décrit la disponibilité d'un service ?,Disponibilité,Encodage,Compilation,Routage,0,10,moyen
Q03169,Cybersécurité,Challenge : Quel est le but du phishing ?,Tromper l'utilisateur pour obtenir des informations,Accélérer le CPU,Compresser des fichiers,Améliorer le Wi-Fi,0,10,moyen
Q03170,Cybersécurité,Challenge : Quel mot de passe est généralement plus robuste ?,Une phrase longue et unique,123456,password,azerty,0,10,moyen
Q03171,Cybersécurité,Challenge : Quel mécanisme ajoute un second facteur d'authentification ?,MFA/2FA,FTP,HTML,CSS,0,10,moyen
Q03172,Cybersécurité,Challenge : Pourquoi utiliser HTTPS ?,Chiffrer la communication entre client et serveur,Augmenter la RAM,Compresser les images,Créer un compte Git,0,10,moyen
Q03173,Cybersécurité,Challenge : Que fait un pare-feu ?,Filtre certains flux réseau,Répare un écran,Augmente le stockage,Compile du code,0,10,moyen
Q03174,Cybersécurité,Challenge : Quel principe limite les privilèges au strict nécessaire ?,Moindre privilège,Open access,Full admin,No authentication,0,10,moyen
Q03175,Cybersécurité,Challenge : Que signifie ransomware ?,Logiciel malveillant qui bloque/chiffre des données contre rançon,Antivirus,Navigateur,Compilateur,0,10,moyen
Q03176,Cybersécurité,Challenge : Quel est un bon réflexe face à une pièce jointe suspecte ?,Ne pas l'ouvrir avant vérification,L'ouvrir immédiatement,La transférer à tous,Désactiver l'antivirus,0,10,moyen
Q03177,Cybersécurité,Challenge : Quel mécanisme protège un mot de passe stocké côté serveur ?,Hashage adapté avec sel,Texte en clair,Capture d'écran,Base publique,0,10,moyen
Q03178,Cybersécurité,Challenge : Pourquoi faire des sauvegardes ?,Restaurer les données après incident,Augmenter la vitesse CPU,Créer du CSS,Changer l'adresse IP,0,10,moyen
Q03179,Cybersécurité,Challenge : Quel risque vient d'une injection SQL ?,Modifier ou lire des données via une requête malveillante,Surchauffer le CPU,Casser un écran,Perdre le Wi-Fi uniquement,0,10,moyen
Q03180,Cybersécurité,Challenge : Quelle pratique réduit les injections SQL ?,Requêtes paramétrées,Concaténation aveugle,Désactivation des logs,Mots de passe courts,0,10,moyen
Q03181,Cybersécurité,Challenge : Quel risque permet XSS ?,Injecter du script dans une page web,Surcharger la RAM physiquement,Changer un SSD,Créer un réseau,0,10,moyen
Q03182,Cybersécurité,Challenge : Quel en-tête aide à contrôler certaines politiques de sécurité web ?,Content-Security-Policy,Content-Music,CPU-Speed,HTML-Fast,0,10,moyen
Q03183,Cybersécurité,Challenge : Quel principe protège la confidentialité ?,Contrôle d'accès et chiffrement,Partager les mots de passe,Mettre les données en public,Désactiver HTTPS,0,10,moyen
Q03184,Cybersécurité,Challenge : Quel outil est utilisé pour chiffrer une connexion distante ?,SSH,HTTP,FTP en clair,Telnet,0,10,moyen
Q03185,Cybersécurité,Challenge : Quel est le danger du Wi-Fi public non sécurisé ?,Interception possible des communications,Le clavier devient plus rapide,La batterie double,Le disque devient SSD,0,10,moyen
Q03186,Cybersécurité,Challenge : Pourquoi mettre à jour les logiciels ?,Corriger des vulnérabilités et bugs,Supprimer le réseau,Réduire la sécurité,Désactiver les comptes,0,10,moyen
Q03187,Cybersécurité,Challenge : Quel type d'attaque essaie de deviner de nombreux mots de passe ?,Brute force,Waterfall,Rendering,Caching,0,10,moyen
Q03188,Cybersécurité,Challenge : Quel mécanisme permet de détecter des comportements suspects ?,Journalisation et monitoring,CSS,JPEG,MP3,0,10,moyen
Q03189,Cybersécurité,Challenge : Que signifie VPN ?,Virtual Private Network,Verified Public Node,Visual Program Network,Virtual Processing Number,0,10,moyen
Q03190,Cybersécurité,Challenge : Quel est le rôle d'un certificat TLS ?,Aider à établir une connexion sécurisée et authentifier le serveur,Augmenter la RAM,Créer un compte,Compresser un PDF,0,10,moyen
Q03191,Cybersécurité,Challenge : Pourquoi ne pas réutiliser le même mot de passe ?,Une compromission peut affecter plusieurs services,Cela ralentit le CPU,Cela empêche HTTPS,Cela bloque le clavier,0,10,moyen
Q03192,Cybersécurité,Challenge : Quel concept décrit la disponibilité d'un service ?,Disponibilité,Encodage,Compilation,Routage,0,10,moyen
Q03193,Cybersécurité,Question bonus : Quel est le but du phishing ?,Tromper l'utilisateur pour obtenir des informations,Accélérer le CPU,Compresser des fichiers,Améliorer le Wi-Fi,0,10,moyen
Q03194,Cybersécurité,Question bonus : Quel mot de passe est généralement plus robuste ?,Une phrase longue et unique,123456,password,azerty,0,10,moyen
Q03195,Cybersécurité,Question bonus : Quel mécanisme ajoute un second facteur d'authentification ?,MFA/2FA,FTP,HTML,CSS,0,10,moyen
Q03196,Cybersécurité,Question bonus : Pourquoi utiliser HTTPS ?,Chiffrer la communication entre client et serveur,Augmenter la RAM,Compresser les images,Créer un compte Git,0,10,moyen
Q03197,Cybersécurité,Question bonus : Que fait un pare-feu ?,Filtre certains flux réseau,Répare un écran,Augmente le stockage,Compile du code,0,10,moyen
Q03198,Cybersécurité,Question bonus : Quel principe limite les privilèges au strict nécessaire ?,Moindre privilège,Open access,Full admin,No authentication,0,10,moyen
Q03199,Cybersécurité,Question bonus : Que signifie ransomware ?,Logiciel malveillant qui bloque/chiffre des données contre rançon,Antivirus,Navigateur,Compilateur,0,10,moyen
Q03200,Cybersécurité,Question bonus : Quel est un bon réflexe face à une pièce jointe suspecte ?,Ne pas l'ouvrir avant vérification,L'ouvrir immédiatement,La transférer à tous,Désactiver l'antivirus,0,10,moyen
Q03201,Cybersécurité,Question bonus : Quel mécanisme protège un mot de passe stocké côté serveur ?,Hashage adapté avec sel,Texte en clair,Capture d'écran,Base publique,0,10,moyen
Q03202,Cybersécurité,Question bonus : Pourquoi faire des sauvegardes ?,Restaurer les données après incident,Augmenter la vitesse CPU,Créer du CSS,Changer l'adresse IP,0,10,moyen
Q03203,Cybersécurité,Question bonus : Quel risque vient d'une injection SQL ?,Modifier ou lire des données via une requête malveillante,Surchauffer le CPU,Casser un écran,Perdre le Wi-Fi uniquement,0,10,moyen
Q03204,Cybersécurité,Question bonus : Quelle pratique réduit les injections SQL ?,Requêtes paramétrées,Concaténation aveugle,Désactivation des logs,Mots de passe courts,0,10,moyen
Q03205,Cybersécurité,Question bonus : Quel risque permet XSS ?,Injecter du script dans une page web,Surcharger la RAM physiquement,Changer un SSD,Créer un réseau,0,10,moyen
Q03206,Cybersécurité,Question bonus : Quel en-tête aide à contrôler certaines politiques de sécurité web ?,Content-Security-Policy,Content-Music,CPU-Speed,HTML-Fast,0,10,moyen
Q03207,Cybersécurité,Question bonus : Quel principe protège la confidentialité ?,Contrôle d'accès et chiffrement,Partager les mots de passe,Mettre les données en public,Désactiver HTTPS,0,10,moyen
Q03208,Cybersécurité,Question bonus : Quel outil est utilisé pour chiffrer une connexion distante ?,SSH,HTTP,FTP en clair,Telnet,0,10,moyen
Q03209,Cybersécurité,Question bonus : Quel est le danger du Wi-Fi public non sécurisé ?,Interception possible des communications,Le clavier devient plus rapide,La batterie double,Le disque devient SSD,0,10,moyen
Q03210,Cybersécurité,Question bonus : Pourquoi mettre à jour les logiciels ?,Corriger des vulnérabilités et bugs,Supprimer le réseau,Réduire la sécurité,Désactiver les comptes,0,10,moyen
Q03211,Cybersécurité,Question bonus : Quel type d'attaque essaie de deviner de nombreux mots de passe ?,Brute force,Waterfall,Rendering,Caching,0,10,moyen
Q03212,Cybersécurité,Question bonus : Quel mécanisme permet de détecter des comportements suspects ?,Journalisation et monitoring,CSS,JPEG,MP3,0,10,moyen
Q03213,Cybersécurité,Question bonus : Que signifie VPN ?,Virtual Private Network,Verified Public Node,Visual Program Network,Virtual Processing Number,0,10,moyen
Q03214,Cybersécurité,Question bonus : Quel est le rôle d'un certificat TLS ?,Aider à établir une connexion sécurisée et authentifier le serveur,Augmenter la RAM,Créer un compte,Compresser un PDF,0,10,moyen
Q03215,Cybersécurité,Question bonus : Pourquoi ne pas réutiliser le même mot de passe ?,Une compromission peut affecter plusieurs services,Cela ralentit le CPU,Cela empêche HTTPS,Cela bloque le clavier,0,10,moyen
Q03216,Cybersécurité,Question bonus : Quel concept décrit la disponibilité d'un service ?,Disponibilité,Encodage,Compilation,Routage,0,10,moyen
Q03217,Cybersécurité,Question éclair : Quel est le but du phishing ?,Tromper l'utilisateur pour obtenir des informations,Accélérer le CPU,Compresser des fichiers,Améliorer le Wi-Fi,0,10,moyen
Q03218,Cybersécurité,Question éclair : Quel mot de passe est généralement plus robuste ?,Une phrase longue et unique,123456,password,azerty,0,10,moyen
Q03219,Cybersécurité,Question éclair : Quel mécanisme ajoute un second facteur d'authentification ?,MFA/2FA,FTP,HTML,CSS,0,10,moyen
Q03220,Cybersécurité,Question éclair : Pourquoi utiliser HTTPS ?,Chiffrer la communication entre client et serveur,Augmenter la RAM,Compresser les images,Créer un compte Git,0,10,moyen
Q03221,Cybersécurité,Question éclair : Que fait un pare-feu ?,Filtre certains flux réseau,Répare un écran,Augmente le stockage,Compile du code,0,10,moyen
Q03222,Cybersécurité,Question éclair : Quel principe limite les privilèges au strict nécessaire ?,Moindre privilège,Open access,Full admin,No authentication,0,10,moyen
Q03223,Cybersécurité,Question éclair : Que signifie ransomware ?,Logiciel malveillant qui bloque/chiffre des données contre rançon,Antivirus,Navigateur,Compilateur,0,10,moyen
Q03224,Cybersécurité,Question éclair : Quel est un bon réflexe face à une pièce jointe suspecte ?,Ne pas l'ouvrir avant vérification,L'ouvrir immédiatement,La transférer à tous,Désactiver l'antivirus,0,10,moyen
Q03225,Cybersécurité,Question éclair : Quel mécanisme protège un mot de passe stocké côté serveur ?,Hashage adapté avec sel,Texte en clair,Capture d'écran,Base publique,0,10,moyen
Q03226,Cybersécurité,Question éclair : Pourquoi faire des sauvegardes ?,Restaurer les données après incident,Augmenter la vitesse CPU,Créer du CSS,Changer l'adresse IP,0,10,moyen
Q03227,Cybersécurité,Question éclair : Quel risque vient d'une injection SQL ?,Modifier ou lire des données via une requête malveillante,Surchauffer le CPU,Casser un écran,Perdre le Wi-Fi uniquement,0,10,moyen
Q03228,Cybersécurité,Question éclair : Quelle pratique réduit les injections SQL ?,Requêtes paramétrées,Concaténation aveugle,Désactivation des logs,Mots de passe courts,0,10,moyen
Q03229,Cybersécurité,Question éclair : Quel risque permet XSS ?,Injecter du script dans une page web,Surcharger la RAM physiquement,Changer un SSD,Créer un réseau,0,10,moyen
Q03230,Cybersécurité,Question éclair : Quel en-tête aide à contrôler certaines politiques de sécurité web ?,Content-Security-Policy,Content-Music,CPU-Speed,HTML-Fast,0,10,moyen
Q03231,Cybersécurité,Question éclair : Quel principe protège la confidentialité ?,Contrôle d'accès et chiffrement,Partager les mots de passe,Mettre les données en public,Désactiver HTTPS,0,10,moyen
Q03232,Cybersécurité,Question éclair : Quel outil est utilisé pour chiffrer une connexion distante ?,SSH,HTTP,FTP en clair,Telnet,0,10,moyen
Q03233,Cybersécurité,Question éclair : Quel est le danger du Wi-Fi public non sécurisé ?,Interception possible des communications,Le clavier devient plus rapide,La batterie double,Le disque devient SSD,0,10,moyen
Q03234,Cybersécurité,Question éclair : Pourquoi mettre à jour les logiciels ?,Corriger des vulnérabilités et bugs,Supprimer le réseau,Réduire la sécurité,Désactiver les comptes,0,10,moyen
Q03235,Cybersécurité,Question éclair : Quel type d'attaque essaie de deviner de nombreux mots de passe ?,Brute force,Waterfall,Rendering,Caching,0,10,moyen
Q03236,Cybersécurité,Question éclair : Quel mécanisme permet de détecter des comportements suspects ?,Journalisation et monitoring,CSS,JPEG,MP3,0,10,moyen
Q03237,Cybersécurité,Question éclair : Que signifie VPN ?,Virtual Private Network,Verified Public Node,Visual Program Network,Virtual Processing Number,0,10,moyen
Q03238,Cybersécurité,Question éclair : Quel est le rôle d'un certificat TLS ?,Aider à établir une connexion sécurisée et authentifier le serveur,Augmenter la RAM,Créer un compte,Compresser un PDF,0,10,moyen
Q03239,Cybersécurité,Question éclair : Pourquoi ne pas réutiliser le même mot de passe ?,Une compromission peut affecter plusieurs services,Cela ralentit le CPU,Cela empêche HTTPS,Cela bloque le clavier,0,10,moyen
Q03240,Cybersécurité,Question éclair : Quel concept décrit la disponibilité d'un service ?,Disponibilité,Encodage,Compilation,Routage,0,10,moyen
Q03241,Cybersécurité,Pour gagner des points : Quel est le but du phishing ?,Tromper l'utilisateur pour obtenir des informations,Accélérer le CPU,Compresser des fichiers,Améliorer le Wi-Fi,0,10,moyen
Q03242,Cybersécurité,Pour gagner des points : Quel mot de passe est généralement plus robuste ?,Une phrase longue et unique,123456,password,azerty,0,10,moyen
Q03243,Cybersécurité,Pour gagner des points : Quel mécanisme ajoute un second facteur d'authentification ?,MFA/2FA,FTP,HTML,CSS,0,10,moyen
Q03244,Cybersécurité,Pour gagner des points : Pourquoi utiliser HTTPS ?,Chiffrer la communication entre client et serveur,Augmenter la RAM,Compresser les images,Créer un compte Git,0,10,moyen
Q03245,Cybersécurité,Pour gagner des points : Que fait un pare-feu ?,Filtre certains flux réseau,Répare un écran,Augmente le stockage,Compile du code,0,10,moyen
Q03246,Cybersécurité,Pour gagner des points : Quel principe limite les privilèges au strict nécessaire ?,Moindre privilège,Open access,Full admin,No authentication,0,10,moyen
Q03247,Cybersécurité,Pour gagner des points : Que signifie ransomware ?,Logiciel malveillant qui bloque/chiffre des données contre rançon,Antivirus,Navigateur,Compilateur,0,10,moyen
Q03248,Cybersécurité,Pour gagner des points : Quel est un bon réflexe face à une pièce jointe suspecte ?,Ne pas l'ouvrir avant vérification,L'ouvrir immédiatement,La transférer à tous,Désactiver l'antivirus,0,10,moyen
Q03249,Cybersécurité,Pour gagner des points : Quel mécanisme protège un mot de passe stocké côté serveur ?,Hashage adapté avec sel,Texte en clair,Capture d'écran,Base publique,0,10,moyen
Q03250,Cybersécurité,Pour gagner des points : Pourquoi faire des sauvegardes ?,Restaurer les données après incident,Augmenter la vitesse CPU,Créer du CSS,Changer l'adresse IP,0,10,moyen
Q03251,Cybersécurité,Pour gagner des points : Quel risque vient d'une injection SQL ?,Modifier ou lire des données via une requête malveillante,Surchauffer le CPU,Casser un écran,Perdre le Wi-Fi uniquement,0,10,moyen
Q03252,Cybersécurité,Pour gagner des points : Quelle pratique réduit les injections SQL ?,Requêtes paramétrées,Concaténation aveugle,Désactivation des logs,Mots de passe courts,0,10,moyen
Q03253,Cybersécurité,Pour gagner des points : Quel risque permet XSS ?,Injecter du script dans une page web,Surcharger la RAM physiquement,Changer un SSD,Créer un réseau,0,10,moyen
Q03254,Cybersécurité,Pour gagner des points : Quel en-tête aide à contrôler certaines politiques de sécurité web ?,Content-Security-Policy,Content-Music,CPU-Speed,HTML-Fast,0,10,moyen
Q03255,Cybersécurité,Pour gagner des points : Quel principe protège la confidentialité ?,Contrôle d'accès et chiffrement,Partager les mots de passe,Mettre les données en public,Désactiver HTTPS,0,10,moyen
Q03256,Cybersécurité,Pour gagner des points : Quel outil est utilisé pour chiffrer une connexion distante ?,SSH,HTTP,FTP en clair,Telnet,0,10,moyen
Q03257,Cybersécurité,Pour gagner des points : Quel est le danger du Wi-Fi public non sécurisé ?,Interception possible des communications,Le clavier devient plus rapide,La batterie double,Le disque devient SSD,0,10,moyen
Q03258,Cybersécurité,Pour gagner des points : Pourquoi mettre à jour les logiciels ?,Corriger des vulnérabilités et bugs,Supprimer le réseau,Réduire la sécurité,Désactiver les comptes,0,10,moyen
Q03259,Cybersécurité,Pour gagner des points : Quel type d'attaque essaie de deviner de nombreux mots de passe ?,Brute force,Waterfall,Rendering,Caching,0,10,moyen
Q03260,Cybersécurité,Pour gagner des points : Quel mécanisme permet de détecter des comportements suspects ?,Journalisation et monitoring,CSS,JPEG,MP3,0,10,moyen
Q03261,Cybersécurité,Pour gagner des points : Que signifie VPN ?,Virtual Private Network,Verified Public Node,Visual Program Network,Virtual Processing Number,0,10,moyen
Q03262,Cybersécurité,Pour gagner des points : Quel est le rôle d'un certificat TLS ?,Aider à établir une connexion sécurisée et authentifier le serveur,Augmenter la RAM,Créer un compte,Compresser un PDF,0,10,moyen
Q03263,Cybersécurité,Pour gagner des points : Pourquoi ne pas réutiliser le même mot de passe ?,Une compromission peut affecter plusieurs services,Cela ralentit le CPU,Cela empêche HTTPS,Cela bloque le clavier,0,10,moyen
Q03264,Cybersécurité,Pour gagner des points : Quel concept décrit la disponibilité d'un service ?,Disponibilité,Encodage,Compilation,Routage,0,10,moyen
Q03265,Cybersécurité,À l'exposition : Quel est le but du phishing ?,Tromper l'utilisateur pour obtenir des informations,Accélérer le CPU,Compresser des fichiers,Améliorer le Wi-Fi,0,10,moyen
Q03266,Cybersécurité,À l'exposition : Quel mot de passe est généralement plus robuste ?,Une phrase longue et unique,123456,password,azerty,0,10,moyen
Q03267,Cybersécurité,À l'exposition : Quel mécanisme ajoute un second facteur d'authentification ?,MFA/2FA,FTP,HTML,CSS,0,10,moyen
Q03268,Cybersécurité,À l'exposition : Pourquoi utiliser HTTPS ?,Chiffrer la communication entre client et serveur,Augmenter la RAM,Compresser les images,Créer un compte Git,0,10,moyen
Q03269,Cybersécurité,À l'exposition : Que fait un pare-feu ?,Filtre certains flux réseau,Répare un écran,Augmente le stockage,Compile du code,0,10,moyen
Q03270,Cybersécurité,À l'exposition : Quel principe limite les privilèges au strict nécessaire ?,Moindre privilège,Open access,Full admin,No authentication,0,10,moyen
Q03271,Cybersécurité,À l'exposition : Que signifie ransomware ?,Logiciel malveillant qui bloque/chiffre des données contre rançon,Antivirus,Navigateur,Compilateur,0,10,moyen
Q03272,Cybersécurité,À l'exposition : Quel est un bon réflexe face à une pièce jointe suspecte ?,Ne pas l'ouvrir avant vérification,L'ouvrir immédiatement,La transférer à tous,Désactiver l'antivirus,0,10,moyen
Q03273,Cybersécurité,À l'exposition : Quel mécanisme protège un mot de passe stocké côté serveur ?,Hashage adapté avec sel,Texte en clair,Capture d'écran,Base publique,0,10,moyen
Q03274,Cybersécurité,À l'exposition : Pourquoi faire des sauvegardes ?,Restaurer les données après incident,Augmenter la vitesse CPU,Créer du CSS,Changer l'adresse IP,0,10,moyen
Q03275,Cybersécurité,À l'exposition : Quel risque vient d'une injection SQL ?,Modifier ou lire des données via une requête malveillante,Surchauffer le CPU,Casser un écran,Perdre le Wi-Fi uniquement,0,10,moyen
Q03276,Cybersécurité,À l'exposition : Quelle pratique réduit les injections SQL ?,Requêtes paramétrées,Concaténation aveugle,Désactivation des logs,Mots de passe courts,0,10,moyen
Q03277,Cybersécurité,À l'exposition : Quel risque permet XSS ?,Injecter du script dans une page web,Surcharger la RAM physiquement,Changer un SSD,Créer un réseau,0,10,moyen
Q03278,Cybersécurité,À l'exposition : Quel en-tête aide à contrôler certaines politiques de sécurité web ?,Content-Security-Policy,Content-Music,CPU-Speed,HTML-Fast,0,10,moyen
Q03279,Cybersécurité,À l'exposition : Quel principe protège la confidentialité ?,Contrôle d'accès et chiffrement,Partager les mots de passe,Mettre les données en public,Désactiver HTTPS,0,10,moyen
Q03280,Cybersécurité,À l'exposition : Quel outil est utilisé pour chiffrer une connexion distante ?,SSH,HTTP,FTP en clair,Telnet,0,10,moyen
Q03281,Cybersécurité,À l'exposition : Quel est le danger du Wi-Fi public non sécurisé ?,Interception possible des communications,Le clavier devient plus rapide,La batterie double,Le disque devient SSD,0,10,moyen
Q03282,Cybersécurité,À l'exposition : Pourquoi mettre à jour les logiciels ?,Corriger des vulnérabilités et bugs,Supprimer le réseau,Réduire la sécurité,Désactiver les comptes,0,10,moyen
Q03283,Cybersécurité,À l'exposition : Quel type d'attaque essaie de deviner de nombreux mots de passe ?,Brute force,Waterfall,Rendering,Caching,0,10,moyen
Q03284,Cybersécurité,À l'exposition : Quel mécanisme permet de détecter des comportements suspects ?,Journalisation et monitoring,CSS,JPEG,MP3,0,10,moyen
Q03285,Cybersécurité,À l'exposition : Que signifie VPN ?,Virtual Private Network,Verified Public Node,Visual Program Network,Virtual Processing Number,0,10,moyen
Q03286,Cybersécurité,À l'exposition : Quel est le rôle d'un certificat TLS ?,Aider à établir une connexion sécurisée et authentifier le serveur,Augmenter la RAM,Créer un compte,Compresser un PDF,0,10,moyen
Q03287,Cybersécurité,À l'exposition : Pourquoi ne pas réutiliser le même mot de passe ?,Une compromission peut affecter plusieurs services,Cela ralentit le CPU,Cela empêche HTTPS,Cela bloque le clavier,0,10,moyen
Q03288,Cybersécurité,À l'exposition : Quel concept décrit la disponibilité d'un service ?,Disponibilité,Encodage,Compilation,Routage,0,10,moyen
Q03289,Cybersécurité,Défi numérique : Quel est le but du phishing ?,Tromper l'utilisateur pour obtenir des informations,Accélérer le CPU,Compresser des fichiers,Améliorer le Wi-Fi,0,10,moyen
Q03290,Cybersécurité,Défi numérique : Quel mot de passe est généralement plus robuste ?,Une phrase longue et unique,123456,password,azerty,0,10,moyen
Q03291,Cybersécurité,Défi numérique : Quel mécanisme ajoute un second facteur d'authentification ?,MFA/2FA,FTP,HTML,CSS,0,10,moyen
Q03292,Cybersécurité,Défi numérique : Pourquoi utiliser HTTPS ?,Chiffrer la communication entre client et serveur,Augmenter la RAM,Compresser les images,Créer un compte Git,0,10,moyen
Q03293,Cybersécurité,Défi numérique : Que fait un pare-feu ?,Filtre certains flux réseau,Répare un écran,Augmente le stockage,Compile du code,0,10,moyen
Q03294,Cybersécurité,Défi numérique : Quel principe limite les privilèges au strict nécessaire ?,Moindre privilège,Open access,Full admin,No authentication,0,10,moyen
Q03295,Cybersécurité,Défi numérique : Que signifie ransomware ?,Logiciel malveillant qui bloque/chiffre des données contre rançon,Antivirus,Navigateur,Compilateur,0,10,moyen
Q03296,Cybersécurité,Défi numérique : Quel est un bon réflexe face à une pièce jointe suspecte ?,Ne pas l'ouvrir avant vérification,L'ouvrir immédiatement,La transférer à tous,Désactiver l'antivirus,0,10,moyen
Q03297,Cybersécurité,Défi numérique : Quel mécanisme protège un mot de passe stocké côté serveur ?,Hashage adapté avec sel,Texte en clair,Capture d'écran,Base publique,0,10,moyen
Q03298,Cybersécurité,Défi numérique : Pourquoi faire des sauvegardes ?,Restaurer les données après incident,Augmenter la vitesse CPU,Créer du CSS,Changer l'adresse IP,0,10,moyen
Q03299,Cybersécurité,Défi numérique : Quel risque vient d'une injection SQL ?,Modifier ou lire des données via une requête malveillante,Surchauffer le CPU,Casser un écran,Perdre le Wi-Fi uniquement,0,10,moyen
Q03300,Cybersécurité,Défi numérique : Quelle pratique réduit les injections SQL ?,Requêtes paramétrées,Concaténation aveugle,Désactivation des logs,Mots de passe courts,0,10,moyen
Q03301,Cybersécurité,Défi numérique : Quel risque permet XSS ?,Injecter du script dans une page web,Surcharger la RAM physiquement,Changer un SSD,Créer un réseau,0,10,moyen
Q03302,Cybersécurité,Défi numérique : Quel en-tête aide à contrôler certaines politiques de sécurité web ?,Content-Security-Policy,Content-Music,CPU-Speed,HTML-Fast,0,10,moyen
Q03303,Cybersécurité,Défi numérique : Quel principe protège la confidentialité ?,Contrôle d'accès et chiffrement,Partager les mots de passe,Mettre les données en public,Désactiver HTTPS,0,10,moyen
Q03304,Cybersécurité,Défi numérique : Quel outil est utilisé pour chiffrer une connexion distante ?,SSH,HTTP,FTP en clair,Telnet,0,10,moyen
Q03305,Cybersécurité,Défi numérique : Quel est le danger du Wi-Fi public non sécurisé ?,Interception possible des communications,Le clavier devient plus rapide,La batterie double,Le disque devient SSD,0,10,moyen
Q03306,Cybersécurité,Défi numérique : Pourquoi mettre à jour les logiciels ?,Corriger des vulnérabilités et bugs,Supprimer le réseau,Réduire la sécurité,Désactiver les comptes,0,10,moyen
Q03307,Cybersécurité,Défi numérique : Quel type d'attaque essaie de deviner de nombreux mots de passe ?,Brute force,Waterfall,Rendering,Caching,0,10,moyen
Q03308,Cybersécurité,Défi numérique : Quel mécanisme permet de détecter des comportements suspects ?,Journalisation et monitoring,CSS,JPEG,MP3,0,10,moyen
Q03309,Cybersécurité,Défi numérique : Que signifie VPN ?,Virtual Private Network,Verified Public Node,Visual Program Network,Virtual Processing Number,0,10,moyen
Q03310,Cybersécurité,Défi numérique : Quel est le rôle d'un certificat TLS ?,Aider à établir une connexion sécurisée et authentifier le serveur,Augmenter la RAM,Créer un compte,Compresser un PDF,0,10,moyen
Q03311,Cybersécurité,Défi numérique : Pourquoi ne pas réutiliser le même mot de passe ?,Une compromission peut affecter plusieurs services,Cela ralentit le CPU,Cela empêche HTTPS,Cela bloque le clavier,0,10,moyen
Q03312,Cybersécurité,Défi numérique : Quel concept décrit la disponibilité d'un service ?,Disponibilité,Encodage,Compilation,Routage,0,10,moyen
Q03313,Cybersécurité,À votre avis : Quel est le but du phishing ?,Tromper l'utilisateur pour obtenir des informations,Accélérer le CPU,Compresser des fichiers,Améliorer le Wi-Fi,0,10,difficile
Q03314,Cybersécurité,À votre avis : Quel mot de passe est généralement plus robuste ?,Une phrase longue et unique,123456,password,azerty,0,10,difficile
Q03315,Cybersécurité,À votre avis : Quel mécanisme ajoute un second facteur d'authentification ?,MFA/2FA,FTP,HTML,CSS,0,10,difficile
Q03316,Cybersécurité,À votre avis : Pourquoi utiliser HTTPS ?,Chiffrer la communication entre client et serveur,Augmenter la RAM,Compresser les images,Créer un compte Git,0,10,difficile
Q03317,Cybersécurité,À votre avis : Que fait un pare-feu ?,Filtre certains flux réseau,Répare un écran,Augmente le stockage,Compile du code,0,10,difficile
Q03318,Cybersécurité,À votre avis : Quel principe limite les privilèges au strict nécessaire ?,Moindre privilège,Open access,Full admin,No authentication,0,10,difficile
Q03319,Cybersécurité,À votre avis : Que signifie ransomware ?,Logiciel malveillant qui bloque/chiffre des données contre rançon,Antivirus,Navigateur,Compilateur,0,10,difficile
Q03320,Cybersécurité,À votre avis : Quel est un bon réflexe face à une pièce jointe suspecte ?,Ne pas l'ouvrir avant vérification,L'ouvrir immédiatement,La transférer à tous,Désactiver l'antivirus,0,10,difficile
Q03321,Cybersécurité,À votre avis : Quel mécanisme protège un mot de passe stocké côté serveur ?,Hashage adapté avec sel,Texte en clair,Capture d'écran,Base publique,0,10,difficile
Q03322,Cybersécurité,À votre avis : Pourquoi faire des sauvegardes ?,Restaurer les données après incident,Augmenter la vitesse CPU,Créer du CSS,Changer l'adresse IP,0,10,difficile
Q03323,Cybersécurité,À votre avis : Quel risque vient d'une injection SQL ?,Modifier ou lire des données via une requête malveillante,Surchauffer le CPU,Casser un écran,Perdre le Wi-Fi uniquement,0,10,difficile
Q03324,Cybersécurité,À votre avis : Quelle pratique réduit les injections SQL ?,Requêtes paramétrées,Concaténation aveugle,Désactivation des logs,Mots de passe courts,0,10,difficile
Q03325,Cybersécurité,À votre avis : Quel risque permet XSS ?,Injecter du script dans une page web,Surcharger la RAM physiquement,Changer un SSD,Créer un réseau,0,10,difficile
Q03326,Cybersécurité,À votre avis : Quel en-tête aide à contrôler certaines politiques de sécurité web ?,Content-Security-Policy,Content-Music,CPU-Speed,HTML-Fast,0,10,difficile
Q03327,Cybersécurité,À votre avis : Quel principe protège la confidentialité ?,Contrôle d'accès et chiffrement,Partager les mots de passe,Mettre les données en public,Désactiver HTTPS,0,10,difficile
Q03328,Cybersécurité,À votre avis : Quel outil est utilisé pour chiffrer une connexion distante ?,SSH,HTTP,FTP en clair,Telnet,0,10,difficile
Q03329,Cybersécurité,À votre avis : Quel est le danger du Wi-Fi public non sécurisé ?,Interception possible des communications,Le clavier devient plus rapide,La batterie double,Le disque devient SSD,0,10,difficile
Q03330,Cybersécurité,À votre avis : Pourquoi mettre à jour les logiciels ?,Corriger des vulnérabilités et bugs,Supprimer le réseau,Réduire la sécurité,Désactiver les comptes,0,10,difficile
Q03331,Cybersécurité,À votre avis : Quel type d'attaque essaie de deviner de nombreux mots de passe ?,Brute force,Waterfall,Rendering,Caching,0,10,difficile
Q03332,Cybersécurité,À votre avis : Quel mécanisme permet de détecter des comportements suspects ?,Journalisation et monitoring,CSS,JPEG,MP3,0,10,difficile
Q03333,Cybersécurité,À votre avis : Que signifie VPN ?,Virtual Private Network,Verified Public Node,Visual Program Network,Virtual Processing Number,0,10,difficile
Q03334,Cybersécurité,À votre avis : Quel est le rôle d'un certificat TLS ?,Aider à établir une connexion sécurisée et authentifier le serveur,Augmenter la RAM,Créer un compte,Compresser un PDF,0,10,difficile
Q03335,Cybersécurité,À votre avis : Pourquoi ne pas réutiliser le même mot de passe ?,Une compromission peut affecter plusieurs services,Cela ralentit le CPU,Cela empêche HTTPS,Cela bloque le clavier,0,10,difficile
Q03336,Cybersécurité,À votre avis : Quel concept décrit la disponibilité d'un service ?,Disponibilité,Encodage,Compilation,Routage,0,10,difficile
Q03337,Cybersécurité,Niveau quiz : Quel est le but du phishing ?,Tromper l'utilisateur pour obtenir des informations,Accélérer le CPU,Compresser des fichiers,Améliorer le Wi-Fi,0,10,difficile
Q03338,Cybersécurité,Niveau quiz : Quel mot de passe est généralement plus robuste ?,Une phrase longue et unique,123456,password,azerty,0,10,difficile
Q03339,Cybersécurité,Niveau quiz : Quel mécanisme ajoute un second facteur d'authentification ?,MFA/2FA,FTP,HTML,CSS,0,10,difficile
Q03340,Cybersécurité,Niveau quiz : Pourquoi utiliser HTTPS ?,Chiffrer la communication entre client et serveur,Augmenter la RAM,Compresser les images,Créer un compte Git,0,10,difficile
Q03341,Cybersécurité,Niveau quiz : Que fait un pare-feu ?,Filtre certains flux réseau,Répare un écran,Augmente le stockage,Compile du code,0,10,difficile
Q03342,Cybersécurité,Niveau quiz : Quel principe limite les privilèges au strict nécessaire ?,Moindre privilège,Open access,Full admin,No authentication,0,10,difficile
Q03343,Cybersécurité,Niveau quiz : Que signifie ransomware ?,Logiciel malveillant qui bloque/chiffre des données contre rançon,Antivirus,Navigateur,Compilateur,0,10,difficile
Q03344,Cybersécurité,Niveau quiz : Quel est un bon réflexe face à une pièce jointe suspecte ?,Ne pas l'ouvrir avant vérification,L'ouvrir immédiatement,La transférer à tous,Désactiver l'antivirus,0,10,difficile
Q03345,Cybersécurité,Niveau quiz : Quel mécanisme protège un mot de passe stocké côté serveur ?,Hashage adapté avec sel,Texte en clair,Capture d'écran,Base publique,0,10,difficile
Q03346,Cybersécurité,Niveau quiz : Pourquoi faire des sauvegardes ?,Restaurer les données après incident,Augmenter la vitesse CPU,Créer du CSS,Changer l'adresse IP,0,10,difficile
Q03347,Cybersécurité,Niveau quiz : Quel risque vient d'une injection SQL ?,Modifier ou lire des données via une requête malveillante,Surchauffer le CPU,Casser un écran,Perdre le Wi-Fi uniquement,0,10,difficile
Q03348,Cybersécurité,Niveau quiz : Quelle pratique réduit les injections SQL ?,Requêtes paramétrées,Concaténation aveugle,Désactivation des logs,Mots de passe courts,0,10,difficile
Q03349,Cybersécurité,Niveau quiz : Quel risque permet XSS ?,Injecter du script dans une page web,Surcharger la RAM physiquement,Changer un SSD,Créer un réseau,0,10,difficile
Q03350,Cybersécurité,Niveau quiz : Quel en-tête aide à contrôler certaines politiques de sécurité web ?,Content-Security-Policy,Content-Music,CPU-Speed,HTML-Fast,0,10,difficile
Q03351,Cybersécurité,Niveau quiz : Quel principe protège la confidentialité ?,Contrôle d'accès et chiffrement,Partager les mots de passe,Mettre les données en public,Désactiver HTTPS,0,10,difficile
Q03352,Cybersécurité,Niveau quiz : Quel outil est utilisé pour chiffrer une connexion distante ?,SSH,HTTP,FTP en clair,Telnet,0,10,difficile
Q03353,Cybersécurité,Niveau quiz : Quel est le danger du Wi-Fi public non sécurisé ?,Interception possible des communications,Le clavier devient plus rapide,La batterie double,Le disque devient SSD,0,10,difficile
Q03354,Cybersécurité,Niveau quiz : Pourquoi mettre à jour les logiciels ?,Corriger des vulnérabilités et bugs,Supprimer le réseau,Réduire la sécurité,Désactiver les comptes,0,10,difficile
Q03355,Cybersécurité,Niveau quiz : Quel type d'attaque essaie de deviner de nombreux mots de passe ?,Brute force,Waterfall,Rendering,Caching,0,10,difficile
Q03356,Cybersécurité,Niveau quiz : Quel mécanisme permet de détecter des comportements suspects ?,Journalisation et monitoring,CSS,JPEG,MP3,0,10,difficile
Q03357,Cybersécurité,Niveau quiz : Que signifie VPN ?,Virtual Private Network,Verified Public Node,Visual Program Network,Virtual Processing Number,0,10,difficile
Q03358,Cybersécurité,Niveau quiz : Quel est le rôle d'un certificat TLS ?,Aider à établir une connexion sécurisée et authentifier le serveur,Augmenter la RAM,Créer un compte,Compresser un PDF,0,10,difficile
Q03359,Cybersécurité,Niveau quiz : Pourquoi ne pas réutiliser le même mot de passe ?,Une compromission peut affecter plusieurs services,Cela ralentit le CPU,Cela empêche HTTPS,Cela bloque le clavier,0,10,difficile
Q03360,Cybersécurité,Niveau quiz : Quel concept décrit la disponibilité d'un service ?,Disponibilité,Encodage,Compilation,Routage,0,10,difficile
Q03361,Cybersécurité,Question suivante : Quel est le but du phishing ?,Tromper l'utilisateur pour obtenir des informations,Accélérer le CPU,Compresser des fichiers,Améliorer le Wi-Fi,0,10,difficile
Q03362,Cybersécurité,Question suivante : Quel mot de passe est généralement plus robuste ?,Une phrase longue et unique,123456,password,azerty,0,10,difficile
Q03363,Cybersécurité,Question suivante : Quel mécanisme ajoute un second facteur d'authentification ?,MFA/2FA,FTP,HTML,CSS,0,10,difficile
Q03364,Cybersécurité,Question suivante : Pourquoi utiliser HTTPS ?,Chiffrer la communication entre client et serveur,Augmenter la RAM,Compresser les images,Créer un compte Git,0,10,difficile
Q03365,Cybersécurité,Question suivante : Que fait un pare-feu ?,Filtre certains flux réseau,Répare un écran,Augmente le stockage,Compile du code,0,10,difficile
Q03366,Cybersécurité,Question suivante : Quel principe limite les privilèges au strict nécessaire ?,Moindre privilège,Open access,Full admin,No authentication,0,10,difficile
Q03367,Cybersécurité,Question suivante : Que signifie ransomware ?,Logiciel malveillant qui bloque/chiffre des données contre rançon,Antivirus,Navigateur,Compilateur,0,10,difficile
Q03368,Cybersécurité,Question suivante : Quel est un bon réflexe face à une pièce jointe suspecte ?,Ne pas l'ouvrir avant vérification,L'ouvrir immédiatement,La transférer à tous,Désactiver l'antivirus,0,10,difficile
Q03369,Cybersécurité,Question suivante : Quel mécanisme protège un mot de passe stocké côté serveur ?,Hashage adapté avec sel,Texte en clair,Capture d'écran,Base publique,0,10,difficile
Q03370,Cybersécurité,Question suivante : Pourquoi faire des sauvegardes ?,Restaurer les données après incident,Augmenter la vitesse CPU,Créer du CSS,Changer l'adresse IP,0,10,difficile
Q03371,Cybersécurité,Question suivante : Quel risque vient d'une injection SQL ?,Modifier ou lire des données via une requête malveillante,Surchauffer le CPU,Casser un écran,Perdre le Wi-Fi uniquement,0,10,difficile
Q03372,Cybersécurité,Question suivante : Quelle pratique réduit les injections SQL ?,Requêtes paramétrées,Concaténation aveugle,Désactivation des logs,Mots de passe courts,0,10,difficile
Q03373,Cybersécurité,Question suivante : Quel risque permet XSS ?,Injecter du script dans une page web,Surcharger la RAM physiquement,Changer un SSD,Créer un réseau,0,10,difficile
Q03374,Cybersécurité,Question suivante : Quel en-tête aide à contrôler certaines politiques de sécurité web ?,Content-Security-Policy,Content-Music,CPU-Speed,HTML-Fast,0,10,difficile
Q03375,Cybersécurité,Question suivante : Quel principe protège la confidentialité ?,Contrôle d'accès et chiffrement,Partager les mots de passe,Mettre les données en public,Désactiver HTTPS,0,10,difficile
Q03376,Cybersécurité,Question suivante : Quel outil est utilisé pour chiffrer une connexion distante ?,SSH,HTTP,FTP en clair,Telnet,0,10,difficile
Q03377,Cybersécurité,Question suivante : Quel est le danger du Wi-Fi public non sécurisé ?,Interception possible des communications,Le clavier devient plus rapide,La batterie double,Le disque devient SSD,0,10,difficile
Q03378,Cybersécurité,Question suivante : Pourquoi mettre à jour les logiciels ?,Corriger des vulnérabilités et bugs,Supprimer le réseau,Réduire la sécurité,Désactiver les comptes,0,10,difficile
Q03379,Cybersécurité,Question suivante : Quel type d'attaque essaie de deviner de nombreux mots de passe ?,Brute force,Waterfall,Rendering,Caching,0,10,difficile
Q03380,Cybersécurité,Question suivante : Quel mécanisme permet de détecter des comportements suspects ?,Journalisation et monitoring,CSS,JPEG,MP3,0,10,difficile
Q03381,Cybersécurité,Question suivante : Que signifie VPN ?,Virtual Private Network,Verified Public Node,Visual Program Network,Virtual Processing Number,0,10,difficile
Q03382,Cybersécurité,Question suivante : Quel est le rôle d'un certificat TLS ?,Aider à établir une connexion sécurisée et authentifier le serveur,Augmenter la RAM,Créer un compte,Compresser un PDF,0,10,difficile
Q03383,Cybersécurité,Question suivante : Pourquoi ne pas réutiliser le même mot de passe ?,Une compromission peut affecter plusieurs services,Cela ralentit le CPU,Cela empêche HTTPS,Cela bloque le clavier,0,10,difficile
Q03384,Cybersécurité,Question suivante : Quel concept décrit la disponibilité d'un service ?,Disponibilité,Encodage,Compilation,Routage,0,10,difficile
Q03385,Cybersécurité,Challenge visiteurs : Quel est le but du phishing ?,Tromper l'utilisateur pour obtenir des informations,Accélérer le CPU,Compresser des fichiers,Améliorer le Wi-Fi,0,10,difficile
Q03386,Cybersécurité,Challenge visiteurs : Quel mot de passe est généralement plus robuste ?,Une phrase longue et unique,123456,password,azerty,0,10,difficile
Q03387,Cybersécurité,Challenge visiteurs : Quel mécanisme ajoute un second facteur d'authentification ?,MFA/2FA,FTP,HTML,CSS,0,10,difficile
Q03388,Cybersécurité,Challenge visiteurs : Pourquoi utiliser HTTPS ?,Chiffrer la communication entre client et serveur,Augmenter la RAM,Compresser les images,Créer un compte Git,0,10,difficile
Q03389,Cybersécurité,Challenge visiteurs : Que fait un pare-feu ?,Filtre certains flux réseau,Répare un écran,Augmente le stockage,Compile du code,0,10,difficile
Q03390,Cybersécurité,Challenge visiteurs : Quel principe limite les privilèges au strict nécessaire ?,Moindre privilège,Open access,Full admin,No authentication,0,10,difficile
Q03391,Cybersécurité,Challenge visiteurs : Que signifie ransomware ?,Logiciel malveillant qui bloque/chiffre des données contre rançon,Antivirus,Navigateur,Compilateur,0,10,difficile
Q03392,Cybersécurité,Challenge visiteurs : Quel est un bon réflexe face à une pièce jointe suspecte ?,Ne pas l'ouvrir avant vérification,L'ouvrir immédiatement,La transférer à tous,Désactiver l'antivirus,0,10,difficile
Q03393,Cybersécurité,Challenge visiteurs : Quel mécanisme protège un mot de passe stocké côté serveur ?,Hashage adapté avec sel,Texte en clair,Capture d'écran,Base publique,0,10,difficile
Q03394,Cybersécurité,Challenge visiteurs : Pourquoi faire des sauvegardes ?,Restaurer les données après incident,Augmenter la vitesse CPU,Créer du CSS,Changer l'adresse IP,0,10,difficile
Q03395,Cybersécurité,Challenge visiteurs : Quel risque vient d'une injection SQL ?,Modifier ou lire des données via une requête malveillante,Surchauffer le CPU,Casser un écran,Perdre le Wi-Fi uniquement,0,10,difficile
Q03396,Cybersécurité,Challenge visiteurs : Quelle pratique réduit les injections SQL ?,Requêtes paramétrées,Concaténation aveugle,Désactivation des logs,Mots de passe courts,0,10,difficile
Q03397,Cybersécurité,Challenge visiteurs : Quel risque permet XSS ?,Injecter du script dans une page web,Surcharger la RAM physiquement,Changer un SSD,Créer un réseau,0,10,difficile
Q03398,Cybersécurité,Challenge visiteurs : Quel en-tête aide à contrôler certaines politiques de sécurité web ?,Content-Security-Policy,Content-Music,CPU-Speed,HTML-Fast,0,10,difficile
Q03399,Cybersécurité,Challenge visiteurs : Quel principe protège la confidentialité ?,Contrôle d'accès et chiffrement,Partager les mots de passe,Mettre les données en public,Désactiver HTTPS,0,10,difficile
Q03400,Cybersécurité,Challenge visiteurs : Quel outil est utilisé pour chiffrer une connexion distante ?,SSH,HTTP,FTP en clair,Telnet,0,10,difficile
Q03401,Cybersécurité,Challenge visiteurs : Quel est le danger du Wi-Fi public non sécurisé ?,Interception possible des communications,Le clavier devient plus rapide,La batterie double,Le disque devient SSD,0,10,difficile
Q03402,Cybersécurité,Challenge visiteurs : Pourquoi mettre à jour les logiciels ?,Corriger des vulnérabilités et bugs,Supprimer le réseau,Réduire la sécurité,Désactiver les comptes,0,10,difficile
Q03403,Cybersécurité,Challenge visiteurs : Quel type d'attaque essaie de deviner de nombreux mots de passe ?,Brute force,Waterfall,Rendering,Caching,0,10,difficile
Q03404,Cybersécurité,Challenge visiteurs : Quel mécanisme permet de détecter des comportements suspects ?,Journalisation et monitoring,CSS,JPEG,MP3,0,10,difficile
Q03405,Cybersécurité,Challenge visiteurs : Que signifie VPN ?,Virtual Private Network,Verified Public Node,Visual Program Network,Virtual Processing Number,0,10,difficile
Q03406,Cybersécurité,Challenge visiteurs : Quel est le rôle d'un certificat TLS ?,Aider à établir une connexion sécurisée et authentifier le serveur,Augmenter la RAM,Créer un compte,Compresser un PDF,0,10,difficile
Q03407,Cybersécurité,Challenge visiteurs : Pourquoi ne pas réutiliser le même mot de passe ?,Une compromission peut affecter plusieurs services,Cela ralentit le CPU,Cela empêche HTTPS,Cela bloque le clavier,0,10,difficile
Q03408,Cybersécurité,Challenge visiteurs : Quel concept décrit la disponibilité d'un service ?,Disponibilité,Encodage,Compilation,Routage,0,10,difficile
Q03409,Cybersécurité,Mode compétition : Quel est le but du phishing ?,Tromper l'utilisateur pour obtenir des informations,Accélérer le CPU,Compresser des fichiers,Améliorer le Wi-Fi,0,10,difficile
Q03410,Cybersécurité,Mode compétition : Quel mot de passe est généralement plus robuste ?,Une phrase longue et unique,123456,password,azerty,0,10,difficile
Q03411,Cybersécurité,Mode compétition : Quel mécanisme ajoute un second facteur d'authentification ?,MFA/2FA,FTP,HTML,CSS,0,10,difficile
Q03412,Cybersécurité,Mode compétition : Pourquoi utiliser HTTPS ?,Chiffrer la communication entre client et serveur,Augmenter la RAM,Compresser les images,Créer un compte Git,0,10,difficile
Q03413,Cybersécurité,Mode compétition : Que fait un pare-feu ?,Filtre certains flux réseau,Répare un écran,Augmente le stockage,Compile du code,0,10,difficile
Q03414,Cybersécurité,Mode compétition : Quel principe limite les privilèges au strict nécessaire ?,Moindre privilège,Open access,Full admin,No authentication,0,10,difficile
Q03415,Cybersécurité,Mode compétition : Que signifie ransomware ?,Logiciel malveillant qui bloque/chiffre des données contre rançon,Antivirus,Navigateur,Compilateur,0,10,difficile
Q03416,Cybersécurité,Mode compétition : Quel est un bon réflexe face à une pièce jointe suspecte ?,Ne pas l'ouvrir avant vérification,L'ouvrir immédiatement,La transférer à tous,Désactiver l'antivirus,0,10,difficile
Q03417,Cybersécurité,Mode compétition : Quel mécanisme protège un mot de passe stocké côté serveur ?,Hashage adapté avec sel,Texte en clair,Capture d'écran,Base publique,0,10,difficile
Q03418,Cybersécurité,Mode compétition : Pourquoi faire des sauvegardes ?,Restaurer les données après incident,Augmenter la vitesse CPU,Créer du CSS,Changer l'adresse IP,0,10,difficile
Q03419,Cybersécurité,Mode compétition : Quel risque vient d'une injection SQL ?,Modifier ou lire des données via une requête malveillante,Surchauffer le CPU,Casser un écran,Perdre le Wi-Fi uniquement,0,10,difficile
Q03420,Cybersécurité,Mode compétition : Quelle pratique réduit les injections SQL ?,Requêtes paramétrées,Concaténation aveugle,Désactivation des logs,Mots de passe courts,0,10,difficile
Q03421,Cybersécurité,Mode compétition : Quel risque permet XSS ?,Injecter du script dans une page web,Surcharger la RAM physiquement,Changer un SSD,Créer un réseau,0,10,difficile
Q03422,Cybersécurité,Mode compétition : Quel en-tête aide à contrôler certaines politiques de sécurité web ?,Content-Security-Policy,Content-Music,CPU-Speed,HTML-Fast,0,10,difficile
Q03423,Cybersécurité,Mode compétition : Quel principe protège la confidentialité ?,Contrôle d'accès et chiffrement,Partager les mots de passe,Mettre les données en public,Désactiver HTTPS,0,10,difficile
Q03424,Cybersécurité,Mode compétition : Quel outil est utilisé pour chiffrer une connexion distante ?,SSH,HTTP,FTP en clair,Telnet,0,10,difficile
Q03425,Cybersécurité,Mode compétition : Quel est le danger du Wi-Fi public non sécurisé ?,Interception possible des communications,Le clavier devient plus rapide,La batterie double,Le disque devient SSD,0,10,difficile
Q03426,Cybersécurité,Mode compétition : Pourquoi mettre à jour les logiciels ?,Corriger des vulnérabilités et bugs,Supprimer le réseau,Réduire la sécurité,Désactiver les comptes,0,10,difficile
Q03427,Cybersécurité,Mode compétition : Quel type d'attaque essaie de deviner de nombreux mots de passe ?,Brute force,Waterfall,Rendering,Caching,0,10,difficile
Q03428,Cybersécurité,Mode compétition : Quel mécanisme permet de détecter des comportements suspects ?,Journalisation et monitoring,CSS,JPEG,MP3,0,10,difficile
Q03429,Cybersécurité,Mode compétition : Que signifie VPN ?,Virtual Private Network,Verified Public Node,Visual Program Network,Virtual Processing Number,0,10,difficile
Q03430,Cybersécurité,Mode compétition : Quel est le rôle d'un certificat TLS ?,Aider à établir une connexion sécurisée et authentifier le serveur,Augmenter la RAM,Créer un compte,Compresser un PDF,0,10,difficile
Q03431,Cybersécurité,Mode compétition : Pourquoi ne pas réutiliser le même mot de passe ?,Une compromission peut affecter plusieurs services,Cela ralentit le CPU,Cela empêche HTTPS,Cela bloque le clavier,0,10,difficile
Q03432,Cybersécurité,Mode compétition : Quel concept décrit la disponibilité d'un service ?,Disponibilité,Encodage,Compilation,Routage,0,10,difficile
Q03433,Cybersécurité,Question expert : Quel est le but du phishing ?,Tromper l'utilisateur pour obtenir des informations,Accélérer le CPU,Compresser des fichiers,Améliorer le Wi-Fi,0,10,difficile
Q03434,Cybersécurité,Question expert : Quel mot de passe est généralement plus robuste ?,Une phrase longue et unique,123456,password,azerty,0,10,difficile
Q03435,Cybersécurité,Question expert : Quel mécanisme ajoute un second facteur d'authentification ?,MFA/2FA,FTP,HTML,CSS,0,10,difficile
Q03436,Cybersécurité,Question expert : Pourquoi utiliser HTTPS ?,Chiffrer la communication entre client et serveur,Augmenter la RAM,Compresser les images,Créer un compte Git,0,10,difficile
Q03437,Cybersécurité,Question expert : Que fait un pare-feu ?,Filtre certains flux réseau,Répare un écran,Augmente le stockage,Compile du code,0,10,difficile
Q03438,Cybersécurité,Question expert : Quel principe limite les privilèges au strict nécessaire ?,Moindre privilège,Open access,Full admin,No authentication,0,10,difficile
Q03439,Cybersécurité,Question expert : Que signifie ransomware ?,Logiciel malveillant qui bloque/chiffre des données contre rançon,Antivirus,Navigateur,Compilateur,0,10,difficile
Q03440,Cybersécurité,Question expert : Quel est un bon réflexe face à une pièce jointe suspecte ?,Ne pas l'ouvrir avant vérification,L'ouvrir immédiatement,La transférer à tous,Désactiver l'antivirus,0,10,difficile
Q03441,Cybersécurité,Question expert : Quel mécanisme protège un mot de passe stocké côté serveur ?,Hashage adapté avec sel,Texte en clair,Capture d'écran,Base publique,0,10,difficile
Q03442,Cybersécurité,Question expert : Pourquoi faire des sauvegardes ?,Restaurer les données après incident,Augmenter la vitesse CPU,Créer du CSS,Changer l'adresse IP,0,10,difficile
Q03443,Cybersécurité,Question expert : Quel risque vient d'une injection SQL ?,Modifier ou lire des données via une requête malveillante,Surchauffer le CPU,Casser un écran,Perdre le Wi-Fi uniquement,0,10,difficile
Q03444,Cybersécurité,Question expert : Quelle pratique réduit les injections SQL ?,Requêtes paramétrées,Concaténation aveugle,Désactivation des logs,Mots de passe courts,0,10,difficile
Q03445,Cybersécurité,Question expert : Quel risque permet XSS ?,Injecter du script dans une page web,Surcharger la RAM physiquement,Changer un SSD,Créer un réseau,0,10,difficile
Q03446,Cybersécurité,Question expert : Quel en-tête aide à contrôler certaines politiques de sécurité web ?,Content-Security-Policy,Content-Music,CPU-Speed,HTML-Fast,0,10,difficile
Q03447,Cybersécurité,Question expert : Quel principe protège la confidentialité ?,Contrôle d'accès et chiffrement,Partager les mots de passe,Mettre les données en public,Désactiver HTTPS,0,10,difficile
Q03448,Cybersécurité,Question expert : Quel outil est utilisé pour chiffrer une connexion distante ?,SSH,HTTP,FTP en clair,Telnet,0,10,difficile
Q03449,Cybersécurité,Question expert : Quel est le danger du Wi-Fi public non sécurisé ?,Interception possible des communications,Le clavier devient plus rapide,La batterie double,Le disque devient SSD,0,10,difficile
Q03450,Cybersécurité,Question expert : Pourquoi mettre à jour les logiciels ?,Corriger des vulnérabilités et bugs,Supprimer le réseau,Réduire la sécurité,Désactiver les comptes,0,10,difficile
Q03451,Cybersécurité,Question expert : Quel type d'attaque essaie de deviner de nombreux mots de passe ?,Brute force,Waterfall,Rendering,Caching,0,10,difficile
Q03452,Cybersécurité,Question expert : Quel mécanisme permet de détecter des comportements suspects ?,Journalisation et monitoring,CSS,JPEG,MP3,0,10,difficile
Q03453,Cybersécurité,Question expert : Que signifie VPN ?,Virtual Private Network,Verified Public Node,Visual Program Network,Virtual Processing Number,0,10,difficile
Q03454,Cybersécurité,Question expert : Quel est le rôle d'un certificat TLS ?,Aider à établir une connexion sécurisée et authentifier le serveur,Augmenter la RAM,Créer un compte,Compresser un PDF,0,10,difficile
Q03455,Cybersécurité,Question expert : Pourquoi ne pas réutiliser le même mot de passe ?,Une compromission peut affecter plusieurs services,Cela ralentit le CPU,Cela empêche HTTPS,Cela bloque le clavier,0,10,difficile
Q03456,Cybersécurité,Question expert : Quel concept décrit la disponibilité d'un service ?,Disponibilité,Encodage,Compilation,Routage,0,10,difficile
Q03457,Cybersécurité,Dernier défi : Quel est le but du phishing ?,Tromper l'utilisateur pour obtenir des informations,Accélérer le CPU,Compresser des fichiers,Améliorer le Wi-Fi,0,10,difficile
Q03458,Cybersécurité,Dernier défi : Quel mot de passe est généralement plus robuste ?,Une phrase longue et unique,123456,password,azerty,0,10,difficile
Q03459,Cybersécurité,Dernier défi : Quel mécanisme ajoute un second facteur d'authentification ?,MFA/2FA,FTP,HTML,CSS,0,10,difficile
Q03460,Cybersécurité,Dernier défi : Pourquoi utiliser HTTPS ?,Chiffrer la communication entre client et serveur,Augmenter la RAM,Compresser les images,Créer un compte Git,0,10,difficile
Q03461,Cybersécurité,Dernier défi : Que fait un pare-feu ?,Filtre certains flux réseau,Répare un écran,Augmente le stockage,Compile du code,0,10,difficile
Q03462,Cybersécurité,Dernier défi : Quel principe limite les privilèges au strict nécessaire ?,Moindre privilège,Open access,Full admin,No authentication,0,10,difficile
Q03463,Cybersécurité,Dernier défi : Que signifie ransomware ?,Logiciel malveillant qui bloque/chiffre des données contre rançon,Antivirus,Navigateur,Compilateur,0,10,difficile
Q03464,Cybersécurité,Dernier défi : Quel est un bon réflexe face à une pièce jointe suspecte ?,Ne pas l'ouvrir avant vérification,L'ouvrir immédiatement,La transférer à tous,Désactiver l'antivirus,0,10,difficile
Q03465,Cybersécurité,Dernier défi : Quel mécanisme protège un mot de passe stocké côté serveur ?,Hashage adapté avec sel,Texte en clair,Capture d'écran,Base publique,0,10,difficile
Q03466,Cybersécurité,Dernier défi : Pourquoi faire des sauvegardes ?,Restaurer les données après incident,Augmenter la vitesse CPU,Créer du CSS,Changer l'adresse IP,0,10,difficile
Q03467,Cybersécurité,Dernier défi : Quel risque vient d'une injection SQL ?,Modifier ou lire des données via une requête malveillante,Surchauffer le CPU,Casser un écran,Perdre le Wi-Fi uniquement,0,10,difficile
Q03468,Cybersécurité,Dernier défi : Quelle pratique réduit les injections SQL ?,Requêtes paramétrées,Concaténation aveugle,Désactivation des logs,Mots de passe courts,0,10,difficile
Q03469,Cybersécurité,Dernier défi : Quel risque permet XSS ?,Injecter du script dans une page web,Surcharger la RAM physiquement,Changer un SSD,Créer un réseau,0,10,difficile
Q03470,Cybersécurité,Dernier défi : Quel en-tête aide à contrôler certaines politiques de sécurité web ?,Content-Security-Policy,Content-Music,CPU-Speed,HTML-Fast,0,10,difficile
Q03471,Cybersécurité,Dernier défi : Quel principe protège la confidentialité ?,Contrôle d'accès et chiffrement,Partager les mots de passe,Mettre les données en public,Désactiver HTTPS,0,10,difficile
Q03472,Cybersécurité,Dernier défi : Quel outil est utilisé pour chiffrer une connexion distante ?,SSH,HTTP,FTP en clair,Telnet,0,10,difficile
Q03473,Cybersécurité,Dernier défi : Quel est le danger du Wi-Fi public non sécurisé ?,Interception possible des communications,Le clavier devient plus rapide,La batterie double,Le disque devient SSD,0,10,difficile
Q03474,Cybersécurité,Dernier défi : Pourquoi mettre à jour les logiciels ?,Corriger des vulnérabilités et bugs,Supprimer le réseau,Réduire la sécurité,Désactiver les comptes,0,10,difficile
Q03475,Cybersécurité,Dernier défi : Quel type d'attaque essaie de deviner de nombreux mots de passe ?,Brute force,Waterfall,Rendering,Caching,0,10,difficile
Q03476,Cybersécurité,Dernier défi : Quel mécanisme permet de détecter des comportements suspects ?,Journalisation et monitoring,CSS,JPEG,MP3,0,10,difficile
Q03477,Cybersécurité,Dernier défi : Que signifie VPN ?,Virtual Private Network,Verified Public Node,Visual Program Network,Virtual Processing Number,0,10,difficile
Q03478,Cybersécurité,Dernier défi : Quel est le rôle d'un certificat TLS ?,Aider à établir une connexion sécurisée et authentifier le serveur,Augmenter la RAM,Créer un compte,Compresser un PDF,0,10,difficile
Q03479,Cybersécurité,Dernier défi : Pourquoi ne pas réutiliser le même mot de passe ?,Une compromission peut affecter plusieurs services,Cela ralentit le CPU,Cela empêche HTTPS,Cela bloque le clavier,0,10,difficile
Q03480,Cybersécurité,Dernier défi : Quel concept décrit la disponibilité d'un service ?,Disponibilité,Encodage,Compilation,Routage,0,10,difficile
Q03481,Cybersécurité,Question rapide : Quel est le but du phishing ?,Tromper l'utilisateur pour obtenir des informations,Accélérer le CPU,Compresser des fichiers,Améliorer le Wi-Fi,0,10,difficile
Q03482,Cybersécurité,Question rapide : Quel mot de passe est généralement plus robuste ?,Une phrase longue et unique,123456,password,azerty,0,10,difficile
Q03483,Cybersécurité,Question rapide : Quel mécanisme ajoute un second facteur d'authentification ?,MFA/2FA,FTP,HTML,CSS,0,10,difficile
Q03484,Cybersécurité,Question rapide : Pourquoi utiliser HTTPS ?,Chiffrer la communication entre client et serveur,Augmenter la RAM,Compresser les images,Créer un compte Git,0,10,difficile
Q03485,Cybersécurité,Question rapide : Que fait un pare-feu ?,Filtre certains flux réseau,Répare un écran,Augmente le stockage,Compile du code,0,10,difficile
Q03486,Cybersécurité,Question rapide : Quel principe limite les privilèges au strict nécessaire ?,Moindre privilège,Open access,Full admin,No authentication,0,10,difficile
Q03487,Cybersécurité,Question rapide : Que signifie ransomware ?,Logiciel malveillant qui bloque/chiffre des données contre rançon,Antivirus,Navigateur,Compilateur,0,10,difficile
Q03488,Cybersécurité,Question rapide : Quel est un bon réflexe face à une pièce jointe suspecte ?,Ne pas l'ouvrir avant vérification,L'ouvrir immédiatement,La transférer à tous,Désactiver l'antivirus,0,10,difficile
Q03489,Cybersécurité,Question rapide : Quel mécanisme protège un mot de passe stocké côté serveur ?,Hashage adapté avec sel,Texte en clair,Capture d'écran,Base publique,0,10,difficile
Q03490,Cybersécurité,Question rapide : Pourquoi faire des sauvegardes ?,Restaurer les données après incident,Augmenter la vitesse CPU,Créer du CSS,Changer l'adresse IP,0,10,difficile
Q03491,Cybersécurité,Question rapide : Quel risque vient d'une injection SQL ?,Modifier ou lire des données via une requête malveillante,Surchauffer le CPU,Casser un écran,Perdre le Wi-Fi uniquement,0,10,difficile
Q03492,Cybersécurité,Question rapide : Quelle pratique réduit les injections SQL ?,Requêtes paramétrées,Concaténation aveugle,Désactivation des logs,Mots de passe courts,0,10,difficile
Q03493,Cybersécurité,Question rapide : Quel risque permet XSS ?,Injecter du script dans une page web,Surcharger la RAM physiquement,Changer un SSD,Créer un réseau,0,10,difficile
Q03494,Cybersécurité,Question rapide : Quel en-tête aide à contrôler certaines politiques de sécurité web ?,Content-Security-Policy,Content-Music,CPU-Speed,HTML-Fast,0,10,difficile
Q03495,Cybersécurité,Question rapide : Quel principe protège la confidentialité ?,Contrôle d'accès et chiffrement,Partager les mots de passe,Mettre les données en public,Désactiver HTTPS,0,10,difficile
Q03496,Cybersécurité,Question rapide : Quel outil est utilisé pour chiffrer une connexion distante ?,SSH,HTTP,FTP en clair,Telnet,0,10,difficile
Q03497,Cybersécurité,Question rapide : Quel est le danger du Wi-Fi public non sécurisé ?,Interception possible des communications,Le clavier devient plus rapide,La batterie double,Le disque devient SSD,0,10,difficile
Q03498,Cybersécurité,Question rapide : Pourquoi mettre à jour les logiciels ?,Corriger des vulnérabilités et bugs,Supprimer le réseau,Réduire la sécurité,Désactiver les comptes,0,10,difficile
Q03499,Cybersécurité,Question rapide : Quel type d'attaque essaie de deviner de nombreux mots de passe ?,Brute force,Waterfall,Rendering,Caching,0,10,difficile
Q03500,Cybersécurité,Question rapide : Quel mécanisme permet de détecter des comportements suspects ?,Journalisation et monitoring,CSS,JPEG,MP3,0,10,difficile
Q03501,Culture numérique,Que signifie QR code ?,Quick Response code,Quality Router code,Quick Router command,Query Response computer,0,10,facile
Q03502,Culture numérique,À quoi sert principalement un QR code dans un événement ?,Donner rapidement accès à une ressource ou une URL,Augmenter la RAM,Charger une batterie,Créer un compte bancaire,0,10,facile
Q03503,Culture numérique,Quel réseau mondial relie des millions de réseaux ?,Internet,Bluetooth,USB,LAN local uniquement,0,10,facile
Q03504,Culture numérique,Quel appareil est généralement utilisé pour scanner un QR code ?,Smartphone,Routeur,Clavier,Projecteur,0,10,facile
Q03505,Culture numérique,Que signifie cloud computing ?,Utilisation de ressources informatiques à distance via réseau,Stockage uniquement sur clé USB,Calcul sans ordinateur,Internet sans serveur,0,10,facile
Q03506,Culture numérique,Quel service permet de stocker des fichiers en ligne ?,Cloud storage,BIOS,CPU,HDMI,0,10,facile
Q03507,Culture numérique,Que signifie open source ?,Code dont la licence permet l'accès et certaines formes de modification/redistribution,Logiciel sans code,Logiciel obligatoirement gratuit,Logiciel uniquement hors ligne,0,10,facile
Q03508,Culture numérique,Pourquoi utiliser une identité numérique forte ?,Réduire les risques d'usurpation,Augmenter la luminosité,Créer du Wi-Fi,Accélérer une imprimante,0,10,facile
Q03509,Culture numérique,Quel format est utilisé pour des données tabulaires simples ?,CSV,MP4,PNG,EXE,0,10,facile
Q03510,Culture numérique,Quel outil permet de présenter des données sous forme de graphique ?,Tableur ou outil de visualisation,BIOS,DNS,SSH,0,10,facile
Q03511,Culture numérique,Quel est le rôle d'un navigateur web ?,Accéder à des sites et applications web,Gérer une carte SIM,Remplacer le CPU,Créer des ports USB,0,10,facile
Q03512,Culture numérique,Que signifie e-learning ?,Apprentissage électronique/numérique,Électricité intelligente,Écriture en ligne uniquement,Email learning uniquement,0,10,facile
Q03513,Culture numérique,Quel bénéfice du numérique est important pour l'éducation ?,Accès élargi aux ressources,Suppression des enseignants,Absence de contenu,Interdiction de collaboration,0,10,facile
Q03514,Culture numérique,Quel terme désigne une réunion à distance par vidéo ?,Visioconférence,Compilation,Virtualisation CPU,Routage,0,10,facile
Q03515,Culture numérique,Quel est un exemple de donnée personnelle ?,Numéro de téléphone,Température d'une ville uniquement,Nom d'un protocole,Version d'un logiciel,0,10,facile
Q03516,Culture numérique,Pourquoi vérifier une source en ligne ?,Limiter la diffusion de fausses informations,Augmenter le débit Internet,Créer un mot de passe,Installer Linux,0,10,facile
Q03517,Culture numérique,Quel réflexe aide à repérer une fausse information ?,Comparer plusieurs sources fiables,Partager immédiatement,Ignorer la date,Se fier au titre uniquement,0,10,facile
Q03518,Culture numérique,Que signifie IA générative ?,IA capable de produire du contenu à partir d'instructions/données,IA qui ne calcule rien,IA uniquement matérielle,IA sans modèle,0,10,facile
Q03519,Culture numérique,Quel support est souvent utilisé pour une identité numérique événementielle ?,QR code,Disquette,VGA,PS/2,0,10,facile
Q03520,Culture numérique,Quel avantage d'une application web progressive ?,Elle peut offrir une expérience proche d'une application tout en restant accessible par le web,Elle exige toujours un CD,Elle ne fonctionne qu'en mode texte,Elle ne peut jamais être installée,0,10,facile
Q03521,Culture numérique,Quel terme décrit une mise à jour disponible en continu depuis Internet ?,Déploiement continu,Boot sector,Packet loss,Overclocking,0,10,facile
Q03522,Culture numérique,Pourquoi utiliser un mot de passe unique par service ?,Limiter l'impact d'une fuite,Augmenter le nombre de virus,Supprimer le chiffrement,Créer des QR codes,0,10,facile
Q03523,Culture numérique,Que signifie UX ?,User Experience,Universal XML,User Extension,Ultra Exchange,0,10,facile
Q03524,Culture numérique,Que signifie UI ?,User Interface,Universal Internet,User Index,Ultra Input,0,10,facile
Q03525,Culture numérique,Au stand MIT : Que signifie QR code ?,Quick Response code,Quality Router code,Quick Router command,Query Response computer,0,10,facile
Q03526,Culture numérique,Au stand MIT : À quoi sert principalement un QR code dans un événement ?,Donner rapidement accès à une ressource ou une URL,Augmenter la RAM,Charger une batterie,Créer un compte bancaire,0,10,facile
Q03527,Culture numérique,Au stand MIT : Quel réseau mondial relie des millions de réseaux ?,Internet,Bluetooth,USB,LAN local uniquement,0,10,facile
Q03528,Culture numérique,Au stand MIT : Quel appareil est généralement utilisé pour scanner un QR code ?,Smartphone,Routeur,Clavier,Projecteur,0,10,facile
Q03529,Culture numérique,Au stand MIT : Que signifie cloud computing ?,Utilisation de ressources informatiques à distance via réseau,Stockage uniquement sur clé USB,Calcul sans ordinateur,Internet sans serveur,0,10,facile
Q03530,Culture numérique,Au stand MIT : Quel service permet de stocker des fichiers en ligne ?,Cloud storage,BIOS,CPU,HDMI,0,10,facile
Q03531,Culture numérique,Au stand MIT : Que signifie open source ?,Code dont la licence permet l'accès et certaines formes de modification/redistribution,Logiciel sans code,Logiciel obligatoirement gratuit,Logiciel uniquement hors ligne,0,10,facile
Q03532,Culture numérique,Au stand MIT : Pourquoi utiliser une identité numérique forte ?,Réduire les risques d'usurpation,Augmenter la luminosité,Créer du Wi-Fi,Accélérer une imprimante,0,10,facile
Q03533,Culture numérique,Au stand MIT : Quel format est utilisé pour des données tabulaires simples ?,CSV,MP4,PNG,EXE,0,10,facile
Q03534,Culture numérique,Au stand MIT : Quel outil permet de présenter des données sous forme de graphique ?,Tableur ou outil de visualisation,BIOS,DNS,SSH,0,10,facile
Q03535,Culture numérique,Au stand MIT : Quel est le rôle d'un navigateur web ?,Accéder à des sites et applications web,Gérer une carte SIM,Remplacer le CPU,Créer des ports USB,0,10,facile
Q03536,Culture numérique,Au stand MIT : Que signifie e-learning ?,Apprentissage électronique/numérique,Électricité intelligente,Écriture en ligne uniquement,Email learning uniquement,0,10,facile
Q03537,Culture numérique,Au stand MIT : Quel bénéfice du numérique est important pour l'éducation ?,Accès élargi aux ressources,Suppression des enseignants,Absence de contenu,Interdiction de collaboration,0,10,facile
Q03538,Culture numérique,Au stand MIT : Quel terme désigne une réunion à distance par vidéo ?,Visioconférence,Compilation,Virtualisation CPU,Routage,0,10,facile
Q03539,Culture numérique,Au stand MIT : Quel est un exemple de donnée personnelle ?,Numéro de téléphone,Température d'une ville uniquement,Nom d'un protocole,Version d'un logiciel,0,10,facile
Q03540,Culture numérique,Au stand MIT : Pourquoi vérifier une source en ligne ?,Limiter la diffusion de fausses informations,Augmenter le débit Internet,Créer un mot de passe,Installer Linux,0,10,facile
Q03541,Culture numérique,Au stand MIT : Quel réflexe aide à repérer une fausse information ?,Comparer plusieurs sources fiables,Partager immédiatement,Ignorer la date,Se fier au titre uniquement,0,10,facile
Q03542,Culture numérique,Au stand MIT : Que signifie IA générative ?,IA capable de produire du contenu à partir d'instructions/données,IA qui ne calcule rien,IA uniquement matérielle,IA sans modèle,0,10,facile
Q03543,Culture numérique,Au stand MIT : Quel support est souvent utilisé pour une identité numérique événementielle ?,QR code,Disquette,VGA,PS/2,0,10,facile
Q03544,Culture numérique,Au stand MIT : Quel avantage d'une application web progressive ?,Elle peut offrir une expérience proche d'une application tout en restant accessible par le web,Elle exige toujours un CD,Elle ne fonctionne qu'en mode texte,Elle ne peut jamais être installée,0,10,facile
Q03545,Culture numérique,Au stand MIT : Quel terme décrit une mise à jour disponible en continu depuis Internet ?,Déploiement continu,Boot sector,Packet loss,Overclocking,0,10,facile
Q03546,Culture numérique,Au stand MIT : Pourquoi utiliser un mot de passe unique par service ?,Limiter l'impact d'une fuite,Augmenter le nombre de virus,Supprimer le chiffrement,Créer des QR codes,0,10,facile
Q03547,Culture numérique,Au stand MIT : Que signifie UX ?,User Experience,Universal XML,User Extension,Ultra Exchange,0,10,facile
Q03548,Culture numérique,Au stand MIT : Que signifie UI ?,User Interface,Universal Internet,User Index,Ultra Input,0,10,facile
Q03549,Culture numérique,Défi express : Que signifie QR code ?,Quick Response code,Quality Router code,Quick Router command,Query Response computer,0,10,facile
Q03550,Culture numérique,Défi express : À quoi sert principalement un QR code dans un événement ?,Donner rapidement accès à une ressource ou une URL,Augmenter la RAM,Charger une batterie,Créer un compte bancaire,0,10,facile
Q03551,Culture numérique,Défi express : Quel réseau mondial relie des millions de réseaux ?,Internet,Bluetooth,USB,LAN local uniquement,0,10,facile
Q03552,Culture numérique,Défi express : Quel appareil est généralement utilisé pour scanner un QR code ?,Smartphone,Routeur,Clavier,Projecteur,0,10,facile
Q03553,Culture numérique,Défi express : Que signifie cloud computing ?,Utilisation de ressources informatiques à distance via réseau,Stockage uniquement sur clé USB,Calcul sans ordinateur,Internet sans serveur,0,10,facile
Q03554,Culture numérique,Défi express : Quel service permet de stocker des fichiers en ligne ?,Cloud storage,BIOS,CPU,HDMI,0,10,facile
Q03555,Culture numérique,Défi express : Que signifie open source ?,Code dont la licence permet l'accès et certaines formes de modification/redistribution,Logiciel sans code,Logiciel obligatoirement gratuit,Logiciel uniquement hors ligne,0,10,facile
Q03556,Culture numérique,Défi express : Pourquoi utiliser une identité numérique forte ?,Réduire les risques d'usurpation,Augmenter la luminosité,Créer du Wi-Fi,Accélérer une imprimante,0,10,facile
Q03557,Culture numérique,Défi express : Quel format est utilisé pour des données tabulaires simples ?,CSV,MP4,PNG,EXE,0,10,facile
Q03558,Culture numérique,Défi express : Quel outil permet de présenter des données sous forme de graphique ?,Tableur ou outil de visualisation,BIOS,DNS,SSH,0,10,facile
Q03559,Culture numérique,Défi express : Quel est le rôle d'un navigateur web ?,Accéder à des sites et applications web,Gérer une carte SIM,Remplacer le CPU,Créer des ports USB,0,10,facile
Q03560,Culture numérique,Défi express : Que signifie e-learning ?,Apprentissage électronique/numérique,Électricité intelligente,Écriture en ligne uniquement,Email learning uniquement,0,10,facile
Q03561,Culture numérique,Défi express : Quel bénéfice du numérique est important pour l'éducation ?,Accès élargi aux ressources,Suppression des enseignants,Absence de contenu,Interdiction de collaboration,0,10,facile
Q03562,Culture numérique,Défi express : Quel terme désigne une réunion à distance par vidéo ?,Visioconférence,Compilation,Virtualisation CPU,Routage,0,10,facile
Q03563,Culture numérique,Défi express : Quel est un exemple de donnée personnelle ?,Numéro de téléphone,Température d'une ville uniquement,Nom d'un protocole,Version d'un logiciel,0,10,facile
Q03564,Culture numérique,Défi express : Pourquoi vérifier une source en ligne ?,Limiter la diffusion de fausses informations,Augmenter le débit Internet,Créer un mot de passe,Installer Linux,0,10,facile
Q03565,Culture numérique,Défi express : Quel réflexe aide à repérer une fausse information ?,Comparer plusieurs sources fiables,Partager immédiatement,Ignorer la date,Se fier au titre uniquement,0,10,facile
Q03566,Culture numérique,Défi express : Que signifie IA générative ?,IA capable de produire du contenu à partir d'instructions/données,IA qui ne calcule rien,IA uniquement matérielle,IA sans modèle,0,10,facile
Q03567,Culture numérique,Défi express : Quel support est souvent utilisé pour une identité numérique événementielle ?,QR code,Disquette,VGA,PS/2,0,10,facile
Q03568,Culture numérique,Défi express : Quel avantage d'une application web progressive ?,Elle peut offrir une expérience proche d'une application tout en restant accessible par le web,Elle exige toujours un CD,Elle ne fonctionne qu'en mode texte,Elle ne peut jamais être installée,0,10,facile
Q03569,Culture numérique,Défi express : Quel terme décrit une mise à jour disponible en continu depuis Internet ?,Déploiement continu,Boot sector,Packet loss,Overclocking,0,10,facile
Q03570,Culture numérique,Défi express : Pourquoi utiliser un mot de passe unique par service ?,Limiter l'impact d'une fuite,Augmenter le nombre de virus,Supprimer le chiffrement,Créer des QR codes,0,10,facile
Q03571,Culture numérique,Défi express : Que signifie UX ?,User Experience,Universal XML,User Extension,Ultra Exchange,0,10,facile
Q03572,Culture numérique,Défi express : Que signifie UI ?,User Interface,Universal Internet,User Index,Ultra Input,0,10,facile
Q03573,Culture numérique,Testez vos connaissances : Que signifie QR code ?,Quick Response code,Quality Router code,Quick Router command,Query Response computer,0,10,facile
Q03574,Culture numérique,Testez vos connaissances : À quoi sert principalement un QR code dans un événement ?,Donner rapidement accès à une ressource ou une URL,Augmenter la RAM,Charger une batterie,Créer un compte bancaire,0,10,facile
Q03575,Culture numérique,Testez vos connaissances : Quel réseau mondial relie des millions de réseaux ?,Internet,Bluetooth,USB,LAN local uniquement,0,10,facile
Q03576,Culture numérique,Testez vos connaissances : Quel appareil est généralement utilisé pour scanner un QR code ?,Smartphone,Routeur,Clavier,Projecteur,0,10,facile
Q03577,Culture numérique,Testez vos connaissances : Que signifie cloud computing ?,Utilisation de ressources informatiques à distance via réseau,Stockage uniquement sur clé USB,Calcul sans ordinateur,Internet sans serveur,0,10,facile
Q03578,Culture numérique,Testez vos connaissances : Quel service permet de stocker des fichiers en ligne ?,Cloud storage,BIOS,CPU,HDMI,0,10,facile
Q03579,Culture numérique,Testez vos connaissances : Que signifie open source ?,Code dont la licence permet l'accès et certaines formes de modification/redistribution,Logiciel sans code,Logiciel obligatoirement gratuit,Logiciel uniquement hors ligne,0,10,facile
Q03580,Culture numérique,Testez vos connaissances : Pourquoi utiliser une identité numérique forte ?,Réduire les risques d'usurpation,Augmenter la luminosité,Créer du Wi-Fi,Accélérer une imprimante,0,10,facile
Q03581,Culture numérique,Testez vos connaissances : Quel format est utilisé pour des données tabulaires simples ?,CSV,MP4,PNG,EXE,0,10,facile
Q03582,Culture numérique,Testez vos connaissances : Quel outil permet de présenter des données sous forme de graphique ?,Tableur ou outil de visualisation,BIOS,DNS,SSH,0,10,facile
Q03583,Culture numérique,Testez vos connaissances : Quel est le rôle d'un navigateur web ?,Accéder à des sites et applications web,Gérer une carte SIM,Remplacer le CPU,Créer des ports USB,0,10,facile
Q03584,Culture numérique,Testez vos connaissances : Que signifie e-learning ?,Apprentissage électronique/numérique,Électricité intelligente,Écriture en ligne uniquement,Email learning uniquement,0,10,facile
Q03585,Culture numérique,Testez vos connaissances : Quel bénéfice du numérique est important pour l'éducation ?,Accès élargi aux ressources,Suppression des enseignants,Absence de contenu,Interdiction de collaboration,0,10,facile
Q03586,Culture numérique,Testez vos connaissances : Quel terme désigne une réunion à distance par vidéo ?,Visioconférence,Compilation,Virtualisation CPU,Routage,0,10,facile
Q03587,Culture numérique,Testez vos connaissances : Quel est un exemple de donnée personnelle ?,Numéro de téléphone,Température d'une ville uniquement,Nom d'un protocole,Version d'un logiciel,0,10,facile
Q03588,Culture numérique,Testez vos connaissances : Pourquoi vérifier une source en ligne ?,Limiter la diffusion de fausses informations,Augmenter le débit Internet,Créer un mot de passe,Installer Linux,0,10,facile
Q03589,Culture numérique,Testez vos connaissances : Quel réflexe aide à repérer une fausse information ?,Comparer plusieurs sources fiables,Partager immédiatement,Ignorer la date,Se fier au titre uniquement,0,10,facile
Q03590,Culture numérique,Testez vos connaissances : Que signifie IA générative ?,IA capable de produire du contenu à partir d'instructions/données,IA qui ne calcule rien,IA uniquement matérielle,IA sans modèle,0,10,facile
Q03591,Culture numérique,Testez vos connaissances : Quel support est souvent utilisé pour une identité numérique événementielle ?,QR code,Disquette,VGA,PS/2,0,10,facile
Q03592,Culture numérique,Testez vos connaissances : Quel avantage d'une application web progressive ?,Elle peut offrir une expérience proche d'une application tout en restant accessible par le web,Elle exige toujours un CD,Elle ne fonctionne qu'en mode texte,Elle ne peut jamais être installée,0,10,facile
Q03593,Culture numérique,Testez vos connaissances : Quel terme décrit une mise à jour disponible en continu depuis Internet ?,Déploiement continu,Boot sector,Packet loss,Overclocking,0,10,facile
Q03594,Culture numérique,Testez vos connaissances : Pourquoi utiliser un mot de passe unique par service ?,Limiter l'impact d'une fuite,Augmenter le nombre de virus,Supprimer le chiffrement,Créer des QR codes,0,10,facile
Q03595,Culture numérique,Testez vos connaissances : Que signifie UX ?,User Experience,Universal XML,User Extension,Ultra Exchange,0,10,facile
Q03596,Culture numérique,Testez vos connaissances : Que signifie UI ?,User Interface,Universal Internet,User Index,Ultra Input,0,10,facile
Q03597,Culture numérique,Le saviez-vous ? Que signifie QR code ?,Quick Response code,Quality Router code,Quick Router command,Query Response computer,0,10,facile
Q03598,Culture numérique,Le saviez-vous ? À quoi sert principalement un QR code dans un événement ?,Donner rapidement accès à une ressource ou une URL,Augmenter la RAM,Charger une batterie,Créer un compte bancaire,0,10,facile
Q03599,Culture numérique,Le saviez-vous ? Quel réseau mondial relie des millions de réseaux ?,Internet,Bluetooth,USB,LAN local uniquement,0,10,facile
Q03600,Culture numérique,Le saviez-vous ? Quel appareil est généralement utilisé pour scanner un QR code ?,Smartphone,Routeur,Clavier,Projecteur,0,10,facile
Q03601,Culture numérique,Le saviez-vous ? Que signifie cloud computing ?,Utilisation de ressources informatiques à distance via réseau,Stockage uniquement sur clé USB,Calcul sans ordinateur,Internet sans serveur,0,10,facile
Q03602,Culture numérique,Le saviez-vous ? Quel service permet de stocker des fichiers en ligne ?,Cloud storage,BIOS,CPU,HDMI,0,10,facile
Q03603,Culture numérique,Le saviez-vous ? Que signifie open source ?,Code dont la licence permet l'accès et certaines formes de modification/redistribution,Logiciel sans code,Logiciel obligatoirement gratuit,Logiciel uniquement hors ligne,0,10,facile
Q03604,Culture numérique,Le saviez-vous ? Pourquoi utiliser une identité numérique forte ?,Réduire les risques d'usurpation,Augmenter la luminosité,Créer du Wi-Fi,Accélérer une imprimante,0,10,facile
Q03605,Culture numérique,Le saviez-vous ? Quel format est utilisé pour des données tabulaires simples ?,CSV,MP4,PNG,EXE,0,10,facile
Q03606,Culture numérique,Le saviez-vous ? Quel outil permet de présenter des données sous forme de graphique ?,Tableur ou outil de visualisation,BIOS,DNS,SSH,0,10,facile
Q03607,Culture numérique,Le saviez-vous ? Quel est le rôle d'un navigateur web ?,Accéder à des sites et applications web,Gérer une carte SIM,Remplacer le CPU,Créer des ports USB,0,10,facile
Q03608,Culture numérique,Le saviez-vous ? Que signifie e-learning ?,Apprentissage électronique/numérique,Électricité intelligente,Écriture en ligne uniquement,Email learning uniquement,0,10,facile
Q03609,Culture numérique,Le saviez-vous ? Quel bénéfice du numérique est important pour l'éducation ?,Accès élargi aux ressources,Suppression des enseignants,Absence de contenu,Interdiction de collaboration,0,10,facile
Q03610,Culture numérique,Le saviez-vous ? Quel terme désigne une réunion à distance par vidéo ?,Visioconférence,Compilation,Virtualisation CPU,Routage,0,10,facile
Q03611,Culture numérique,Le saviez-vous ? Quel est un exemple de donnée personnelle ?,Numéro de téléphone,Température d'une ville uniquement,Nom d'un protocole,Version d'un logiciel,0,10,facile
Q03612,Culture numérique,Le saviez-vous ? Pourquoi vérifier une source en ligne ?,Limiter la diffusion de fausses informations,Augmenter le débit Internet,Créer un mot de passe,Installer Linux,0,10,facile
Q03613,Culture numérique,Le saviez-vous ? Quel réflexe aide à repérer une fausse information ?,Comparer plusieurs sources fiables,Partager immédiatement,Ignorer la date,Se fier au titre uniquement,0,10,facile
Q03614,Culture numérique,Le saviez-vous ? Que signifie IA générative ?,IA capable de produire du contenu à partir d'instructions/données,IA qui ne calcule rien,IA uniquement matérielle,IA sans modèle,0,10,facile
Q03615,Culture numérique,Le saviez-vous ? Quel support est souvent utilisé pour une identité numérique événementielle ?,QR code,Disquette,VGA,PS/2,0,10,facile
Q03616,Culture numérique,Le saviez-vous ? Quel avantage d'une application web progressive ?,Elle peut offrir une expérience proche d'une application tout en restant accessible par le web,Elle exige toujours un CD,Elle ne fonctionne qu'en mode texte,Elle ne peut jamais être installée,0,10,facile
Q03617,Culture numérique,Le saviez-vous ? Quel terme décrit une mise à jour disponible en continu depuis Internet ?,Déploiement continu,Boot sector,Packet loss,Overclocking,0,10,facile
Q03618,Culture numérique,Le saviez-vous ? Pourquoi utiliser un mot de passe unique par service ?,Limiter l'impact d'une fuite,Augmenter le nombre de virus,Supprimer le chiffrement,Créer des QR codes,0,10,facile
Q03619,Culture numérique,Le saviez-vous ? Que signifie UX ?,User Experience,Universal XML,User Extension,Ultra Exchange,0,10,facile
Q03620,Culture numérique,Le saviez-vous ? Que signifie UI ?,User Interface,Universal Internet,User Index,Ultra Input,0,10,facile
Q03621,Culture numérique,Quiz du jour : Que signifie QR code ?,Quick Response code,Quality Router code,Quick Router command,Query Response computer,0,10,moyen
Q03622,Culture numérique,Quiz du jour : À quoi sert principalement un QR code dans un événement ?,Donner rapidement accès à une ressource ou une URL,Augmenter la RAM,Charger une batterie,Créer un compte bancaire,0,10,moyen
Q03623,Culture numérique,Quiz du jour : Quel réseau mondial relie des millions de réseaux ?,Internet,Bluetooth,USB,LAN local uniquement,0,10,moyen
Q03624,Culture numérique,Quiz du jour : Quel appareil est généralement utilisé pour scanner un QR code ?,Smartphone,Routeur,Clavier,Projecteur,0,10,moyen
Q03625,Culture numérique,Quiz du jour : Que signifie cloud computing ?,Utilisation de ressources informatiques à distance via réseau,Stockage uniquement sur clé USB,Calcul sans ordinateur,Internet sans serveur,0,10,moyen
Q03626,Culture numérique,Quiz du jour : Quel service permet de stocker des fichiers en ligne ?,Cloud storage,BIOS,CPU,HDMI,0,10,moyen
Q03627,Culture numérique,Quiz du jour : Que signifie open source ?,Code dont la licence permet l'accès et certaines formes de modification/redistribution,Logiciel sans code,Logiciel obligatoirement gratuit,Logiciel uniquement hors ligne,0,10,moyen
Q03628,Culture numérique,Quiz du jour : Pourquoi utiliser une identité numérique forte ?,Réduire les risques d'usurpation,Augmenter la luminosité,Créer du Wi-Fi,Accélérer une imprimante,0,10,moyen
Q03629,Culture numérique,Quiz du jour : Quel format est utilisé pour des données tabulaires simples ?,CSV,MP4,PNG,EXE,0,10,moyen
Q03630,Culture numérique,Quiz du jour : Quel outil permet de présenter des données sous forme de graphique ?,Tableur ou outil de visualisation,BIOS,DNS,SSH,0,10,moyen
Q03631,Culture numérique,Quiz du jour : Quel est le rôle d'un navigateur web ?,Accéder à des sites et applications web,Gérer une carte SIM,Remplacer le CPU,Créer des ports USB,0,10,moyen
Q03632,Culture numérique,Quiz du jour : Que signifie e-learning ?,Apprentissage électronique/numérique,Électricité intelligente,Écriture en ligne uniquement,Email learning uniquement,0,10,moyen
Q03633,Culture numérique,Quiz du jour : Quel bénéfice du numérique est important pour l'éducation ?,Accès élargi aux ressources,Suppression des enseignants,Absence de contenu,Interdiction de collaboration,0,10,moyen
Q03634,Culture numérique,Quiz du jour : Quel terme désigne une réunion à distance par vidéo ?,Visioconférence,Compilation,Virtualisation CPU,Routage,0,10,moyen
Q03635,Culture numérique,Quiz du jour : Quel est un exemple de donnée personnelle ?,Numéro de téléphone,Température d'une ville uniquement,Nom d'un protocole,Version d'un logiciel,0,10,moyen
Q03636,Culture numérique,Quiz du jour : Pourquoi vérifier une source en ligne ?,Limiter la diffusion de fausses informations,Augmenter le débit Internet,Créer un mot de passe,Installer Linux,0,10,moyen
Q03637,Culture numérique,Quiz du jour : Quel réflexe aide à repérer une fausse information ?,Comparer plusieurs sources fiables,Partager immédiatement,Ignorer la date,Se fier au titre uniquement,0,10,moyen
Q03638,Culture numérique,Quiz du jour : Que signifie IA générative ?,IA capable de produire du contenu à partir d'instructions/données,IA qui ne calcule rien,IA uniquement matérielle,IA sans modèle,0,10,moyen
Q03639,Culture numérique,Quiz du jour : Quel support est souvent utilisé pour une identité numérique événementielle ?,QR code,Disquette,VGA,PS/2,0,10,moyen
Q03640,Culture numérique,Quiz du jour : Quel avantage d'une application web progressive ?,Elle peut offrir une expérience proche d'une application tout en restant accessible par le web,Elle exige toujours un CD,Elle ne fonctionne qu'en mode texte,Elle ne peut jamais être installée,0,10,moyen
Q03641,Culture numérique,Quiz du jour : Quel terme décrit une mise à jour disponible en continu depuis Internet ?,Déploiement continu,Boot sector,Packet loss,Overclocking,0,10,moyen
Q03642,Culture numérique,Quiz du jour : Pourquoi utiliser un mot de passe unique par service ?,Limiter l'impact d'une fuite,Augmenter le nombre de virus,Supprimer le chiffrement,Créer des QR codes,0,10,moyen
Q03643,Culture numérique,Quiz du jour : Que signifie UX ?,User Experience,Universal XML,User Extension,Ultra Exchange,0,10,moyen
Q03644,Culture numérique,Quiz du jour : Que signifie UI ?,User Interface,Universal Internet,User Index,Ultra Input,0,10,moyen
Q03645,Culture numérique,À vous de jouer : Que signifie QR code ?,Quick Response code,Quality Router code,Quick Router command,Query Response computer,0,10,moyen
Q03646,Culture numérique,À vous de jouer : À quoi sert principalement un QR code dans un événement ?,Donner rapidement accès à une ressource ou une URL,Augmenter la RAM,Charger une batterie,Créer un compte bancaire,0,10,moyen
Q03647,Culture numérique,À vous de jouer : Quel réseau mondial relie des millions de réseaux ?,Internet,Bluetooth,USB,LAN local uniquement,0,10,moyen
Q03648,Culture numérique,À vous de jouer : Quel appareil est généralement utilisé pour scanner un QR code ?,Smartphone,Routeur,Clavier,Projecteur,0,10,moyen
Q03649,Culture numérique,À vous de jouer : Que signifie cloud computing ?,Utilisation de ressources informatiques à distance via réseau,Stockage uniquement sur clé USB,Calcul sans ordinateur,Internet sans serveur,0,10,moyen
Q03650,Culture numérique,À vous de jouer : Quel service permet de stocker des fichiers en ligne ?,Cloud storage,BIOS,CPU,HDMI,0,10,moyen
Q03651,Culture numérique,À vous de jouer : Que signifie open source ?,Code dont la licence permet l'accès et certaines formes de modification/redistribution,Logiciel sans code,Logiciel obligatoirement gratuit,Logiciel uniquement hors ligne,0,10,moyen
Q03652,Culture numérique,À vous de jouer : Pourquoi utiliser une identité numérique forte ?,Réduire les risques d'usurpation,Augmenter la luminosité,Créer du Wi-Fi,Accélérer une imprimante,0,10,moyen
Q03653,Culture numérique,À vous de jouer : Quel format est utilisé pour des données tabulaires simples ?,CSV,MP4,PNG,EXE,0,10,moyen
Q03654,Culture numérique,À vous de jouer : Quel outil permet de présenter des données sous forme de graphique ?,Tableur ou outil de visualisation,BIOS,DNS,SSH,0,10,moyen
Q03655,Culture numérique,À vous de jouer : Quel est le rôle d'un navigateur web ?,Accéder à des sites et applications web,Gérer une carte SIM,Remplacer le CPU,Créer des ports USB,0,10,moyen
Q03656,Culture numérique,À vous de jouer : Que signifie e-learning ?,Apprentissage électronique/numérique,Électricité intelligente,Écriture en ligne uniquement,Email learning uniquement,0,10,moyen
Q03657,Culture numérique,À vous de jouer : Quel bénéfice du numérique est important pour l'éducation ?,Accès élargi aux ressources,Suppression des enseignants,Absence de contenu,Interdiction de collaboration,0,10,moyen
Q03658,Culture numérique,À vous de jouer : Quel terme désigne une réunion à distance par vidéo ?,Visioconférence,Compilation,Virtualisation CPU,Routage,0,10,moyen
Q03659,Culture numérique,À vous de jouer : Quel est un exemple de donnée personnelle ?,Numéro de téléphone,Température d'une ville uniquement,Nom d'un protocole,Version d'un logiciel,0,10,moyen
Q03660,Culture numérique,À vous de jouer : Pourquoi vérifier une source en ligne ?,Limiter la diffusion de fausses informations,Augmenter le débit Internet,Créer un mot de passe,Installer Linux,0,10,moyen
Q03661,Culture numérique,À vous de jouer : Quel réflexe aide à repérer une fausse information ?,Comparer plusieurs sources fiables,Partager immédiatement,Ignorer la date,Se fier au titre uniquement,0,10,moyen
Q03662,Culture numérique,À vous de jouer : Que signifie IA générative ?,IA capable de produire du contenu à partir d'instructions/données,IA qui ne calcule rien,IA uniquement matérielle,IA sans modèle,0,10,moyen
Q03663,Culture numérique,À vous de jouer : Quel support est souvent utilisé pour une identité numérique événementielle ?,QR code,Disquette,VGA,PS/2,0,10,moyen
Q03664,Culture numérique,À vous de jouer : Quel avantage d'une application web progressive ?,Elle peut offrir une expérience proche d'une application tout en restant accessible par le web,Elle exige toujours un CD,Elle ne fonctionne qu'en mode texte,Elle ne peut jamais être installée,0,10,moyen
Q03665,Culture numérique,À vous de jouer : Quel terme décrit une mise à jour disponible en continu depuis Internet ?,Déploiement continu,Boot sector,Packet loss,Overclocking,0,10,moyen
Q03666,Culture numérique,À vous de jouer : Pourquoi utiliser un mot de passe unique par service ?,Limiter l'impact d'une fuite,Augmenter le nombre de virus,Supprimer le chiffrement,Créer des QR codes,0,10,moyen
Q03667,Culture numérique,À vous de jouer : Que signifie UX ?,User Experience,Universal XML,User Extension,Ultra Exchange,0,10,moyen
Q03668,Culture numérique,À vous de jouer : Que signifie UI ?,User Interface,Universal Internet,User Index,Ultra Input,0,10,moyen
Q03669,Culture numérique,Challenge : Que signifie QR code ?,Quick Response code,Quality Router code,Quick Router command,Query Response computer,0,10,moyen
Q03670,Culture numérique,Challenge : À quoi sert principalement un QR code dans un événement ?,Donner rapidement accès à une ressource ou une URL,Augmenter la RAM,Charger une batterie,Créer un compte bancaire,0,10,moyen
Q03671,Culture numérique,Challenge : Quel réseau mondial relie des millions de réseaux ?,Internet,Bluetooth,USB,LAN local uniquement,0,10,moyen
Q03672,Culture numérique,Challenge : Quel appareil est généralement utilisé pour scanner un QR code ?,Smartphone,Routeur,Clavier,Projecteur,0,10,moyen
Q03673,Culture numérique,Challenge : Que signifie cloud computing ?,Utilisation de ressources informatiques à distance via réseau,Stockage uniquement sur clé USB,Calcul sans ordinateur,Internet sans serveur,0,10,moyen
Q03674,Culture numérique,Challenge : Quel service permet de stocker des fichiers en ligne ?,Cloud storage,BIOS,CPU,HDMI,0,10,moyen
Q03675,Culture numérique,Challenge : Que signifie open source ?,Code dont la licence permet l'accès et certaines formes de modification/redistribution,Logiciel sans code,Logiciel obligatoirement gratuit,Logiciel uniquement hors ligne,0,10,moyen
Q03676,Culture numérique,Challenge : Pourquoi utiliser une identité numérique forte ?,Réduire les risques d'usurpation,Augmenter la luminosité,Créer du Wi-Fi,Accélérer une imprimante,0,10,moyen
Q03677,Culture numérique,Challenge : Quel format est utilisé pour des données tabulaires simples ?,CSV,MP4,PNG,EXE,0,10,moyen
Q03678,Culture numérique,Challenge : Quel outil permet de présenter des données sous forme de graphique ?,Tableur ou outil de visualisation,BIOS,DNS,SSH,0,10,moyen
Q03679,Culture numérique,Challenge : Quel est le rôle d'un navigateur web ?,Accéder à des sites et applications web,Gérer une carte SIM,Remplacer le CPU,Créer des ports USB,0,10,moyen
Q03680,Culture numérique,Challenge : Que signifie e-learning ?,Apprentissage électronique/numérique,Électricité intelligente,Écriture en ligne uniquement,Email learning uniquement,0,10,moyen
Q03681,Culture numérique,Challenge : Quel bénéfice du numérique est important pour l'éducation ?,Accès élargi aux ressources,Suppression des enseignants,Absence de contenu,Interdiction de collaboration,0,10,moyen
Q03682,Culture numérique,Challenge : Quel terme désigne une réunion à distance par vidéo ?,Visioconférence,Compilation,Virtualisation CPU,Routage,0,10,moyen
Q03683,Culture numérique,Challenge : Quel est un exemple de donnée personnelle ?,Numéro de téléphone,Température d'une ville uniquement,Nom d'un protocole,Version d'un logiciel,0,10,moyen
Q03684,Culture numérique,Challenge : Pourquoi vérifier une source en ligne ?,Limiter la diffusion de fausses informations,Augmenter le débit Internet,Créer un mot de passe,Installer Linux,0,10,moyen
Q03685,Culture numérique,Challenge : Quel réflexe aide à repérer une fausse information ?,Comparer plusieurs sources fiables,Partager immédiatement,Ignorer la date,Se fier au titre uniquement,0,10,moyen
Q03686,Culture numérique,Challenge : Que signifie IA générative ?,IA capable de produire du contenu à partir d'instructions/données,IA qui ne calcule rien,IA uniquement matérielle,IA sans modèle,0,10,moyen
Q03687,Culture numérique,Challenge : Quel support est souvent utilisé pour une identité numérique événementielle ?,QR code,Disquette,VGA,PS/2,0,10,moyen
Q03688,Culture numérique,Challenge : Quel avantage d'une application web progressive ?,Elle peut offrir une expérience proche d'une application tout en restant accessible par le web,Elle exige toujours un CD,Elle ne fonctionne qu'en mode texte,Elle ne peut jamais être installée,0,10,moyen
Q03689,Culture numérique,Challenge : Quel terme décrit une mise à jour disponible en continu depuis Internet ?,Déploiement continu,Boot sector,Packet loss,Overclocking,0,10,moyen
Q03690,Culture numérique,Challenge : Pourquoi utiliser un mot de passe unique par service ?,Limiter l'impact d'une fuite,Augmenter le nombre de virus,Supprimer le chiffrement,Créer des QR codes,0,10,moyen
Q03691,Culture numérique,Challenge : Que signifie UX ?,User Experience,Universal XML,User Extension,Ultra Exchange,0,10,moyen
Q03692,Culture numérique,Challenge : Que signifie UI ?,User Interface,Universal Internet,User Index,Ultra Input,0,10,moyen
Q03693,Culture numérique,Question bonus : Que signifie QR code ?,Quick Response code,Quality Router code,Quick Router command,Query Response computer,0,10,moyen
Q03694,Culture numérique,Question bonus : À quoi sert principalement un QR code dans un événement ?,Donner rapidement accès à une ressource ou une URL,Augmenter la RAM,Charger une batterie,Créer un compte bancaire,0,10,moyen
Q03695,Culture numérique,Question bonus : Quel réseau mondial relie des millions de réseaux ?,Internet,Bluetooth,USB,LAN local uniquement,0,10,moyen
Q03696,Culture numérique,Question bonus : Quel appareil est généralement utilisé pour scanner un QR code ?,Smartphone,Routeur,Clavier,Projecteur,0,10,moyen
Q03697,Culture numérique,Question bonus : Que signifie cloud computing ?,Utilisation de ressources informatiques à distance via réseau,Stockage uniquement sur clé USB,Calcul sans ordinateur,Internet sans serveur,0,10,moyen
Q03698,Culture numérique,Question bonus : Quel service permet de stocker des fichiers en ligne ?,Cloud storage,BIOS,CPU,HDMI,0,10,moyen
Q03699,Culture numérique,Question bonus : Que signifie open source ?,Code dont la licence permet l'accès et certaines formes de modification/redistribution,Logiciel sans code,Logiciel obligatoirement gratuit,Logiciel uniquement hors ligne,0,10,moyen
Q03700,Culture numérique,Question bonus : Pourquoi utiliser une identité numérique forte ?,Réduire les risques d'usurpation,Augmenter la luminosité,Créer du Wi-Fi,Accélérer une imprimante,0,10,moyen
Q03701,Culture numérique,Question bonus : Quel format est utilisé pour des données tabulaires simples ?,CSV,MP4,PNG,EXE,0,10,moyen
Q03702,Culture numérique,Question bonus : Quel outil permet de présenter des données sous forme de graphique ?,Tableur ou outil de visualisation,BIOS,DNS,SSH,0,10,moyen
Q03703,Culture numérique,Question bonus : Quel est le rôle d'un navigateur web ?,Accéder à des sites et applications web,Gérer une carte SIM,Remplacer le CPU,Créer des ports USB,0,10,moyen
Q03704,Culture numérique,Question bonus : Que signifie e-learning ?,Apprentissage électronique/numérique,Électricité intelligente,Écriture en ligne uniquement,Email learning uniquement,0,10,moyen
Q03705,Culture numérique,Question bonus : Quel bénéfice du numérique est important pour l'éducation ?,Accès élargi aux ressources,Suppression des enseignants,Absence de contenu,Interdiction de collaboration,0,10,moyen
Q03706,Culture numérique,Question bonus : Quel terme désigne une réunion à distance par vidéo ?,Visioconférence,Compilation,Virtualisation CPU,Routage,0,10,moyen
Q03707,Culture numérique,Question bonus : Quel est un exemple de donnée personnelle ?,Numéro de téléphone,Température d'une ville uniquement,Nom d'un protocole,Version d'un logiciel,0,10,moyen
Q03708,Culture numérique,Question bonus : Pourquoi vérifier une source en ligne ?,Limiter la diffusion de fausses informations,Augmenter le débit Internet,Créer un mot de passe,Installer Linux,0,10,moyen
Q03709,Culture numérique,Question bonus : Quel réflexe aide à repérer une fausse information ?,Comparer plusieurs sources fiables,Partager immédiatement,Ignorer la date,Se fier au titre uniquement,0,10,moyen
Q03710,Culture numérique,Question bonus : Que signifie IA générative ?,IA capable de produire du contenu à partir d'instructions/données,IA qui ne calcule rien,IA uniquement matérielle,IA sans modèle,0,10,moyen
Q03711,Culture numérique,Question bonus : Quel support est souvent utilisé pour une identité numérique événementielle ?,QR code,Disquette,VGA,PS/2,0,10,moyen
Q03712,Culture numérique,Question bonus : Quel avantage d'une application web progressive ?,Elle peut offrir une expérience proche d'une application tout en restant accessible par le web,Elle exige toujours un CD,Elle ne fonctionne qu'en mode texte,Elle ne peut jamais être installée,0,10,moyen
Q03713,Culture numérique,Question bonus : Quel terme décrit une mise à jour disponible en continu depuis Internet ?,Déploiement continu,Boot sector,Packet loss,Overclocking,0,10,moyen
Q03714,Culture numérique,Question bonus : Pourquoi utiliser un mot de passe unique par service ?,Limiter l'impact d'une fuite,Augmenter le nombre de virus,Supprimer le chiffrement,Créer des QR codes,0,10,moyen
Q03715,Culture numérique,Question bonus : Que signifie UX ?,User Experience,Universal XML,User Extension,Ultra Exchange,0,10,moyen
Q03716,Culture numérique,Question bonus : Que signifie UI ?,User Interface,Universal Internet,User Index,Ultra Input,0,10,moyen
Q03717,Culture numérique,Question éclair : Que signifie QR code ?,Quick Response code,Quality Router code,Quick Router command,Query Response computer,0,10,moyen
Q03718,Culture numérique,Question éclair : À quoi sert principalement un QR code dans un événement ?,Donner rapidement accès à une ressource ou une URL,Augmenter la RAM,Charger une batterie,Créer un compte bancaire,0,10,moyen
Q03719,Culture numérique,Question éclair : Quel réseau mondial relie des millions de réseaux ?,Internet,Bluetooth,USB,LAN local uniquement,0,10,moyen
Q03720,Culture numérique,Question éclair : Quel appareil est généralement utilisé pour scanner un QR code ?,Smartphone,Routeur,Clavier,Projecteur,0,10,moyen
Q03721,Culture numérique,Question éclair : Que signifie cloud computing ?,Utilisation de ressources informatiques à distance via réseau,Stockage uniquement sur clé USB,Calcul sans ordinateur,Internet sans serveur,0,10,moyen
Q03722,Culture numérique,Question éclair : Quel service permet de stocker des fichiers en ligne ?,Cloud storage,BIOS,CPU,HDMI,0,10,moyen
Q03723,Culture numérique,Question éclair : Que signifie open source ?,Code dont la licence permet l'accès et certaines formes de modification/redistribution,Logiciel sans code,Logiciel obligatoirement gratuit,Logiciel uniquement hors ligne,0,10,moyen
Q03724,Culture numérique,Question éclair : Pourquoi utiliser une identité numérique forte ?,Réduire les risques d'usurpation,Augmenter la luminosité,Créer du Wi-Fi,Accélérer une imprimante,0,10,moyen
Q03725,Culture numérique,Question éclair : Quel format est utilisé pour des données tabulaires simples ?,CSV,MP4,PNG,EXE,0,10,moyen
Q03726,Culture numérique,Question éclair : Quel outil permet de présenter des données sous forme de graphique ?,Tableur ou outil de visualisation,BIOS,DNS,SSH,0,10,moyen
Q03727,Culture numérique,Question éclair : Quel est le rôle d'un navigateur web ?,Accéder à des sites et applications web,Gérer une carte SIM,Remplacer le CPU,Créer des ports USB,0,10,moyen
Q03728,Culture numérique,Question éclair : Que signifie e-learning ?,Apprentissage électronique/numérique,Électricité intelligente,Écriture en ligne uniquement,Email learning uniquement,0,10,moyen
Q03729,Culture numérique,Question éclair : Quel bénéfice du numérique est important pour l'éducation ?,Accès élargi aux ressources,Suppression des enseignants,Absence de contenu,Interdiction de collaboration,0,10,moyen
Q03730,Culture numérique,Question éclair : Quel terme désigne une réunion à distance par vidéo ?,Visioconférence,Compilation,Virtualisation CPU,Routage,0,10,moyen
Q03731,Culture numérique,Question éclair : Quel est un exemple de donnée personnelle ?,Numéro de téléphone,Température d'une ville uniquement,Nom d'un protocole,Version d'un logiciel,0,10,moyen
Q03732,Culture numérique,Question éclair : Pourquoi vérifier une source en ligne ?,Limiter la diffusion de fausses informations,Augmenter le débit Internet,Créer un mot de passe,Installer Linux,0,10,moyen
Q03733,Culture numérique,Question éclair : Quel réflexe aide à repérer une fausse information ?,Comparer plusieurs sources fiables,Partager immédiatement,Ignorer la date,Se fier au titre uniquement,0,10,moyen
Q03734,Culture numérique,Question éclair : Que signifie IA générative ?,IA capable de produire du contenu à partir d'instructions/données,IA qui ne calcule rien,IA uniquement matérielle,IA sans modèle,0,10,moyen
Q03735,Culture numérique,Question éclair : Quel support est souvent utilisé pour une identité numérique événementielle ?,QR code,Disquette,VGA,PS/2,0,10,moyen
Q03736,Culture numérique,Question éclair : Quel avantage d'une application web progressive ?,Elle peut offrir une expérience proche d'une application tout en restant accessible par le web,Elle exige toujours un CD,Elle ne fonctionne qu'en mode texte,Elle ne peut jamais être installée,0,10,moyen
Q03737,Culture numérique,Question éclair : Quel terme décrit une mise à jour disponible en continu depuis Internet ?,Déploiement continu,Boot sector,Packet loss,Overclocking,0,10,moyen
Q03738,Culture numérique,Question éclair : Pourquoi utiliser un mot de passe unique par service ?,Limiter l'impact d'une fuite,Augmenter le nombre de virus,Supprimer le chiffrement,Créer des QR codes,0,10,moyen
Q03739,Culture numérique,Question éclair : Que signifie UX ?,User Experience,Universal XML,User Extension,Ultra Exchange,0,10,moyen
Q03740,Culture numérique,Question éclair : Que signifie UI ?,User Interface,Universal Internet,User Index,Ultra Input,0,10,moyen
Q03741,Culture numérique,Pour gagner des points : Que signifie QR code ?,Quick Response code,Quality Router code,Quick Router command,Query Response computer,0,10,moyen
Q03742,Culture numérique,Pour gagner des points : À quoi sert principalement un QR code dans un événement ?,Donner rapidement accès à une ressource ou une URL,Augmenter la RAM,Charger une batterie,Créer un compte bancaire,0,10,moyen
Q03743,Culture numérique,Pour gagner des points : Quel réseau mondial relie des millions de réseaux ?,Internet,Bluetooth,USB,LAN local uniquement,0,10,moyen
Q03744,Culture numérique,Pour gagner des points : Quel appareil est généralement utilisé pour scanner un QR code ?,Smartphone,Routeur,Clavier,Projecteur,0,10,moyen
Q03745,Culture numérique,Pour gagner des points : Que signifie cloud computing ?,Utilisation de ressources informatiques à distance via réseau,Stockage uniquement sur clé USB,Calcul sans ordinateur,Internet sans serveur,0,10,moyen
Q03746,Culture numérique,Pour gagner des points : Quel service permet de stocker des fichiers en ligne ?,Cloud storage,BIOS,CPU,HDMI,0,10,moyen
Q03747,Culture numérique,Pour gagner des points : Que signifie open source ?,Code dont la licence permet l'accès et certaines formes de modification/redistribution,Logiciel sans code,Logiciel obligatoirement gratuit,Logiciel uniquement hors ligne,0,10,moyen
Q03748,Culture numérique,Pour gagner des points : Pourquoi utiliser une identité numérique forte ?,Réduire les risques d'usurpation,Augmenter la luminosité,Créer du Wi-Fi,Accélérer une imprimante,0,10,moyen
Q03749,Culture numérique,Pour gagner des points : Quel format est utilisé pour des données tabulaires simples ?,CSV,MP4,PNG,EXE,0,10,moyen
Q03750,Culture numérique,Pour gagner des points : Quel outil permet de présenter des données sous forme de graphique ?,Tableur ou outil de visualisation,BIOS,DNS,SSH,0,10,moyen
Q03751,Culture numérique,Pour gagner des points : Quel est le rôle d'un navigateur web ?,Accéder à des sites et applications web,Gérer une carte SIM,Remplacer le CPU,Créer des ports USB,0,10,moyen
Q03752,Culture numérique,Pour gagner des points : Que signifie e-learning ?,Apprentissage électronique/numérique,Électricité intelligente,Écriture en ligne uniquement,Email learning uniquement,0,10,moyen
Q03753,Culture numérique,Pour gagner des points : Quel bénéfice du numérique est important pour l'éducation ?,Accès élargi aux ressources,Suppression des enseignants,Absence de contenu,Interdiction de collaboration,0,10,moyen
Q03754,Culture numérique,Pour gagner des points : Quel terme désigne une réunion à distance par vidéo ?,Visioconférence,Compilation,Virtualisation CPU,Routage,0,10,moyen
Q03755,Culture numérique,Pour gagner des points : Quel est un exemple de donnée personnelle ?,Numéro de téléphone,Température d'une ville uniquement,Nom d'un protocole,Version d'un logiciel,0,10,moyen
Q03756,Culture numérique,Pour gagner des points : Pourquoi vérifier une source en ligne ?,Limiter la diffusion de fausses informations,Augmenter le débit Internet,Créer un mot de passe,Installer Linux,0,10,moyen
Q03757,Culture numérique,Pour gagner des points : Quel réflexe aide à repérer une fausse information ?,Comparer plusieurs sources fiables,Partager immédiatement,Ignorer la date,Se fier au titre uniquement,0,10,moyen
Q03758,Culture numérique,Pour gagner des points : Que signifie IA générative ?,IA capable de produire du contenu à partir d'instructions/données,IA qui ne calcule rien,IA uniquement matérielle,IA sans modèle,0,10,moyen
Q03759,Culture numérique,Pour gagner des points : Quel support est souvent utilisé pour une identité numérique événementielle ?,QR code,Disquette,VGA,PS/2,0,10,moyen
Q03760,Culture numérique,Pour gagner des points : Quel avantage d'une application web progressive ?,Elle peut offrir une expérience proche d'une application tout en restant accessible par le web,Elle exige toujours un CD,Elle ne fonctionne qu'en mode texte,Elle ne peut jamais être installée,0,10,moyen
Q03761,Culture numérique,Pour gagner des points : Quel terme décrit une mise à jour disponible en continu depuis Internet ?,Déploiement continu,Boot sector,Packet loss,Overclocking,0,10,moyen
Q03762,Culture numérique,Pour gagner des points : Pourquoi utiliser un mot de passe unique par service ?,Limiter l'impact d'une fuite,Augmenter le nombre de virus,Supprimer le chiffrement,Créer des QR codes,0,10,moyen
Q03763,Culture numérique,Pour gagner des points : Que signifie UX ?,User Experience,Universal XML,User Extension,Ultra Exchange,0,10,moyen
Q03764,Culture numérique,Pour gagner des points : Que signifie UI ?,User Interface,Universal Internet,User Index,Ultra Input,0,10,moyen
Q03765,Culture numérique,À l'exposition : Que signifie QR code ?,Quick Response code,Quality Router code,Quick Router command,Query Response computer,0,10,moyen
Q03766,Culture numérique,À l'exposition : À quoi sert principalement un QR code dans un événement ?,Donner rapidement accès à une ressource ou une URL,Augmenter la RAM,Charger une batterie,Créer un compte bancaire,0,10,moyen
Q03767,Culture numérique,À l'exposition : Quel réseau mondial relie des millions de réseaux ?,Internet,Bluetooth,USB,LAN local uniquement,0,10,moyen
Q03768,Culture numérique,À l'exposition : Quel appareil est généralement utilisé pour scanner un QR code ?,Smartphone,Routeur,Clavier,Projecteur,0,10,moyen
Q03769,Culture numérique,À l'exposition : Que signifie cloud computing ?,Utilisation de ressources informatiques à distance via réseau,Stockage uniquement sur clé USB,Calcul sans ordinateur,Internet sans serveur,0,10,moyen
Q03770,Culture numérique,À l'exposition : Quel service permet de stocker des fichiers en ligne ?,Cloud storage,BIOS,CPU,HDMI,0,10,moyen
Q03771,Culture numérique,À l'exposition : Que signifie open source ?,Code dont la licence permet l'accès et certaines formes de modification/redistribution,Logiciel sans code,Logiciel obligatoirement gratuit,Logiciel uniquement hors ligne,0,10,moyen
Q03772,Culture numérique,À l'exposition : Pourquoi utiliser une identité numérique forte ?,Réduire les risques d'usurpation,Augmenter la luminosité,Créer du Wi-Fi,Accélérer une imprimante,0,10,moyen
Q03773,Culture numérique,À l'exposition : Quel format est utilisé pour des données tabulaires simples ?,CSV,MP4,PNG,EXE,0,10,moyen
Q03774,Culture numérique,À l'exposition : Quel outil permet de présenter des données sous forme de graphique ?,Tableur ou outil de visualisation,BIOS,DNS,SSH,0,10,moyen
Q03775,Culture numérique,À l'exposition : Quel est le rôle d'un navigateur web ?,Accéder à des sites et applications web,Gérer une carte SIM,Remplacer le CPU,Créer des ports USB,0,10,moyen
Q03776,Culture numérique,À l'exposition : Que signifie e-learning ?,Apprentissage électronique/numérique,Électricité intelligente,Écriture en ligne uniquement,Email learning uniquement,0,10,moyen
Q03777,Culture numérique,À l'exposition : Quel bénéfice du numérique est important pour l'éducation ?,Accès élargi aux ressources,Suppression des enseignants,Absence de contenu,Interdiction de collaboration,0,10,moyen
Q03778,Culture numérique,À l'exposition : Quel terme désigne une réunion à distance par vidéo ?,Visioconférence,Compilation,Virtualisation CPU,Routage,0,10,moyen
Q03779,Culture numérique,À l'exposition : Quel est un exemple de donnée personnelle ?,Numéro de téléphone,Température d'une ville uniquement,Nom d'un protocole,Version d'un logiciel,0,10,moyen
Q03780,Culture numérique,À l'exposition : Pourquoi vérifier une source en ligne ?,Limiter la diffusion de fausses informations,Augmenter le débit Internet,Créer un mot de passe,Installer Linux,0,10,moyen
Q03781,Culture numérique,À l'exposition : Quel réflexe aide à repérer une fausse information ?,Comparer plusieurs sources fiables,Partager immédiatement,Ignorer la date,Se fier au titre uniquement,0,10,moyen
Q03782,Culture numérique,À l'exposition : Que signifie IA générative ?,IA capable de produire du contenu à partir d'instructions/données,IA qui ne calcule rien,IA uniquement matérielle,IA sans modèle,0,10,moyen
Q03783,Culture numérique,À l'exposition : Quel support est souvent utilisé pour une identité numérique événementielle ?,QR code,Disquette,VGA,PS/2,0,10,moyen
Q03784,Culture numérique,À l'exposition : Quel avantage d'une application web progressive ?,Elle peut offrir une expérience proche d'une application tout en restant accessible par le web,Elle exige toujours un CD,Elle ne fonctionne qu'en mode texte,Elle ne peut jamais être installée,0,10,moyen
Q03785,Culture numérique,À l'exposition : Quel terme décrit une mise à jour disponible en continu depuis Internet ?,Déploiement continu,Boot sector,Packet loss,Overclocking,0,10,moyen
Q03786,Culture numérique,À l'exposition : Pourquoi utiliser un mot de passe unique par service ?,Limiter l'impact d'une fuite,Augmenter le nombre de virus,Supprimer le chiffrement,Créer des QR codes,0,10,moyen
Q03787,Culture numérique,À l'exposition : Que signifie UX ?,User Experience,Universal XML,User Extension,Ultra Exchange,0,10,moyen
Q03788,Culture numérique,À l'exposition : Que signifie UI ?,User Interface,Universal Internet,User Index,Ultra Input,0,10,moyen
Q03789,Culture numérique,Défi numérique : Que signifie QR code ?,Quick Response code,Quality Router code,Quick Router command,Query Response computer,0,10,moyen
Q03790,Culture numérique,Défi numérique : À quoi sert principalement un QR code dans un événement ?,Donner rapidement accès à une ressource ou une URL,Augmenter la RAM,Charger une batterie,Créer un compte bancaire,0,10,moyen
Q03791,Culture numérique,Défi numérique : Quel réseau mondial relie des millions de réseaux ?,Internet,Bluetooth,USB,LAN local uniquement,0,10,moyen
Q03792,Culture numérique,Défi numérique : Quel appareil est généralement utilisé pour scanner un QR code ?,Smartphone,Routeur,Clavier,Projecteur,0,10,moyen
Q03793,Culture numérique,Défi numérique : Que signifie cloud computing ?,Utilisation de ressources informatiques à distance via réseau,Stockage uniquement sur clé USB,Calcul sans ordinateur,Internet sans serveur,0,10,moyen
Q03794,Culture numérique,Défi numérique : Quel service permet de stocker des fichiers en ligne ?,Cloud storage,BIOS,CPU,HDMI,0,10,moyen
Q03795,Culture numérique,Défi numérique : Que signifie open source ?,Code dont la licence permet l'accès et certaines formes de modification/redistribution,Logiciel sans code,Logiciel obligatoirement gratuit,Logiciel uniquement hors ligne,0,10,moyen
Q03796,Culture numérique,Défi numérique : Pourquoi utiliser une identité numérique forte ?,Réduire les risques d'usurpation,Augmenter la luminosité,Créer du Wi-Fi,Accélérer une imprimante,0,10,moyen
Q03797,Culture numérique,Défi numérique : Quel format est utilisé pour des données tabulaires simples ?,CSV,MP4,PNG,EXE,0,10,moyen
Q03798,Culture numérique,Défi numérique : Quel outil permet de présenter des données sous forme de graphique ?,Tableur ou outil de visualisation,BIOS,DNS,SSH,0,10,moyen
Q03799,Culture numérique,Défi numérique : Quel est le rôle d'un navigateur web ?,Accéder à des sites et applications web,Gérer une carte SIM,Remplacer le CPU,Créer des ports USB,0,10,moyen
Q03800,Culture numérique,Défi numérique : Que signifie e-learning ?,Apprentissage électronique/numérique,Électricité intelligente,Écriture en ligne uniquement,Email learning uniquement,0,10,moyen
Q03801,Culture numérique,Défi numérique : Quel bénéfice du numérique est important pour l'éducation ?,Accès élargi aux ressources,Suppression des enseignants,Absence de contenu,Interdiction de collaboration,0,10,moyen
Q03802,Culture numérique,Défi numérique : Quel terme désigne une réunion à distance par vidéo ?,Visioconférence,Compilation,Virtualisation CPU,Routage,0,10,moyen
Q03803,Culture numérique,Défi numérique : Quel est un exemple de donnée personnelle ?,Numéro de téléphone,Température d'une ville uniquement,Nom d'un protocole,Version d'un logiciel,0,10,moyen
Q03804,Culture numérique,Défi numérique : Pourquoi vérifier une source en ligne ?,Limiter la diffusion de fausses informations,Augmenter le débit Internet,Créer un mot de passe,Installer Linux,0,10,moyen
Q03805,Culture numérique,Défi numérique : Quel réflexe aide à repérer une fausse information ?,Comparer plusieurs sources fiables,Partager immédiatement,Ignorer la date,Se fier au titre uniquement,0,10,moyen
Q03806,Culture numérique,Défi numérique : Que signifie IA générative ?,IA capable de produire du contenu à partir d'instructions/données,IA qui ne calcule rien,IA uniquement matérielle,IA sans modèle,0,10,moyen
Q03807,Culture numérique,Défi numérique : Quel support est souvent utilisé pour une identité numérique événementielle ?,QR code,Disquette,VGA,PS/2,0,10,moyen
Q03808,Culture numérique,Défi numérique : Quel avantage d'une application web progressive ?,Elle peut offrir une expérience proche d'une application tout en restant accessible par le web,Elle exige toujours un CD,Elle ne fonctionne qu'en mode texte,Elle ne peut jamais être installée,0,10,moyen
Q03809,Culture numérique,Défi numérique : Quel terme décrit une mise à jour disponible en continu depuis Internet ?,Déploiement continu,Boot sector,Packet loss,Overclocking,0,10,moyen
Q03810,Culture numérique,Défi numérique : Pourquoi utiliser un mot de passe unique par service ?,Limiter l'impact d'une fuite,Augmenter le nombre de virus,Supprimer le chiffrement,Créer des QR codes,0,10,moyen
Q03811,Culture numérique,Défi numérique : Que signifie UX ?,User Experience,Universal XML,User Extension,Ultra Exchange,0,10,moyen
Q03812,Culture numérique,Défi numérique : Que signifie UI ?,User Interface,Universal Internet,User Index,Ultra Input,0,10,moyen
Q03813,Culture numérique,À votre avis : Que signifie QR code ?,Quick Response code,Quality Router code,Quick Router command,Query Response computer,0,10,difficile
Q03814,Culture numérique,À votre avis : À quoi sert principalement un QR code dans un événement ?,Donner rapidement accès à une ressource ou une URL,Augmenter la RAM,Charger une batterie,Créer un compte bancaire,0,10,difficile
Q03815,Culture numérique,À votre avis : Quel réseau mondial relie des millions de réseaux ?,Internet,Bluetooth,USB,LAN local uniquement,0,10,difficile
Q03816,Culture numérique,À votre avis : Quel appareil est généralement utilisé pour scanner un QR code ?,Smartphone,Routeur,Clavier,Projecteur,0,10,difficile
Q03817,Culture numérique,À votre avis : Que signifie cloud computing ?,Utilisation de ressources informatiques à distance via réseau,Stockage uniquement sur clé USB,Calcul sans ordinateur,Internet sans serveur,0,10,difficile
Q03818,Culture numérique,À votre avis : Quel service permet de stocker des fichiers en ligne ?,Cloud storage,BIOS,CPU,HDMI,0,10,difficile
Q03819,Culture numérique,À votre avis : Que signifie open source ?,Code dont la licence permet l'accès et certaines formes de modification/redistribution,Logiciel sans code,Logiciel obligatoirement gratuit,Logiciel uniquement hors ligne,0,10,difficile
Q03820,Culture numérique,À votre avis : Pourquoi utiliser une identité numérique forte ?,Réduire les risques d'usurpation,Augmenter la luminosité,Créer du Wi-Fi,Accélérer une imprimante,0,10,difficile
Q03821,Culture numérique,À votre avis : Quel format est utilisé pour des données tabulaires simples ?,CSV,MP4,PNG,EXE,0,10,difficile
Q03822,Culture numérique,À votre avis : Quel outil permet de présenter des données sous forme de graphique ?,Tableur ou outil de visualisation,BIOS,DNS,SSH,0,10,difficile
Q03823,Culture numérique,À votre avis : Quel est le rôle d'un navigateur web ?,Accéder à des sites et applications web,Gérer une carte SIM,Remplacer le CPU,Créer des ports USB,0,10,difficile
Q03824,Culture numérique,À votre avis : Que signifie e-learning ?,Apprentissage électronique/numérique,Électricité intelligente,Écriture en ligne uniquement,Email learning uniquement,0,10,difficile
Q03825,Culture numérique,À votre avis : Quel bénéfice du numérique est important pour l'éducation ?,Accès élargi aux ressources,Suppression des enseignants,Absence de contenu,Interdiction de collaboration,0,10,difficile
Q03826,Culture numérique,À votre avis : Quel terme désigne une réunion à distance par vidéo ?,Visioconférence,Compilation,Virtualisation CPU,Routage,0,10,difficile
Q03827,Culture numérique,À votre avis : Quel est un exemple de donnée personnelle ?,Numéro de téléphone,Température d'une ville uniquement,Nom d'un protocole,Version d'un logiciel,0,10,difficile
Q03828,Culture numérique,À votre avis : Pourquoi vérifier une source en ligne ?,Limiter la diffusion de fausses informations,Augmenter le débit Internet,Créer un mot de passe,Installer Linux,0,10,difficile
Q03829,Culture numérique,À votre avis : Quel réflexe aide à repérer une fausse information ?,Comparer plusieurs sources fiables,Partager immédiatement,Ignorer la date,Se fier au titre uniquement,0,10,difficile
Q03830,Culture numérique,À votre avis : Que signifie IA générative ?,IA capable de produire du contenu à partir d'instructions/données,IA qui ne calcule rien,IA uniquement matérielle,IA sans modèle,0,10,difficile
Q03831,Culture numérique,À votre avis : Quel support est souvent utilisé pour une identité numérique événementielle ?,QR code,Disquette,VGA,PS/2,0,10,difficile
Q03832,Culture numérique,À votre avis : Quel avantage d'une application web progressive ?,Elle peut offrir une expérience proche d'une application tout en restant accessible par le web,Elle exige toujours un CD,Elle ne fonctionne qu'en mode texte,Elle ne peut jamais être installée,0,10,difficile
Q03833,Culture numérique,À votre avis : Quel terme décrit une mise à jour disponible en continu depuis Internet ?,Déploiement continu,Boot sector,Packet loss,Overclocking,0,10,difficile
Q03834,Culture numérique,À votre avis : Pourquoi utiliser un mot de passe unique par service ?,Limiter l'impact d'une fuite,Augmenter le nombre de virus,Supprimer le chiffrement,Créer des QR codes,0,10,difficile
Q03835,Culture numérique,À votre avis : Que signifie UX ?,User Experience,Universal XML,User Extension,Ultra Exchange,0,10,difficile
Q03836,Culture numérique,À votre avis : Que signifie UI ?,User Interface,Universal Internet,User Index,Ultra Input,0,10,difficile
Q03837,Culture numérique,Niveau quiz : Que signifie QR code ?,Quick Response code,Quality Router code,Quick Router command,Query Response computer,0,10,difficile
Q03838,Culture numérique,Niveau quiz : À quoi sert principalement un QR code dans un événement ?,Donner rapidement accès à une ressource ou une URL,Augmenter la RAM,Charger une batterie,Créer un compte bancaire,0,10,difficile
Q03839,Culture numérique,Niveau quiz : Quel réseau mondial relie des millions de réseaux ?,Internet,Bluetooth,USB,LAN local uniquement,0,10,difficile
Q03840,Culture numérique,Niveau quiz : Quel appareil est généralement utilisé pour scanner un QR code ?,Smartphone,Routeur,Clavier,Projecteur,0,10,difficile
Q03841,Culture numérique,Niveau quiz : Que signifie cloud computing ?,Utilisation de ressources informatiques à distance via réseau,Stockage uniquement sur clé USB,Calcul sans ordinateur,Internet sans serveur,0,10,difficile
Q03842,Culture numérique,Niveau quiz : Quel service permet de stocker des fichiers en ligne ?,Cloud storage,BIOS,CPU,HDMI,0,10,difficile
Q03843,Culture numérique,Niveau quiz : Que signifie open source ?,Code dont la licence permet l'accès et certaines formes de modification/redistribution,Logiciel sans code,Logiciel obligatoirement gratuit,Logiciel uniquement hors ligne,0,10,difficile
Q03844,Culture numérique,Niveau quiz : Pourquoi utiliser une identité numérique forte ?,Réduire les risques d'usurpation,Augmenter la luminosité,Créer du Wi-Fi,Accélérer une imprimante,0,10,difficile
Q03845,Culture numérique,Niveau quiz : Quel format est utilisé pour des données tabulaires simples ?,CSV,MP4,PNG,EXE,0,10,difficile
Q03846,Culture numérique,Niveau quiz : Quel outil permet de présenter des données sous forme de graphique ?,Tableur ou outil de visualisation,BIOS,DNS,SSH,0,10,difficile
Q03847,Culture numérique,Niveau quiz : Quel est le rôle d'un navigateur web ?,Accéder à des sites et applications web,Gérer une carte SIM,Remplacer le CPU,Créer des ports USB,0,10,difficile
Q03848,Culture numérique,Niveau quiz : Que signifie e-learning ?,Apprentissage électronique/numérique,Électricité intelligente,Écriture en ligne uniquement,Email learning uniquement,0,10,difficile
Q03849,Culture numérique,Niveau quiz : Quel bénéfice du numérique est important pour l'éducation ?,Accès élargi aux ressources,Suppression des enseignants,Absence de contenu,Interdiction de collaboration,0,10,difficile
Q03850,Culture numérique,Niveau quiz : Quel terme désigne une réunion à distance par vidéo ?,Visioconférence,Compilation,Virtualisation CPU,Routage,0,10,difficile
Q03851,Culture numérique,Niveau quiz : Quel est un exemple de donnée personnelle ?,Numéro de téléphone,Température d'une ville uniquement,Nom d'un protocole,Version d'un logiciel,0,10,difficile
Q03852,Culture numérique,Niveau quiz : Pourquoi vérifier une source en ligne ?,Limiter la diffusion de fausses informations,Augmenter le débit Internet,Créer un mot de passe,Installer Linux,0,10,difficile
Q03853,Culture numérique,Niveau quiz : Quel réflexe aide à repérer une fausse information ?,Comparer plusieurs sources fiables,Partager immédiatement,Ignorer la date,Se fier au titre uniquement,0,10,difficile
Q03854,Culture numérique,Niveau quiz : Que signifie IA générative ?,IA capable de produire du contenu à partir d'instructions/données,IA qui ne calcule rien,IA uniquement matérielle,IA sans modèle,0,10,difficile
Q03855,Culture numérique,Niveau quiz : Quel support est souvent utilisé pour une identité numérique événementielle ?,QR code,Disquette,VGA,PS/2,0,10,difficile
Q03856,Culture numérique,Niveau quiz : Quel avantage d'une application web progressive ?,Elle peut offrir une expérience proche d'une application tout en restant accessible par le web,Elle exige toujours un CD,Elle ne fonctionne qu'en mode texte,Elle ne peut jamais être installée,0,10,difficile
Q03857,Culture numérique,Niveau quiz : Quel terme décrit une mise à jour disponible en continu depuis Internet ?,Déploiement continu,Boot sector,Packet loss,Overclocking,0,10,difficile
Q03858,Culture numérique,Niveau quiz : Pourquoi utiliser un mot de passe unique par service ?,Limiter l'impact d'une fuite,Augmenter le nombre de virus,Supprimer le chiffrement,Créer des QR codes,0,10,difficile
Q03859,Culture numérique,Niveau quiz : Que signifie UX ?,User Experience,Universal XML,User Extension,Ultra Exchange,0,10,difficile
Q03860,Culture numérique,Niveau quiz : Que signifie UI ?,User Interface,Universal Internet,User Index,Ultra Input,0,10,difficile
Q03861,Culture numérique,Question suivante : Que signifie QR code ?,Quick Response code,Quality Router code,Quick Router command,Query Response computer,0,10,difficile
Q03862,Culture numérique,Question suivante : À quoi sert principalement un QR code dans un événement ?,Donner rapidement accès à une ressource ou une URL,Augmenter la RAM,Charger une batterie,Créer un compte bancaire,0,10,difficile
Q03863,Culture numérique,Question suivante : Quel réseau mondial relie des millions de réseaux ?,Internet,Bluetooth,USB,LAN local uniquement,0,10,difficile
Q03864,Culture numérique,Question suivante : Quel appareil est généralement utilisé pour scanner un QR code ?,Smartphone,Routeur,Clavier,Projecteur,0,10,difficile
Q03865,Culture numérique,Question suivante : Que signifie cloud computing ?,Utilisation de ressources informatiques à distance via réseau,Stockage uniquement sur clé USB,Calcul sans ordinateur,Internet sans serveur,0,10,difficile
Q03866,Culture numérique,Question suivante : Quel service permet de stocker des fichiers en ligne ?,Cloud storage,BIOS,CPU,HDMI,0,10,difficile
Q03867,Culture numérique,Question suivante : Que signifie open source ?,Code dont la licence permet l'accès et certaines formes de modification/redistribution,Logiciel sans code,Logiciel obligatoirement gratuit,Logiciel uniquement hors ligne,0,10,difficile
Q03868,Culture numérique,Question suivante : Pourquoi utiliser une identité numérique forte ?,Réduire les risques d'usurpation,Augmenter la luminosité,Créer du Wi-Fi,Accélérer une imprimante,0,10,difficile
Q03869,Culture numérique,Question suivante : Quel format est utilisé pour des données tabulaires simples ?,CSV,MP4,PNG,EXE,0,10,difficile
Q03870,Culture numérique,Question suivante : Quel outil permet de présenter des données sous forme de graphique ?,Tableur ou outil de visualisation,BIOS,DNS,SSH,0,10,difficile
Q03871,Culture numérique,Question suivante : Quel est le rôle d'un navigateur web ?,Accéder à des sites et applications web,Gérer une carte SIM,Remplacer le CPU,Créer des ports USB,0,10,difficile
Q03872,Culture numérique,Question suivante : Que signifie e-learning ?,Apprentissage électronique/numérique,Électricité intelligente,Écriture en ligne uniquement,Email learning uniquement,0,10,difficile
Q03873,Culture numérique,Question suivante : Quel bénéfice du numérique est important pour l'éducation ?,Accès élargi aux ressources,Suppression des enseignants,Absence de contenu,Interdiction de collaboration,0,10,difficile
Q03874,Culture numérique,Question suivante : Quel terme désigne une réunion à distance par vidéo ?,Visioconférence,Compilation,Virtualisation CPU,Routage,0,10,difficile
Q03875,Culture numérique,Question suivante : Quel est un exemple de donnée personnelle ?,Numéro de téléphone,Température d'une ville uniquement,Nom d'un protocole,Version d'un logiciel,0,10,difficile
Q03876,Culture numérique,Question suivante : Pourquoi vérifier une source en ligne ?,Limiter la diffusion de fausses informations,Augmenter le débit Internet,Créer un mot de passe,Installer Linux,0,10,difficile
Q03877,Culture numérique,Question suivante : Quel réflexe aide à repérer une fausse information ?,Comparer plusieurs sources fiables,Partager immédiatement,Ignorer la date,Se fier au titre uniquement,0,10,difficile
Q03878,Culture numérique,Question suivante : Que signifie IA générative ?,IA capable de produire du contenu à partir d'instructions/données,IA qui ne calcule rien,IA uniquement matérielle,IA sans modèle,0,10,difficile
Q03879,Culture numérique,Question suivante : Quel support est souvent utilisé pour une identité numérique événementielle ?,QR code,Disquette,VGA,PS/2,0,10,difficile
Q03880,Culture numérique,Question suivante : Quel avantage d'une application web progressive ?,Elle peut offrir une expérience proche d'une application tout en restant accessible par le web,Elle exige toujours un CD,Elle ne fonctionne qu'en mode texte,Elle ne peut jamais être installée,0,10,difficile
Q03881,Culture numérique,Question suivante : Quel terme décrit une mise à jour disponible en continu depuis Internet ?,Déploiement continu,Boot sector,Packet loss,Overclocking,0,10,difficile
Q03882,Culture numérique,Question suivante : Pourquoi utiliser un mot de passe unique par service ?,Limiter l'impact d'une fuite,Augmenter le nombre de virus,Supprimer le chiffrement,Créer des QR codes,0,10,difficile
Q03883,Culture numérique,Question suivante : Que signifie UX ?,User Experience,Universal XML,User Extension,Ultra Exchange,0,10,difficile
Q03884,Culture numérique,Question suivante : Que signifie UI ?,User Interface,Universal Internet,User Index,Ultra Input,0,10,difficile
Q03885,Culture numérique,Challenge visiteurs : Que signifie QR code ?,Quick Response code,Quality Router code,Quick Router command,Query Response computer,0,10,difficile
Q03886,Culture numérique,Challenge visiteurs : À quoi sert principalement un QR code dans un événement ?,Donner rapidement accès à une ressource ou une URL,Augmenter la RAM,Charger une batterie,Créer un compte bancaire,0,10,difficile
Q03887,Culture numérique,Challenge visiteurs : Quel réseau mondial relie des millions de réseaux ?,Internet,Bluetooth,USB,LAN local uniquement,0,10,difficile
Q03888,Culture numérique,Challenge visiteurs : Quel appareil est généralement utilisé pour scanner un QR code ?,Smartphone,Routeur,Clavier,Projecteur,0,10,difficile
Q03889,Culture numérique,Challenge visiteurs : Que signifie cloud computing ?,Utilisation de ressources informatiques à distance via réseau,Stockage uniquement sur clé USB,Calcul sans ordinateur,Internet sans serveur,0,10,difficile
Q03890,Culture numérique,Challenge visiteurs : Quel service permet de stocker des fichiers en ligne ?,Cloud storage,BIOS,CPU,HDMI,0,10,difficile
Q03891,Culture numérique,Challenge visiteurs : Que signifie open source ?,Code dont la licence permet l'accès et certaines formes de modification/redistribution,Logiciel sans code,Logiciel obligatoirement gratuit,Logiciel uniquement hors ligne,0,10,difficile
Q03892,Culture numérique,Challenge visiteurs : Pourquoi utiliser une identité numérique forte ?,Réduire les risques d'usurpation,Augmenter la luminosité,Créer du Wi-Fi,Accélérer une imprimante,0,10,difficile
Q03893,Culture numérique,Challenge visiteurs : Quel format est utilisé pour des données tabulaires simples ?,CSV,MP4,PNG,EXE,0,10,difficile
Q03894,Culture numérique,Challenge visiteurs : Quel outil permet de présenter des données sous forme de graphique ?,Tableur ou outil de visualisation,BIOS,DNS,SSH,0,10,difficile
Q03895,Culture numérique,Challenge visiteurs : Quel est le rôle d'un navigateur web ?,Accéder à des sites et applications web,Gérer une carte SIM,Remplacer le CPU,Créer des ports USB,0,10,difficile
Q03896,Culture numérique,Challenge visiteurs : Que signifie e-learning ?,Apprentissage électronique/numérique,Électricité intelligente,Écriture en ligne uniquement,Email learning uniquement,0,10,difficile
Q03897,Culture numérique,Challenge visiteurs : Quel bénéfice du numérique est important pour l'éducation ?,Accès élargi aux ressources,Suppression des enseignants,Absence de contenu,Interdiction de collaboration,0,10,difficile
Q03898,Culture numérique,Challenge visiteurs : Quel terme désigne une réunion à distance par vidéo ?,Visioconférence,Compilation,Virtualisation CPU,Routage,0,10,difficile
Q03899,Culture numérique,Challenge visiteurs : Quel est un exemple de donnée personnelle ?,Numéro de téléphone,Température d'une ville uniquement,Nom d'un protocole,Version d'un logiciel,0,10,difficile
Q03900,Culture numérique,Challenge visiteurs : Pourquoi vérifier une source en ligne ?,Limiter la diffusion de fausses informations,Augmenter le débit Internet,Créer un mot de passe,Installer Linux,0,10,difficile
Q03901,Culture numérique,Challenge visiteurs : Quel réflexe aide à repérer une fausse information ?,Comparer plusieurs sources fiables,Partager immédiatement,Ignorer la date,Se fier au titre uniquement,0,10,difficile
Q03902,Culture numérique,Challenge visiteurs : Que signifie IA générative ?,IA capable de produire du contenu à partir d'instructions/données,IA qui ne calcule rien,IA uniquement matérielle,IA sans modèle,0,10,difficile
Q03903,Culture numérique,Challenge visiteurs : Quel support est souvent utilisé pour une identité numérique événementielle ?,QR code,Disquette,VGA,PS/2,0,10,difficile
Q03904,Culture numérique,Challenge visiteurs : Quel avantage d'une application web progressive ?,Elle peut offrir une expérience proche d'une application tout en restant accessible par le web,Elle exige toujours un CD,Elle ne fonctionne qu'en mode texte,Elle ne peut jamais être installée,0,10,difficile
Q03905,Culture numérique,Challenge visiteurs : Quel terme décrit une mise à jour disponible en continu depuis Internet ?,Déploiement continu,Boot sector,Packet loss,Overclocking,0,10,difficile
Q03906,Culture numérique,Challenge visiteurs : Pourquoi utiliser un mot de passe unique par service ?,Limiter l'impact d'une fuite,Augmenter le nombre de virus,Supprimer le chiffrement,Créer des QR codes,0,10,difficile
Q03907,Culture numérique,Challenge visiteurs : Que signifie UX ?,User Experience,Universal XML,User Extension,Ultra Exchange,0,10,difficile
Q03908,Culture numérique,Challenge visiteurs : Que signifie UI ?,User Interface,Universal Internet,User Index,Ultra Input,0,10,difficile
Q03909,Culture numérique,Mode compétition : Que signifie QR code ?,Quick Response code,Quality Router code,Quick Router command,Query Response computer,0,10,difficile
Q03910,Culture numérique,Mode compétition : À quoi sert principalement un QR code dans un événement ?,Donner rapidement accès à une ressource ou une URL,Augmenter la RAM,Charger une batterie,Créer un compte bancaire,0,10,difficile
Q03911,Culture numérique,Mode compétition : Quel réseau mondial relie des millions de réseaux ?,Internet,Bluetooth,USB,LAN local uniquement,0,10,difficile
Q03912,Culture numérique,Mode compétition : Quel appareil est généralement utilisé pour scanner un QR code ?,Smartphone,Routeur,Clavier,Projecteur,0,10,difficile
Q03913,Culture numérique,Mode compétition : Que signifie cloud computing ?,Utilisation de ressources informatiques à distance via réseau,Stockage uniquement sur clé USB,Calcul sans ordinateur,Internet sans serveur,0,10,difficile
Q03914,Culture numérique,Mode compétition : Quel service permet de stocker des fichiers en ligne ?,Cloud storage,BIOS,CPU,HDMI,0,10,difficile
Q03915,Culture numérique,Mode compétition : Que signifie open source ?,Code dont la licence permet l'accès et certaines formes de modification/redistribution,Logiciel sans code,Logiciel obligatoirement gratuit,Logiciel uniquement hors ligne,0,10,difficile
Q03916,Culture numérique,Mode compétition : Pourquoi utiliser une identité numérique forte ?,Réduire les risques d'usurpation,Augmenter la luminosité,Créer du Wi-Fi,Accélérer une imprimante,0,10,difficile
Q03917,Culture numérique,Mode compétition : Quel format est utilisé pour des données tabulaires simples ?,CSV,MP4,PNG,EXE,0,10,difficile
Q03918,Culture numérique,Mode compétition : Quel outil permet de présenter des données sous forme de graphique ?,Tableur ou outil de visualisation,BIOS,DNS,SSH,0,10,difficile
Q03919,Culture numérique,Mode compétition : Quel est le rôle d'un navigateur web ?,Accéder à des sites et applications web,Gérer une carte SIM,Remplacer le CPU,Créer des ports USB,0,10,difficile
Q03920,Culture numérique,Mode compétition : Que signifie e-learning ?,Apprentissage électronique/numérique,Électricité intelligente,Écriture en ligne uniquement,Email learning uniquement,0,10,difficile
Q03921,Culture numérique,Mode compétition : Quel bénéfice du numérique est important pour l'éducation ?,Accès élargi aux ressources,Suppression des enseignants,Absence de contenu,Interdiction de collaboration,0,10,difficile
Q03922,Culture numérique,Mode compétition : Quel terme désigne une réunion à distance par vidéo ?,Visioconférence,Compilation,Virtualisation CPU,Routage,0,10,difficile
Q03923,Culture numérique,Mode compétition : Quel est un exemple de donnée personnelle ?,Numéro de téléphone,Température d'une ville uniquement,Nom d'un protocole,Version d'un logiciel,0,10,difficile
Q03924,Culture numérique,Mode compétition : Pourquoi vérifier une source en ligne ?,Limiter la diffusion de fausses informations,Augmenter le débit Internet,Créer un mot de passe,Installer Linux,0,10,difficile
Q03925,Culture numérique,Mode compétition : Quel réflexe aide à repérer une fausse information ?,Comparer plusieurs sources fiables,Partager immédiatement,Ignorer la date,Se fier au titre uniquement,0,10,difficile
Q03926,Culture numérique,Mode compétition : Que signifie IA générative ?,IA capable de produire du contenu à partir d'instructions/données,IA qui ne calcule rien,IA uniquement matérielle,IA sans modèle,0,10,difficile
Q03927,Culture numérique,Mode compétition : Quel support est souvent utilisé pour une identité numérique événementielle ?,QR code,Disquette,VGA,PS/2,0,10,difficile
Q03928,Culture numérique,Mode compétition : Quel avantage d'une application web progressive ?,Elle peut offrir une expérience proche d'une application tout en restant accessible par le web,Elle exige toujours un CD,Elle ne fonctionne qu'en mode texte,Elle ne peut jamais être installée,0,10,difficile
Q03929,Culture numérique,Mode compétition : Quel terme décrit une mise à jour disponible en continu depuis Internet ?,Déploiement continu,Boot sector,Packet loss,Overclocking,0,10,difficile
Q03930,Culture numérique,Mode compétition : Pourquoi utiliser un mot de passe unique par service ?,Limiter l'impact d'une fuite,Augmenter le nombre de virus,Supprimer le chiffrement,Créer des QR codes,0,10,difficile
Q03931,Culture numérique,Mode compétition : Que signifie UX ?,User Experience,Universal XML,User Extension,Ultra Exchange,0,10,difficile
Q03932,Culture numérique,Mode compétition : Que signifie UI ?,User Interface,Universal Internet,User Index,Ultra Input,0,10,difficile
Q03933,Culture numérique,Question expert : Que signifie QR code ?,Quick Response code,Quality Router code,Quick Router command,Query Response computer,0,10,difficile
Q03934,Culture numérique,Question expert : À quoi sert principalement un QR code dans un événement ?,Donner rapidement accès à une ressource ou une URL,Augmenter la RAM,Charger une batterie,Créer un compte bancaire,0,10,difficile
Q03935,Culture numérique,Question expert : Quel réseau mondial relie des millions de réseaux ?,Internet,Bluetooth,USB,LAN local uniquement,0,10,difficile
Q03936,Culture numérique,Question expert : Quel appareil est généralement utilisé pour scanner un QR code ?,Smartphone,Routeur,Clavier,Projecteur,0,10,difficile
Q03937,Culture numérique,Question expert : Que signifie cloud computing ?,Utilisation de ressources informatiques à distance via réseau,Stockage uniquement sur clé USB,Calcul sans ordinateur,Internet sans serveur,0,10,difficile
Q03938,Culture numérique,Question expert : Quel service permet de stocker des fichiers en ligne ?,Cloud storage,BIOS,CPU,HDMI,0,10,difficile
Q03939,Culture numérique,Question expert : Que signifie open source ?,Code dont la licence permet l'accès et certaines formes de modification/redistribution,Logiciel sans code,Logiciel obligatoirement gratuit,Logiciel uniquement hors ligne,0,10,difficile
Q03940,Culture numérique,Question expert : Pourquoi utiliser une identité numérique forte ?,Réduire les risques d'usurpation,Augmenter la luminosité,Créer du Wi-Fi,Accélérer une imprimante,0,10,difficile
Q03941,Culture numérique,Question expert : Quel format est utilisé pour des données tabulaires simples ?,CSV,MP4,PNG,EXE,0,10,difficile
Q03942,Culture numérique,Question expert : Quel outil permet de présenter des données sous forme de graphique ?,Tableur ou outil de visualisation,BIOS,DNS,SSH,0,10,difficile
Q03943,Culture numérique,Question expert : Quel est le rôle d'un navigateur web ?,Accéder à des sites et applications web,Gérer une carte SIM,Remplacer le CPU,Créer des ports USB,0,10,difficile
Q03944,Culture numérique,Question expert : Que signifie e-learning ?,Apprentissage électronique/numérique,Électricité intelligente,Écriture en ligne uniquement,Email learning uniquement,0,10,difficile
Q03945,Culture numérique,Question expert : Quel bénéfice du numérique est important pour l'éducation ?,Accès élargi aux ressources,Suppression des enseignants,Absence de contenu,Interdiction de collaboration,0,10,difficile
Q03946,Culture numérique,Question expert : Quel terme désigne une réunion à distance par vidéo ?,Visioconférence,Compilation,Virtualisation CPU,Routage,0,10,difficile
Q03947,Culture numérique,Question expert : Quel est un exemple de donnée personnelle ?,Numéro de téléphone,Température d'une ville uniquement,Nom d'un protocole,Version d'un logiciel,0,10,difficile
Q03948,Culture numérique,Question expert : Pourquoi vérifier une source en ligne ?,Limiter la diffusion de fausses informations,Augmenter le débit Internet,Créer un mot de passe,Installer Linux,0,10,difficile
Q03949,Culture numérique,Question expert : Quel réflexe aide à repérer une fausse information ?,Comparer plusieurs sources fiables,Partager immédiatement,Ignorer la date,Se fier au titre uniquement,0,10,difficile
Q03950,Culture numérique,Question expert : Que signifie IA générative ?,IA capable de produire du contenu à partir d'instructions/données,IA qui ne calcule rien,IA uniquement matérielle,IA sans modèle,0,10,difficile
Q03951,Culture numérique,Question expert : Quel support est souvent utilisé pour une identité numérique événementielle ?,QR code,Disquette,VGA,PS/2,0,10,difficile
Q03952,Culture numérique,Question expert : Quel avantage d'une application web progressive ?,Elle peut offrir une expérience proche d'une application tout en restant accessible par le web,Elle exige toujours un CD,Elle ne fonctionne qu'en mode texte,Elle ne peut jamais être installée,0,10,difficile
Q03953,Culture numérique,Question expert : Quel terme décrit une mise à jour disponible en continu depuis Internet ?,Déploiement continu,Boot sector,Packet loss,Overclocking,0,10,difficile
Q03954,Culture numérique,Question expert : Pourquoi utiliser un mot de passe unique par service ?,Limiter l'impact d'une fuite,Augmenter le nombre de virus,Supprimer le chiffrement,Créer des QR codes,0,10,difficile
Q03955,Culture numérique,Question expert : Que signifie UX ?,User Experience,Universal XML,User Extension,Ultra Exchange,0,10,difficile
Q03956,Culture numérique,Question expert : Que signifie UI ?,User Interface,Universal Internet,User Index,Ultra Input,0,10,difficile
Q03957,Culture numérique,Dernier défi : Que signifie QR code ?,Quick Response code,Quality Router code,Quick Router command,Query Response computer,0,10,difficile
Q03958,Culture numérique,Dernier défi : À quoi sert principalement un QR code dans un événement ?,Donner rapidement accès à une ressource ou une URL,Augmenter la RAM,Charger une batterie,Créer un compte bancaire,0,10,difficile
Q03959,Culture numérique,Dernier défi : Quel réseau mondial relie des millions de réseaux ?,Internet,Bluetooth,USB,LAN local uniquement,0,10,difficile
Q03960,Culture numérique,Dernier défi : Quel appareil est généralement utilisé pour scanner un QR code ?,Smartphone,Routeur,Clavier,Projecteur,0,10,difficile
Q03961,Culture numérique,Dernier défi : Que signifie cloud computing ?,Utilisation de ressources informatiques à distance via réseau,Stockage uniquement sur clé USB,Calcul sans ordinateur,Internet sans serveur,0,10,difficile
Q03962,Culture numérique,Dernier défi : Quel service permet de stocker des fichiers en ligne ?,Cloud storage,BIOS,CPU,HDMI,0,10,difficile
Q03963,Culture numérique,Dernier défi : Que signifie open source ?,Code dont la licence permet l'accès et certaines formes de modification/redistribution,Logiciel sans code,Logiciel obligatoirement gratuit,Logiciel uniquement hors ligne,0,10,difficile
Q03964,Culture numérique,Dernier défi : Pourquoi utiliser une identité numérique forte ?,Réduire les risques d'usurpation,Augmenter la luminosité,Créer du Wi-Fi,Accélérer une imprimante,0,10,difficile
Q03965,Culture numérique,Dernier défi : Quel format est utilisé pour des données tabulaires simples ?,CSV,MP4,PNG,EXE,0,10,difficile
Q03966,Culture numérique,Dernier défi : Quel outil permet de présenter des données sous forme de graphique ?,Tableur ou outil de visualisation,BIOS,DNS,SSH,0,10,difficile
Q03967,Culture numérique,Dernier défi : Quel est le rôle d'un navigateur web ?,Accéder à des sites et applications web,Gérer une carte SIM,Remplacer le CPU,Créer des ports USB,0,10,difficile
Q03968,Culture numérique,Dernier défi : Que signifie e-learning ?,Apprentissage électronique/numérique,Électricité intelligente,Écriture en ligne uniquement,Email learning uniquement,0,10,difficile
Q03969,Culture numérique,Dernier défi : Quel bénéfice du numérique est important pour l'éducation ?,Accès élargi aux ressources,Suppression des enseignants,Absence de contenu,Interdiction de collaboration,0,10,difficile
Q03970,Culture numérique,Dernier défi : Quel terme désigne une réunion à distance par vidéo ?,Visioconférence,Compilation,Virtualisation CPU,Routage,0,10,difficile
Q03971,Culture numérique,Dernier défi : Quel est un exemple de donnée personnelle ?,Numéro de téléphone,Température d'une ville uniquement,Nom d'un protocole,Version d'un logiciel,0,10,difficile
Q03972,Culture numérique,Dernier défi : Pourquoi vérifier une source en ligne ?,Limiter la diffusion de fausses informations,Augmenter le débit Internet,Créer un mot de passe,Installer Linux,0,10,difficile
Q03973,Culture numérique,Dernier défi : Quel réflexe aide à repérer une fausse information ?,Comparer plusieurs sources fiables,Partager immédiatement,Ignorer la date,Se fier au titre uniquement,0,10,difficile
Q03974,Culture numérique,Dernier défi : Que signifie IA générative ?,IA capable de produire du contenu à partir d'instructions/données,IA qui ne calcule rien,IA uniquement matérielle,IA sans modèle,0,10,difficile
Q03975,Culture numérique,Dernier défi : Quel support est souvent utilisé pour une identité numérique événementielle ?,QR code,Disquette,VGA,PS/2,0,10,difficile
Q03976,Culture numérique,Dernier défi : Quel avantage d'une application web progressive ?,Elle peut offrir une expérience proche d'une application tout en restant accessible par le web,Elle exige toujours un CD,Elle ne fonctionne qu'en mode texte,Elle ne peut jamais être installée,0,10,difficile
Q03977,Culture numérique,Dernier défi : Quel terme décrit une mise à jour disponible en continu depuis Internet ?,Déploiement continu,Boot sector,Packet loss,Overclocking,0,10,difficile
Q03978,Culture numérique,Dernier défi : Pourquoi utiliser un mot de passe unique par service ?,Limiter l'impact d'une fuite,Augmenter le nombre de virus,Supprimer le chiffrement,Créer des QR codes,0,10,difficile
Q03979,Culture numérique,Dernier défi : Que signifie UX ?,User Experience,Universal XML,User Extension,Ultra Exchange,0,10,difficile
Q03980,Culture numérique,Dernier défi : Que signifie UI ?,User Interface,Universal Internet,User Index,Ultra Input,0,10,difficile
Q03981,Culture numérique,Question rapide : Que signifie QR code ?,Quick Response code,Quality Router code,Quick Router command,Query Response computer,0,10,difficile
Q03982,Culture numérique,Question rapide : À quoi sert principalement un QR code dans un événement ?,Donner rapidement accès à une ressource ou une URL,Augmenter la RAM,Charger une batterie,Créer un compte bancaire,0,10,difficile
Q03983,Culture numérique,Question rapide : Quel réseau mondial relie des millions de réseaux ?,Internet,Bluetooth,USB,LAN local uniquement,0,10,difficile
Q03984,Culture numérique,Question rapide : Quel appareil est généralement utilisé pour scanner un QR code ?,Smartphone,Routeur,Clavier,Projecteur,0,10,difficile
Q03985,Culture numérique,Question rapide : Que signifie cloud computing ?,Utilisation de ressources informatiques à distance via réseau,Stockage uniquement sur clé USB,Calcul sans ordinateur,Internet sans serveur,0,10,difficile
Q03986,Culture numérique,Question rapide : Quel service permet de stocker des fichiers en ligne ?,Cloud storage,BIOS,CPU,HDMI,0,10,difficile
Q03987,Culture numérique,Question rapide : Que signifie open source ?,Code dont la licence permet l'accès et certaines formes de modification/redistribution,Logiciel sans code,Logiciel obligatoirement gratuit,Logiciel uniquement hors ligne,0,10,difficile
Q03988,Culture numérique,Question rapide : Pourquoi utiliser une identité numérique forte ?,Réduire les risques d'usurpation,Augmenter la luminosité,Créer du Wi-Fi,Accélérer une imprimante,0,10,difficile
Q03989,Culture numérique,Question rapide : Quel format est utilisé pour des données tabulaires simples ?,CSV,MP4,PNG,EXE,0,10,difficile
Q03990,Culture numérique,Question rapide : Quel outil permet de présenter des données sous forme de graphique ?,Tableur ou outil de visualisation,BIOS,DNS,SSH,0,10,difficile
Q03991,Culture numérique,Question rapide : Quel est le rôle d'un navigateur web ?,Accéder à des sites et applications web,Gérer une carte SIM,Remplacer le CPU,Créer des ports USB,0,10,difficile
Q03992,Culture numérique,Question rapide : Que signifie e-learning ?,Apprentissage électronique/numérique,Électricité intelligente,Écriture en ligne uniquement,Email learning uniquement,0,10,difficile
Q03993,Culture numérique,Question rapide : Quel bénéfice du numérique est important pour l'éducation ?,Accès élargi aux ressources,Suppression des enseignants,Absence de contenu,Interdiction de collaboration,0,10,difficile
Q03994,Culture numérique,Question rapide : Quel terme désigne une réunion à distance par vidéo ?,Visioconférence,Compilation,Virtualisation CPU,Routage,0,10,difficile
Q03995,Culture numérique,Question rapide : Quel est un exemple de donnée personnelle ?,Numéro de téléphone,Température d'une ville uniquement,Nom d'un protocole,Version d'un logiciel,0,10,difficile
Q03996,Culture numérique,Question rapide : Pourquoi vérifier une source en ligne ?,Limiter la diffusion de fausses informations,Augmenter le débit Internet,Créer un mot de passe,Installer Linux,0,10,difficile
Q03997,Culture numérique,Question rapide : Quel réflexe aide à repérer une fausse information ?,Comparer plusieurs sources fiables,Partager immédiatement,Ignorer la date,Se fier au titre uniquement,0,10,difficile
Q03998,Culture numérique,Question rapide : Que signifie IA générative ?,IA capable de produire du contenu à partir d'instructions/données,IA qui ne calcule rien,IA uniquement matérielle,IA sans modèle,0,10,difficile
Q03999,Culture numérique,Question rapide : Quel support est souvent utilisé pour une identité numérique événementielle ?,QR code,Disquette,VGA,PS/2,0,10,difficile
Q04000,Culture numérique,Question rapide : Quel avantage d'une application web progressive ?,Elle peut offrir une expérience proche d'une application tout en restant accessible par le web,Elle exige toujours un CD,Elle ne fonctionne qu'en mode texte,Elle ne peut jamais être installée,0,10,difficile
Q04001,Innovation & entrepreneuriat au Cameroun,Quel est un objectif courant d'une startup technologique ?,Résoudre un problème avec une solution innovante et viable,Vendre uniquement des produits importés,Éviter les utilisateurs,Supprimer les tests,0,10,facile
Q04002,Innovation & entrepreneuriat au Cameroun,Pourquoi adapter une solution au contexte camerounais ?,"Les besoins, infrastructures et usages locaux influencent la conception",Parce que le code ne fonctionne jamais,Pour supprimer Internet,Pour éviter les utilisateurs,0,10,facile
Q04003,Innovation & entrepreneuriat au Cameroun,Quel élément est essentiel dans un pitch ?,"Le problème, la solution, la valeur et le marché",Une longue liste de bibliothèques uniquement,Le code source complet,Les mots de passe,0,10,facile
Q04004,Innovation & entrepreneuriat au Cameroun,Quel indicateur mesure la satisfaction des utilisateurs ?,CSAT/NPS selon le dispositif,CPU,RAM,DNS,0,10,facile
Q04005,Innovation & entrepreneuriat au Cameroun,Quel modèle économique consiste à faire payer périodiquement ?,Abonnement,Compilation,Routage,Caching,0,10,facile
Q04006,Innovation & entrepreneuriat au Cameroun,Quel financement peut soutenir une startup innovante ?,"Subvention, concours ou investissement",Uniquement des likes,Uniquement du Wi-Fi,Uniquement des captures d'écran,0,10,facile
Q04007,Innovation & entrepreneuriat au Cameroun,Pourquoi réaliser un prototype ?,Tester rapidement une idée,Éviter toute validation,Remplacer l'équipe,Créer un serveur DNS,0,10,facile
Q04008,Innovation & entrepreneuriat au Cameroun,Que signifie MVP ?,Minimum Viable Product,Maximum Virtual Program,Mobile Version Protocol,Market Value Process,0,10,facile
Q04009,Innovation & entrepreneuriat au Cameroun,Quel est le rôle d'une étude de marché ?,"Comprendre clients, concurrents et opportunités",Compiler du code,Chiffrer un disque,Créer un QR code,0,10,facile
Q04010,Innovation & entrepreneuriat au Cameroun,Pourquoi mesurer l'adoption d'une solution ?,Savoir si les utilisateurs l'utilisent réellement,Augmenter la RAM,Changer le système d'exploitation,Créer un antivirus,0,10,facile
Q04011,Innovation & entrepreneuriat au Cameroun,Quel principe aide à développer une solution utile ?,Partir d'un problème réel,Commencer par le logo uniquement,Ignorer les utilisateurs,Éviter les tests,0,10,facile
Q04012,Innovation & entrepreneuriat au Cameroun,Quel terme désigne une entreprise innovante à fort potentiel de croissance ?,Startup,Routeur,Compilateur,Proxy,0,10,facile
Q04013,Innovation & entrepreneuriat au Cameroun,Quel est l'intérêt d'un partenariat technologique ?,"Accéder à des compétences, ressources ou marchés complémentaires",Supprimer les utilisateurs,Éviter les tests,Remplacer le produit,0,10,facile
Q04014,Innovation & entrepreneuriat au Cameroun,Quel rôle peut jouer un concours d'innovation ?,"Accélérer la visibilité, le financement et les rencontres",Garantir automatiquement un marché,Remplacer la validation,Supprimer les risques,0,10,facile
Q04015,Innovation & entrepreneuriat au Cameroun,Pourquoi documenter un projet ?,"Faciliter maintenance, transmission et collaboration",Empêcher l'équipe de travailler,Réduire la sécurité,Supprimer le code,0,10,facile
Q04016,Innovation & entrepreneuriat au Cameroun,Quel est un exemple d'innovation frugale ?,Concevoir une solution efficace avec des ressources limitées,Acheter le matériel le plus cher,Ignorer les contraintes,Utiliser uniquement la fibre,0,10,facile
Q04017,Innovation & entrepreneuriat au Cameroun,Quel enjeu est important pour les solutions rurales ?,Connectivité et accessibilité,Écrans 8K obligatoires,GPU haut de gamme obligatoire,Fibre dans chaque village,0,10,facile
Q04018,Innovation & entrepreneuriat au Cameroun,Quel type d'impact peut mesurer une solution agricole ?,Évolution des rendements ou des pratiques,Nombre de pixels du logo,Vitesse du clavier,Taille du dépôt Git,0,10,facile
Q04019,Innovation & entrepreneuriat au Cameroun,Pourquoi tester avec de vrais utilisateurs ?,Identifier les problèmes d'usage et améliorer la solution,Éviter le feedback,Réduire l'utilité,Créer un serveur,0,10,facile
Q04020,Innovation & entrepreneuriat au Cameroun,Quel document résume souvent un projet pour des partenaires ?,Pitch deck ou note conceptuelle,BIOS,CSS,Fichier audio,0,10,facile
Q04021,Innovation & entrepreneuriat au Cameroun,Quel concept désigne la capacité d'une entreprise à générer des revenus ?,Viabilité économique,Latence,Résolution,Compilation,0,10,facile
Q04022,Innovation & entrepreneuriat au Cameroun,Quel indicateur peut mesurer la rétention ?,Pourcentage d'utilisateurs qui reviennent,Taille du processeur,Nombre de ports USB,Débit HDMI,0,10,facile
Q04023,Innovation & entrepreneuriat au Cameroun,Quel canal peut être utile pour toucher des utilisateurs ruraux ?,Radio et réseaux mobiles selon le contexte,Fibre uniquement,VR uniquement,Serveur local obligatoire,0,10,facile
Q04024,Innovation & entrepreneuriat au Cameroun,Pourquoi la localisation linguistique est-elle importante ?,Elle peut améliorer compréhension et adoption,Elle augmente toujours le prix,Elle supprime les données,Elle empêche l'IA,0,10,facile
Q04025,Innovation & entrepreneuriat au Cameroun,Quel principe résume une bonne innovation ?,Créer de la valeur en répondant à un besoin réel,Ajouter des fonctions sans besoin,Éviter les utilisateurs,Copier sans adaptation,0,10,facile
Q04026,Innovation & entrepreneuriat au Cameroun,Au stand MIT : Quel est un objectif courant d'une startup technologique ?,Résoudre un problème avec une solution innovante et viable,Vendre uniquement des produits importés,Éviter les utilisateurs,Supprimer les tests,0,10,facile
Q04027,Innovation & entrepreneuriat au Cameroun,Au stand MIT : Pourquoi adapter une solution au contexte camerounais ?,"Les besoins, infrastructures et usages locaux influencent la conception",Parce que le code ne fonctionne jamais,Pour supprimer Internet,Pour éviter les utilisateurs,0,10,facile
Q04028,Innovation & entrepreneuriat au Cameroun,Au stand MIT : Quel élément est essentiel dans un pitch ?,"Le problème, la solution, la valeur et le marché",Une longue liste de bibliothèques uniquement,Le code source complet,Les mots de passe,0,10,facile
Q04029,Innovation & entrepreneuriat au Cameroun,Au stand MIT : Quel indicateur mesure la satisfaction des utilisateurs ?,CSAT/NPS selon le dispositif,CPU,RAM,DNS,0,10,facile
Q04030,Innovation & entrepreneuriat au Cameroun,Au stand MIT : Quel modèle économique consiste à faire payer périodiquement ?,Abonnement,Compilation,Routage,Caching,0,10,facile
Q04031,Innovation & entrepreneuriat au Cameroun,Au stand MIT : Quel financement peut soutenir une startup innovante ?,"Subvention, concours ou investissement",Uniquement des likes,Uniquement du Wi-Fi,Uniquement des captures d'écran,0,10,facile
Q04032,Innovation & entrepreneuriat au Cameroun,Au stand MIT : Pourquoi réaliser un prototype ?,Tester rapidement une idée,Éviter toute validation,Remplacer l'équipe,Créer un serveur DNS,0,10,facile
Q04033,Innovation & entrepreneuriat au Cameroun,Au stand MIT : Que signifie MVP ?,Minimum Viable Product,Maximum Virtual Program,Mobile Version Protocol,Market Value Process,0,10,facile
Q04034,Innovation & entrepreneuriat au Cameroun,Au stand MIT : Quel est le rôle d'une étude de marché ?,"Comprendre clients, concurrents et opportunités",Compiler du code,Chiffrer un disque,Créer un QR code,0,10,facile
Q04035,Innovation & entrepreneuriat au Cameroun,Au stand MIT : Pourquoi mesurer l'adoption d'une solution ?,Savoir si les utilisateurs l'utilisent réellement,Augmenter la RAM,Changer le système d'exploitation,Créer un antivirus,0,10,facile
Q04036,Innovation & entrepreneuriat au Cameroun,Au stand MIT : Quel principe aide à développer une solution utile ?,Partir d'un problème réel,Commencer par le logo uniquement,Ignorer les utilisateurs,Éviter les tests,0,10,facile
Q04037,Innovation & entrepreneuriat au Cameroun,Au stand MIT : Quel terme désigne une entreprise innovante à fort potentiel de croissance ?,Startup,Routeur,Compilateur,Proxy,0,10,facile
Q04038,Innovation & entrepreneuriat au Cameroun,Au stand MIT : Quel est l'intérêt d'un partenariat technologique ?,"Accéder à des compétences, ressources ou marchés complémentaires",Supprimer les utilisateurs,Éviter les tests,Remplacer le produit,0,10,facile
Q04039,Innovation & entrepreneuriat au Cameroun,Au stand MIT : Quel rôle peut jouer un concours d'innovation ?,"Accélérer la visibilité, le financement et les rencontres",Garantir automatiquement un marché,Remplacer la validation,Supprimer les risques,0,10,facile
Q04040,Innovation & entrepreneuriat au Cameroun,Au stand MIT : Pourquoi documenter un projet ?,"Faciliter maintenance, transmission et collaboration",Empêcher l'équipe de travailler,Réduire la sécurité,Supprimer le code,0,10,facile
Q04041,Innovation & entrepreneuriat au Cameroun,Au stand MIT : Quel est un exemple d'innovation frugale ?,Concevoir une solution efficace avec des ressources limitées,Acheter le matériel le plus cher,Ignorer les contraintes,Utiliser uniquement la fibre,0,10,facile
Q04042,Innovation & entrepreneuriat au Cameroun,Au stand MIT : Quel enjeu est important pour les solutions rurales ?,Connectivité et accessibilité,Écrans 8K obligatoires,GPU haut de gamme obligatoire,Fibre dans chaque village,0,10,facile
Q04043,Innovation & entrepreneuriat au Cameroun,Au stand MIT : Quel type d'impact peut mesurer une solution agricole ?,Évolution des rendements ou des pratiques,Nombre de pixels du logo,Vitesse du clavier,Taille du dépôt Git,0,10,facile
Q04044,Innovation & entrepreneuriat au Cameroun,Au stand MIT : Pourquoi tester avec de vrais utilisateurs ?,Identifier les problèmes d'usage et améliorer la solution,Éviter le feedback,Réduire l'utilité,Créer un serveur,0,10,facile
Q04045,Innovation & entrepreneuriat au Cameroun,Au stand MIT : Quel document résume souvent un projet pour des partenaires ?,Pitch deck ou note conceptuelle,BIOS,CSS,Fichier audio,0,10,facile
Q04046,Innovation & entrepreneuriat au Cameroun,Au stand MIT : Quel concept désigne la capacité d'une entreprise à générer des revenus ?,Viabilité économique,Latence,Résolution,Compilation,0,10,facile
Q04047,Innovation & entrepreneuriat au Cameroun,Au stand MIT : Quel indicateur peut mesurer la rétention ?,Pourcentage d'utilisateurs qui reviennent,Taille du processeur,Nombre de ports USB,Débit HDMI,0,10,facile
Q04048,Innovation & entrepreneuriat au Cameroun,Au stand MIT : Quel canal peut être utile pour toucher des utilisateurs ruraux ?,Radio et réseaux mobiles selon le contexte,Fibre uniquement,VR uniquement,Serveur local obligatoire,0,10,facile
Q04049,Innovation & entrepreneuriat au Cameroun,Au stand MIT : Pourquoi la localisation linguistique est-elle importante ?,Elle peut améliorer compréhension et adoption,Elle augmente toujours le prix,Elle supprime les données,Elle empêche l'IA,0,10,facile
Q04050,Innovation & entrepreneuriat au Cameroun,Au stand MIT : Quel principe résume une bonne innovation ?,Créer de la valeur en répondant à un besoin réel,Ajouter des fonctions sans besoin,Éviter les utilisateurs,Copier sans adaptation,0,10,facile
Q04051,Innovation & entrepreneuriat au Cameroun,Défi express : Quel est un objectif courant d'une startup technologique ?,Résoudre un problème avec une solution innovante et viable,Vendre uniquement des produits importés,Éviter les utilisateurs,Supprimer les tests,0,10,facile
Q04052,Innovation & entrepreneuriat au Cameroun,Défi express : Pourquoi adapter une solution au contexte camerounais ?,"Les besoins, infrastructures et usages locaux influencent la conception",Parce que le code ne fonctionne jamais,Pour supprimer Internet,Pour éviter les utilisateurs,0,10,facile
Q04053,Innovation & entrepreneuriat au Cameroun,Défi express : Quel élément est essentiel dans un pitch ?,"Le problème, la solution, la valeur et le marché",Une longue liste de bibliothèques uniquement,Le code source complet,Les mots de passe,0,10,facile
Q04054,Innovation & entrepreneuriat au Cameroun,Défi express : Quel indicateur mesure la satisfaction des utilisateurs ?,CSAT/NPS selon le dispositif,CPU,RAM,DNS,0,10,facile
Q04055,Innovation & entrepreneuriat au Cameroun,Défi express : Quel modèle économique consiste à faire payer périodiquement ?,Abonnement,Compilation,Routage,Caching,0,10,facile
Q04056,Innovation & entrepreneuriat au Cameroun,Défi express : Quel financement peut soutenir une startup innovante ?,"Subvention, concours ou investissement",Uniquement des likes,Uniquement du Wi-Fi,Uniquement des captures d'écran,0,10,facile
Q04057,Innovation & entrepreneuriat au Cameroun,Défi express : Pourquoi réaliser un prototype ?,Tester rapidement une idée,Éviter toute validation,Remplacer l'équipe,Créer un serveur DNS,0,10,facile
Q04058,Innovation & entrepreneuriat au Cameroun,Défi express : Que signifie MVP ?,Minimum Viable Product,Maximum Virtual Program,Mobile Version Protocol,Market Value Process,0,10,facile
Q04059,Innovation & entrepreneuriat au Cameroun,Défi express : Quel est le rôle d'une étude de marché ?,"Comprendre clients, concurrents et opportunités",Compiler du code,Chiffrer un disque,Créer un QR code,0,10,facile
Q04060,Innovation & entrepreneuriat au Cameroun,Défi express : Pourquoi mesurer l'adoption d'une solution ?,Savoir si les utilisateurs l'utilisent réellement,Augmenter la RAM,Changer le système d'exploitation,Créer un antivirus,0,10,facile
Q04061,Innovation & entrepreneuriat au Cameroun,Défi express : Quel principe aide à développer une solution utile ?,Partir d'un problème réel,Commencer par le logo uniquement,Ignorer les utilisateurs,Éviter les tests,0,10,facile
Q04062,Innovation & entrepreneuriat au Cameroun,Défi express : Quel terme désigne une entreprise innovante à fort potentiel de croissance ?,Startup,Routeur,Compilateur,Proxy,0,10,facile
Q04063,Innovation & entrepreneuriat au Cameroun,Défi express : Quel est l'intérêt d'un partenariat technologique ?,"Accéder à des compétences, ressources ou marchés complémentaires",Supprimer les utilisateurs,Éviter les tests,Remplacer le produit,0,10,facile
Q04064,Innovation & entrepreneuriat au Cameroun,Défi express : Quel rôle peut jouer un concours d'innovation ?,"Accélérer la visibilité, le financement et les rencontres",Garantir automatiquement un marché,Remplacer la validation,Supprimer les risques,0,10,facile
Q04065,Innovation & entrepreneuriat au Cameroun,Défi express : Pourquoi documenter un projet ?,"Faciliter maintenance, transmission et collaboration",Empêcher l'équipe de travailler,Réduire la sécurité,Supprimer le code,0,10,facile
Q04066,Innovation & entrepreneuriat au Cameroun,Défi express : Quel est un exemple d'innovation frugale ?,Concevoir une solution efficace avec des ressources limitées,Acheter le matériel le plus cher,Ignorer les contraintes,Utiliser uniquement la fibre,0,10,facile
Q04067,Innovation & entrepreneuriat au Cameroun,Défi express : Quel enjeu est important pour les solutions rurales ?,Connectivité et accessibilité,Écrans 8K obligatoires,GPU haut de gamme obligatoire,Fibre dans chaque village,0,10,facile
Q04068,Innovation & entrepreneuriat au Cameroun,Défi express : Quel type d'impact peut mesurer une solution agricole ?,Évolution des rendements ou des pratiques,Nombre de pixels du logo,Vitesse du clavier,Taille du dépôt Git,0,10,facile
Q04069,Innovation & entrepreneuriat au Cameroun,Défi express : Pourquoi tester avec de vrais utilisateurs ?,Identifier les problèmes d'usage et améliorer la solution,Éviter le feedback,Réduire l'utilité,Créer un serveur,0,10,facile
Q04070,Innovation & entrepreneuriat au Cameroun,Défi express : Quel document résume souvent un projet pour des partenaires ?,Pitch deck ou note conceptuelle,BIOS,CSS,Fichier audio,0,10,facile
Q04071,Innovation & entrepreneuriat au Cameroun,Défi express : Quel concept désigne la capacité d'une entreprise à générer des revenus ?,Viabilité économique,Latence,Résolution,Compilation,0,10,facile
Q04072,Innovation & entrepreneuriat au Cameroun,Défi express : Quel indicateur peut mesurer la rétention ?,Pourcentage d'utilisateurs qui reviennent,Taille du processeur,Nombre de ports USB,Débit HDMI,0,10,facile
Q04073,Innovation & entrepreneuriat au Cameroun,Défi express : Quel canal peut être utile pour toucher des utilisateurs ruraux ?,Radio et réseaux mobiles selon le contexte,Fibre uniquement,VR uniquement,Serveur local obligatoire,0,10,facile
Q04074,Innovation & entrepreneuriat au Cameroun,Défi express : Pourquoi la localisation linguistique est-elle importante ?,Elle peut améliorer compréhension et adoption,Elle augmente toujours le prix,Elle supprime les données,Elle empêche l'IA,0,10,facile
Q04075,Innovation & entrepreneuriat au Cameroun,Défi express : Quel principe résume une bonne innovation ?,Créer de la valeur en répondant à un besoin réel,Ajouter des fonctions sans besoin,Éviter les utilisateurs,Copier sans adaptation,0,10,facile
Q04076,Innovation & entrepreneuriat au Cameroun,Testez vos connaissances : Quel est un objectif courant d'une startup technologique ?,Résoudre un problème avec une solution innovante et viable,Vendre uniquement des produits importés,Éviter les utilisateurs,Supprimer les tests,0,10,facile
Q04077,Innovation & entrepreneuriat au Cameroun,Testez vos connaissances : Pourquoi adapter une solution au contexte camerounais ?,"Les besoins, infrastructures et usages locaux influencent la conception",Parce que le code ne fonctionne jamais,Pour supprimer Internet,Pour éviter les utilisateurs,0,10,facile
Q04078,Innovation & entrepreneuriat au Cameroun,Testez vos connaissances : Quel élément est essentiel dans un pitch ?,"Le problème, la solution, la valeur et le marché",Une longue liste de bibliothèques uniquement,Le code source complet,Les mots de passe,0,10,facile
Q04079,Innovation & entrepreneuriat au Cameroun,Testez vos connaissances : Quel indicateur mesure la satisfaction des utilisateurs ?,CSAT/NPS selon le dispositif,CPU,RAM,DNS,0,10,facile
Q04080,Innovation & entrepreneuriat au Cameroun,Testez vos connaissances : Quel modèle économique consiste à faire payer périodiquement ?,Abonnement,Compilation,Routage,Caching,0,10,facile
Q04081,Innovation & entrepreneuriat au Cameroun,Testez vos connaissances : Quel financement peut soutenir une startup innovante ?,"Subvention, concours ou investissement",Uniquement des likes,Uniquement du Wi-Fi,Uniquement des captures d'écran,0,10,facile
Q04082,Innovation & entrepreneuriat au Cameroun,Testez vos connaissances : Pourquoi réaliser un prototype ?,Tester rapidement une idée,Éviter toute validation,Remplacer l'équipe,Créer un serveur DNS,0,10,facile
Q04083,Innovation & entrepreneuriat au Cameroun,Testez vos connaissances : Que signifie MVP ?,Minimum Viable Product,Maximum Virtual Program,Mobile Version Protocol,Market Value Process,0,10,facile
Q04084,Innovation & entrepreneuriat au Cameroun,Testez vos connaissances : Quel est le rôle d'une étude de marché ?,"Comprendre clients, concurrents et opportunités",Compiler du code,Chiffrer un disque,Créer un QR code,0,10,facile
Q04085,Innovation & entrepreneuriat au Cameroun,Testez vos connaissances : Pourquoi mesurer l'adoption d'une solution ?,Savoir si les utilisateurs l'utilisent réellement,Augmenter la RAM,Changer le système d'exploitation,Créer un antivirus,0,10,facile
Q04086,Innovation & entrepreneuriat au Cameroun,Testez vos connaissances : Quel principe aide à développer une solution utile ?,Partir d'un problème réel,Commencer par le logo uniquement,Ignorer les utilisateurs,Éviter les tests,0,10,facile
Q04087,Innovation & entrepreneuriat au Cameroun,Testez vos connaissances : Quel terme désigne une entreprise innovante à fort potentiel de croissance ?,Startup,Routeur,Compilateur,Proxy,0,10,facile
Q04088,Innovation & entrepreneuriat au Cameroun,Testez vos connaissances : Quel est l'intérêt d'un partenariat technologique ?,"Accéder à des compétences, ressources ou marchés complémentaires",Supprimer les utilisateurs,Éviter les tests,Remplacer le produit,0,10,facile
Q04089,Innovation & entrepreneuriat au Cameroun,Testez vos connaissances : Quel rôle peut jouer un concours d'innovation ?,"Accélérer la visibilité, le financement et les rencontres",Garantir automatiquement un marché,Remplacer la validation,Supprimer les risques,0,10,facile
Q04090,Innovation & entrepreneuriat au Cameroun,Testez vos connaissances : Pourquoi documenter un projet ?,"Faciliter maintenance, transmission et collaboration",Empêcher l'équipe de travailler,Réduire la sécurité,Supprimer le code,0,10,facile
Q04091,Innovation & entrepreneuriat au Cameroun,Testez vos connaissances : Quel est un exemple d'innovation frugale ?,Concevoir une solution efficace avec des ressources limitées,Acheter le matériel le plus cher,Ignorer les contraintes,Utiliser uniquement la fibre,0,10,facile
Q04092,Innovation & entrepreneuriat au Cameroun,Testez vos connaissances : Quel enjeu est important pour les solutions rurales ?,Connectivité et accessibilité,Écrans 8K obligatoires,GPU haut de gamme obligatoire,Fibre dans chaque village,0,10,facile
Q04093,Innovation & entrepreneuriat au Cameroun,Testez vos connaissances : Quel type d'impact peut mesurer une solution agricole ?,Évolution des rendements ou des pratiques,Nombre de pixels du logo,Vitesse du clavier,Taille du dépôt Git,0,10,facile
Q04094,Innovation & entrepreneuriat au Cameroun,Testez vos connaissances : Pourquoi tester avec de vrais utilisateurs ?,Identifier les problèmes d'usage et améliorer la solution,Éviter le feedback,Réduire l'utilité,Créer un serveur,0,10,facile
Q04095,Innovation & entrepreneuriat au Cameroun,Testez vos connaissances : Quel document résume souvent un projet pour des partenaires ?,Pitch deck ou note conceptuelle,BIOS,CSS,Fichier audio,0,10,facile
Q04096,Innovation & entrepreneuriat au Cameroun,Testez vos connaissances : Quel concept désigne la capacité d'une entreprise à générer des revenus ?,Viabilité économique,Latence,Résolution,Compilation,0,10,facile
Q04097,Innovation & entrepreneuriat au Cameroun,Testez vos connaissances : Quel indicateur peut mesurer la rétention ?,Pourcentage d'utilisateurs qui reviennent,Taille du processeur,Nombre de ports USB,Débit HDMI,0,10,facile
Q04098,Innovation & entrepreneuriat au Cameroun,Testez vos connaissances : Quel canal peut être utile pour toucher des utilisateurs ruraux ?,Radio et réseaux mobiles selon le contexte,Fibre uniquement,VR uniquement,Serveur local obligatoire,0,10,facile
Q04099,Innovation & entrepreneuriat au Cameroun,Testez vos connaissances : Pourquoi la localisation linguistique est-elle importante ?,Elle peut améliorer compréhension et adoption,Elle augmente toujours le prix,Elle supprime les données,Elle empêche l'IA,0,10,facile
Q04100,Innovation & entrepreneuriat au Cameroun,Testez vos connaissances : Quel principe résume une bonne innovation ?,Créer de la valeur en répondant à un besoin réel,Ajouter des fonctions sans besoin,Éviter les utilisateurs,Copier sans adaptation,0,10,facile
Q04101,Innovation & entrepreneuriat au Cameroun,Le saviez-vous ? Quel est un objectif courant d'une startup technologique ?,Résoudre un problème avec une solution innovante et viable,Vendre uniquement des produits importés,Éviter les utilisateurs,Supprimer les tests,0,10,facile
Q04102,Innovation & entrepreneuriat au Cameroun,Le saviez-vous ? Pourquoi adapter une solution au contexte camerounais ?,"Les besoins, infrastructures et usages locaux influencent la conception",Parce que le code ne fonctionne jamais,Pour supprimer Internet,Pour éviter les utilisateurs,0,10,facile
Q04103,Innovation & entrepreneuriat au Cameroun,Le saviez-vous ? Quel élément est essentiel dans un pitch ?,"Le problème, la solution, la valeur et le marché",Une longue liste de bibliothèques uniquement,Le code source complet,Les mots de passe,0,10,facile
Q04104,Innovation & entrepreneuriat au Cameroun,Le saviez-vous ? Quel indicateur mesure la satisfaction des utilisateurs ?,CSAT/NPS selon le dispositif,CPU,RAM,DNS,0,10,facile
Q04105,Innovation & entrepreneuriat au Cameroun,Le saviez-vous ? Quel modèle économique consiste à faire payer périodiquement ?,Abonnement,Compilation,Routage,Caching,0,10,facile
Q04106,Innovation & entrepreneuriat au Cameroun,Le saviez-vous ? Quel financement peut soutenir une startup innovante ?,"Subvention, concours ou investissement",Uniquement des likes,Uniquement du Wi-Fi,Uniquement des captures d'écran,0,10,facile
Q04107,Innovation & entrepreneuriat au Cameroun,Le saviez-vous ? Pourquoi réaliser un prototype ?,Tester rapidement une idée,Éviter toute validation,Remplacer l'équipe,Créer un serveur DNS,0,10,facile
Q04108,Innovation & entrepreneuriat au Cameroun,Le saviez-vous ? Que signifie MVP ?,Minimum Viable Product,Maximum Virtual Program,Mobile Version Protocol,Market Value Process,0,10,facile
Q04109,Innovation & entrepreneuriat au Cameroun,Le saviez-vous ? Quel est le rôle d'une étude de marché ?,"Comprendre clients, concurrents et opportunités",Compiler du code,Chiffrer un disque,Créer un QR code,0,10,facile
Q04110,Innovation & entrepreneuriat au Cameroun,Le saviez-vous ? Pourquoi mesurer l'adoption d'une solution ?,Savoir si les utilisateurs l'utilisent réellement,Augmenter la RAM,Changer le système d'exploitation,Créer un antivirus,0,10,facile
Q04111,Innovation & entrepreneuriat au Cameroun,Le saviez-vous ? Quel principe aide à développer une solution utile ?,Partir d'un problème réel,Commencer par le logo uniquement,Ignorer les utilisateurs,Éviter les tests,0,10,facile
Q04112,Innovation & entrepreneuriat au Cameroun,Le saviez-vous ? Quel terme désigne une entreprise innovante à fort potentiel de croissance ?,Startup,Routeur,Compilateur,Proxy,0,10,facile
Q04113,Innovation & entrepreneuriat au Cameroun,Le saviez-vous ? Quel est l'intérêt d'un partenariat technologique ?,"Accéder à des compétences, ressources ou marchés complémentaires",Supprimer les utilisateurs,Éviter les tests,Remplacer le produit,0,10,facile
Q04114,Innovation & entrepreneuriat au Cameroun,Le saviez-vous ? Quel rôle peut jouer un concours d'innovation ?,"Accélérer la visibilité, le financement et les rencontres",Garantir automatiquement un marché,Remplacer la validation,Supprimer les risques,0,10,facile
Q04115,Innovation & entrepreneuriat au Cameroun,Le saviez-vous ? Pourquoi documenter un projet ?,"Faciliter maintenance, transmission et collaboration",Empêcher l'équipe de travailler,Réduire la sécurité,Supprimer le code,0,10,facile
Q04116,Innovation & entrepreneuriat au Cameroun,Le saviez-vous ? Quel est un exemple d'innovation frugale ?,Concevoir une solution efficace avec des ressources limitées,Acheter le matériel le plus cher,Ignorer les contraintes,Utiliser uniquement la fibre,0,10,facile
Q04117,Innovation & entrepreneuriat au Cameroun,Le saviez-vous ? Quel enjeu est important pour les solutions rurales ?,Connectivité et accessibilité,Écrans 8K obligatoires,GPU haut de gamme obligatoire,Fibre dans chaque village,0,10,facile
Q04118,Innovation & entrepreneuriat au Cameroun,Le saviez-vous ? Quel type d'impact peut mesurer une solution agricole ?,Évolution des rendements ou des pratiques,Nombre de pixels du logo,Vitesse du clavier,Taille du dépôt Git,0,10,facile
Q04119,Innovation & entrepreneuriat au Cameroun,Le saviez-vous ? Pourquoi tester avec de vrais utilisateurs ?,Identifier les problèmes d'usage et améliorer la solution,Éviter le feedback,Réduire l'utilité,Créer un serveur,0,10,facile
Q04120,Innovation & entrepreneuriat au Cameroun,Le saviez-vous ? Quel document résume souvent un projet pour des partenaires ?,Pitch deck ou note conceptuelle,BIOS,CSS,Fichier audio,0,10,facile
Q04121,Innovation & entrepreneuriat au Cameroun,Le saviez-vous ? Quel concept désigne la capacité d'une entreprise à générer des revenus ?,Viabilité économique,Latence,Résolution,Compilation,0,10,facile
Q04122,Innovation & entrepreneuriat au Cameroun,Le saviez-vous ? Quel indicateur peut mesurer la rétention ?,Pourcentage d'utilisateurs qui reviennent,Taille du processeur,Nombre de ports USB,Débit HDMI,0,10,facile
Q04123,Innovation & entrepreneuriat au Cameroun,Le saviez-vous ? Quel canal peut être utile pour toucher des utilisateurs ruraux ?,Radio et réseaux mobiles selon le contexte,Fibre uniquement,VR uniquement,Serveur local obligatoire,0,10,facile
Q04124,Innovation & entrepreneuriat au Cameroun,Le saviez-vous ? Pourquoi la localisation linguistique est-elle importante ?,Elle peut améliorer compréhension et adoption,Elle augmente toujours le prix,Elle supprime les données,Elle empêche l'IA,0,10,facile
Q04125,Innovation & entrepreneuriat au Cameroun,Le saviez-vous ? Quel principe résume une bonne innovation ?,Créer de la valeur en répondant à un besoin réel,Ajouter des fonctions sans besoin,Éviter les utilisateurs,Copier sans adaptation,0,10,facile
Q04126,Innovation & entrepreneuriat au Cameroun,Quiz du jour : Quel est un objectif courant d'une startup technologique ?,Résoudre un problème avec une solution innovante et viable,Vendre uniquement des produits importés,Éviter les utilisateurs,Supprimer les tests,0,10,moyen
Q04127,Innovation & entrepreneuriat au Cameroun,Quiz du jour : Pourquoi adapter une solution au contexte camerounais ?,"Les besoins, infrastructures et usages locaux influencent la conception",Parce que le code ne fonctionne jamais,Pour supprimer Internet,Pour éviter les utilisateurs,0,10,moyen
Q04128,Innovation & entrepreneuriat au Cameroun,Quiz du jour : Quel élément est essentiel dans un pitch ?,"Le problème, la solution, la valeur et le marché",Une longue liste de bibliothèques uniquement,Le code source complet,Les mots de passe,0,10,moyen
Q04129,Innovation & entrepreneuriat au Cameroun,Quiz du jour : Quel indicateur mesure la satisfaction des utilisateurs ?,CSAT/NPS selon le dispositif,CPU,RAM,DNS,0,10,moyen
Q04130,Innovation & entrepreneuriat au Cameroun,Quiz du jour : Quel modèle économique consiste à faire payer périodiquement ?,Abonnement,Compilation,Routage,Caching,0,10,moyen
Q04131,Innovation & entrepreneuriat au Cameroun,Quiz du jour : Quel financement peut soutenir une startup innovante ?,"Subvention, concours ou investissement",Uniquement des likes,Uniquement du Wi-Fi,Uniquement des captures d'écran,0,10,moyen
Q04132,Innovation & entrepreneuriat au Cameroun,Quiz du jour : Pourquoi réaliser un prototype ?,Tester rapidement une idée,Éviter toute validation,Remplacer l'équipe,Créer un serveur DNS,0,10,moyen
Q04133,Innovation & entrepreneuriat au Cameroun,Quiz du jour : Que signifie MVP ?,Minimum Viable Product,Maximum Virtual Program,Mobile Version Protocol,Market Value Process,0,10,moyen
Q04134,Innovation & entrepreneuriat au Cameroun,Quiz du jour : Quel est le rôle d'une étude de marché ?,"Comprendre clients, concurrents et opportunités",Compiler du code,Chiffrer un disque,Créer un QR code,0,10,moyen
Q04135,Innovation & entrepreneuriat au Cameroun,Quiz du jour : Pourquoi mesurer l'adoption d'une solution ?,Savoir si les utilisateurs l'utilisent réellement,Augmenter la RAM,Changer le système d'exploitation,Créer un antivirus,0,10,moyen
Q04136,Innovation & entrepreneuriat au Cameroun,Quiz du jour : Quel principe aide à développer une solution utile ?,Partir d'un problème réel,Commencer par le logo uniquement,Ignorer les utilisateurs,Éviter les tests,0,10,moyen
Q04137,Innovation & entrepreneuriat au Cameroun,Quiz du jour : Quel terme désigne une entreprise innovante à fort potentiel de croissance ?,Startup,Routeur,Compilateur,Proxy,0,10,moyen
Q04138,Innovation & entrepreneuriat au Cameroun,Quiz du jour : Quel est l'intérêt d'un partenariat technologique ?,"Accéder à des compétences, ressources ou marchés complémentaires",Supprimer les utilisateurs,Éviter les tests,Remplacer le produit,0,10,moyen
Q04139,Innovation & entrepreneuriat au Cameroun,Quiz du jour : Quel rôle peut jouer un concours d'innovation ?,"Accélérer la visibilité, le financement et les rencontres",Garantir automatiquement un marché,Remplacer la validation,Supprimer les risques,0,10,moyen
Q04140,Innovation & entrepreneuriat au Cameroun,Quiz du jour : Pourquoi documenter un projet ?,"Faciliter maintenance, transmission et collaboration",Empêcher l'équipe de travailler,Réduire la sécurité,Supprimer le code,0,10,moyen
Q04141,Innovation & entrepreneuriat au Cameroun,Quiz du jour : Quel est un exemple d'innovation frugale ?,Concevoir une solution efficace avec des ressources limitées,Acheter le matériel le plus cher,Ignorer les contraintes,Utiliser uniquement la fibre,0,10,moyen
Q04142,Innovation & entrepreneuriat au Cameroun,Quiz du jour : Quel enjeu est important pour les solutions rurales ?,Connectivité et accessibilité,Écrans 8K obligatoires,GPU haut de gamme obligatoire,Fibre dans chaque village,0,10,moyen
Q04143,Innovation & entrepreneuriat au Cameroun,Quiz du jour : Quel type d'impact peut mesurer une solution agricole ?,Évolution des rendements ou des pratiques,Nombre de pixels du logo,Vitesse du clavier,Taille du dépôt Git,0,10,moyen
Q04144,Innovation & entrepreneuriat au Cameroun,Quiz du jour : Pourquoi tester avec de vrais utilisateurs ?,Identifier les problèmes d'usage et améliorer la solution,Éviter le feedback,Réduire l'utilité,Créer un serveur,0,10,moyen
Q04145,Innovation & entrepreneuriat au Cameroun,Quiz du jour : Quel document résume souvent un projet pour des partenaires ?,Pitch deck ou note conceptuelle,BIOS,CSS,Fichier audio,0,10,moyen
Q04146,Innovation & entrepreneuriat au Cameroun,Quiz du jour : Quel concept désigne la capacité d'une entreprise à générer des revenus ?,Viabilité économique,Latence,Résolution,Compilation,0,10,moyen
Q04147,Innovation & entrepreneuriat au Cameroun,Quiz du jour : Quel indicateur peut mesurer la rétention ?,Pourcentage d'utilisateurs qui reviennent,Taille du processeur,Nombre de ports USB,Débit HDMI,0,10,moyen
Q04148,Innovation & entrepreneuriat au Cameroun,Quiz du jour : Quel canal peut être utile pour toucher des utilisateurs ruraux ?,Radio et réseaux mobiles selon le contexte,Fibre uniquement,VR uniquement,Serveur local obligatoire,0,10,moyen
Q04149,Innovation & entrepreneuriat au Cameroun,Quiz du jour : Pourquoi la localisation linguistique est-elle importante ?,Elle peut améliorer compréhension et adoption,Elle augmente toujours le prix,Elle supprime les données,Elle empêche l'IA,0,10,moyen
Q04150,Innovation & entrepreneuriat au Cameroun,Quiz du jour : Quel principe résume une bonne innovation ?,Créer de la valeur en répondant à un besoin réel,Ajouter des fonctions sans besoin,Éviter les utilisateurs,Copier sans adaptation,0,10,moyen
Q04151,Innovation & entrepreneuriat au Cameroun,À vous de jouer : Quel est un objectif courant d'une startup technologique ?,Résoudre un problème avec une solution innovante et viable,Vendre uniquement des produits importés,Éviter les utilisateurs,Supprimer les tests,0,10,moyen
Q04152,Innovation & entrepreneuriat au Cameroun,À vous de jouer : Pourquoi adapter une solution au contexte camerounais ?,"Les besoins, infrastructures et usages locaux influencent la conception",Parce que le code ne fonctionne jamais,Pour supprimer Internet,Pour éviter les utilisateurs,0,10,moyen
Q04153,Innovation & entrepreneuriat au Cameroun,À vous de jouer : Quel élément est essentiel dans un pitch ?,"Le problème, la solution, la valeur et le marché",Une longue liste de bibliothèques uniquement,Le code source complet,Les mots de passe,0,10,moyen
Q04154,Innovation & entrepreneuriat au Cameroun,À vous de jouer : Quel indicateur mesure la satisfaction des utilisateurs ?,CSAT/NPS selon le dispositif,CPU,RAM,DNS,0,10,moyen
Q04155,Innovation & entrepreneuriat au Cameroun,À vous de jouer : Quel modèle économique consiste à faire payer périodiquement ?,Abonnement,Compilation,Routage,Caching,0,10,moyen
Q04156,Innovation & entrepreneuriat au Cameroun,À vous de jouer : Quel financement peut soutenir une startup innovante ?,"Subvention, concours ou investissement",Uniquement des likes,Uniquement du Wi-Fi,Uniquement des captures d'écran,0,10,moyen
Q04157,Innovation & entrepreneuriat au Cameroun,À vous de jouer : Pourquoi réaliser un prototype ?,Tester rapidement une idée,Éviter toute validation,Remplacer l'équipe,Créer un serveur DNS,0,10,moyen
Q04158,Innovation & entrepreneuriat au Cameroun,À vous de jouer : Que signifie MVP ?,Minimum Viable Product,Maximum Virtual Program,Mobile Version Protocol,Market Value Process,0,10,moyen
Q04159,Innovation & entrepreneuriat au Cameroun,À vous de jouer : Quel est le rôle d'une étude de marché ?,"Comprendre clients, concurrents et opportunités",Compiler du code,Chiffrer un disque,Créer un QR code,0,10,moyen
Q04160,Innovation & entrepreneuriat au Cameroun,À vous de jouer : Pourquoi mesurer l'adoption d'une solution ?,Savoir si les utilisateurs l'utilisent réellement,Augmenter la RAM,Changer le système d'exploitation,Créer un antivirus,0,10,moyen
Q04161,Innovation & entrepreneuriat au Cameroun,À vous de jouer : Quel principe aide à développer une solution utile ?,Partir d'un problème réel,Commencer par le logo uniquement,Ignorer les utilisateurs,Éviter les tests,0,10,moyen
Q04162,Innovation & entrepreneuriat au Cameroun,À vous de jouer : Quel terme désigne une entreprise innovante à fort potentiel de croissance ?,Startup,Routeur,Compilateur,Proxy,0,10,moyen
Q04163,Innovation & entrepreneuriat au Cameroun,À vous de jouer : Quel est l'intérêt d'un partenariat technologique ?,"Accéder à des compétences, ressources ou marchés complémentaires",Supprimer les utilisateurs,Éviter les tests,Remplacer le produit,0,10,moyen
Q04164,Innovation & entrepreneuriat au Cameroun,À vous de jouer : Quel rôle peut jouer un concours d'innovation ?,"Accélérer la visibilité, le financement et les rencontres",Garantir automatiquement un marché,Remplacer la validation,Supprimer les risques,0,10,moyen
Q04165,Innovation & entrepreneuriat au Cameroun,À vous de jouer : Pourquoi documenter un projet ?,"Faciliter maintenance, transmission et collaboration",Empêcher l'équipe de travailler,Réduire la sécurité,Supprimer le code,0,10,moyen
Q04166,Innovation & entrepreneuriat au Cameroun,À vous de jouer : Quel est un exemple d'innovation frugale ?,Concevoir une solution efficace avec des ressources limitées,Acheter le matériel le plus cher,Ignorer les contraintes,Utiliser uniquement la fibre,0,10,moyen
Q04167,Innovation & entrepreneuriat au Cameroun,À vous de jouer : Quel enjeu est important pour les solutions rurales ?,Connectivité et accessibilité,Écrans 8K obligatoires,GPU haut de gamme obligatoire,Fibre dans chaque village,0,10,moyen
Q04168,Innovation & entrepreneuriat au Cameroun,À vous de jouer : Quel type d'impact peut mesurer une solution agricole ?,Évolution des rendements ou des pratiques,Nombre de pixels du logo,Vitesse du clavier,Taille du dépôt Git,0,10,moyen
Q04169,Innovation & entrepreneuriat au Cameroun,À vous de jouer : Pourquoi tester avec de vrais utilisateurs ?,Identifier les problèmes d'usage et améliorer la solution,Éviter le feedback,Réduire l'utilité,Créer un serveur,0,10,moyen
Q04170,Innovation & entrepreneuriat au Cameroun,À vous de jouer : Quel document résume souvent un projet pour des partenaires ?,Pitch deck ou note conceptuelle,BIOS,CSS,Fichier audio,0,10,moyen
Q04171,Innovation & entrepreneuriat au Cameroun,À vous de jouer : Quel concept désigne la capacité d'une entreprise à générer des revenus ?,Viabilité économique,Latence,Résolution,Compilation,0,10,moyen
Q04172,Innovation & entrepreneuriat au Cameroun,À vous de jouer : Quel indicateur peut mesurer la rétention ?,Pourcentage d'utilisateurs qui reviennent,Taille du processeur,Nombre de ports USB,Débit HDMI,0,10,moyen
Q04173,Innovation & entrepreneuriat au Cameroun,À vous de jouer : Quel canal peut être utile pour toucher des utilisateurs ruraux ?,Radio et réseaux mobiles selon le contexte,Fibre uniquement,VR uniquement,Serveur local obligatoire,0,10,moyen
Q04174,Innovation & entrepreneuriat au Cameroun,À vous de jouer : Pourquoi la localisation linguistique est-elle importante ?,Elle peut améliorer compréhension et adoption,Elle augmente toujours le prix,Elle supprime les données,Elle empêche l'IA,0,10,moyen
Q04175,Innovation & entrepreneuriat au Cameroun,À vous de jouer : Quel principe résume une bonne innovation ?,Créer de la valeur en répondant à un besoin réel,Ajouter des fonctions sans besoin,Éviter les utilisateurs,Copier sans adaptation,0,10,moyen
Q04176,Innovation & entrepreneuriat au Cameroun,Challenge : Quel est un objectif courant d'une startup technologique ?,Résoudre un problème avec une solution innovante et viable,Vendre uniquement des produits importés,Éviter les utilisateurs,Supprimer les tests,0,10,moyen
Q04177,Innovation & entrepreneuriat au Cameroun,Challenge : Pourquoi adapter une solution au contexte camerounais ?,"Les besoins, infrastructures et usages locaux influencent la conception",Parce que le code ne fonctionne jamais,Pour supprimer Internet,Pour éviter les utilisateurs,0,10,moyen
Q04178,Innovation & entrepreneuriat au Cameroun,Challenge : Quel élément est essentiel dans un pitch ?,"Le problème, la solution, la valeur et le marché",Une longue liste de bibliothèques uniquement,Le code source complet,Les mots de passe,0,10,moyen
Q04179,Innovation & entrepreneuriat au Cameroun,Challenge : Quel indicateur mesure la satisfaction des utilisateurs ?,CSAT/NPS selon le dispositif,CPU,RAM,DNS,0,10,moyen
Q04180,Innovation & entrepreneuriat au Cameroun,Challenge : Quel modèle économique consiste à faire payer périodiquement ?,Abonnement,Compilation,Routage,Caching,0,10,moyen
Q04181,Innovation & entrepreneuriat au Cameroun,Challenge : Quel financement peut soutenir une startup innovante ?,"Subvention, concours ou investissement",Uniquement des likes,Uniquement du Wi-Fi,Uniquement des captures d'écran,0,10,moyen
Q04182,Innovation & entrepreneuriat au Cameroun,Challenge : Pourquoi réaliser un prototype ?,Tester rapidement une idée,Éviter toute validation,Remplacer l'équipe,Créer un serveur DNS,0,10,moyen
Q04183,Innovation & entrepreneuriat au Cameroun,Challenge : Que signifie MVP ?,Minimum Viable Product,Maximum Virtual Program,Mobile Version Protocol,Market Value Process,0,10,moyen
Q04184,Innovation & entrepreneuriat au Cameroun,Challenge : Quel est le rôle d'une étude de marché ?,"Comprendre clients, concurrents et opportunités",Compiler du code,Chiffrer un disque,Créer un QR code,0,10,moyen
Q04185,Innovation & entrepreneuriat au Cameroun,Challenge : Pourquoi mesurer l'adoption d'une solution ?,Savoir si les utilisateurs l'utilisent réellement,Augmenter la RAM,Changer le système d'exploitation,Créer un antivirus,0,10,moyen
Q04186,Innovation & entrepreneuriat au Cameroun,Challenge : Quel principe aide à développer une solution utile ?,Partir d'un problème réel,Commencer par le logo uniquement,Ignorer les utilisateurs,Éviter les tests,0,10,moyen
Q04187,Innovation & entrepreneuriat au Cameroun,Challenge : Quel terme désigne une entreprise innovante à fort potentiel de croissance ?,Startup,Routeur,Compilateur,Proxy,0,10,moyen
Q04188,Innovation & entrepreneuriat au Cameroun,Challenge : Quel est l'intérêt d'un partenariat technologique ?,"Accéder à des compétences, ressources ou marchés complémentaires",Supprimer les utilisateurs,Éviter les tests,Remplacer le produit,0,10,moyen
Q04189,Innovation & entrepreneuriat au Cameroun,Challenge : Quel rôle peut jouer un concours d'innovation ?,"Accélérer la visibilité, le financement et les rencontres",Garantir automatiquement un marché,Remplacer la validation,Supprimer les risques,0,10,moyen
Q04190,Innovation & entrepreneuriat au Cameroun,Challenge : Pourquoi documenter un projet ?,"Faciliter maintenance, transmission et collaboration",Empêcher l'équipe de travailler,Réduire la sécurité,Supprimer le code,0,10,moyen
Q04191,Innovation & entrepreneuriat au Cameroun,Challenge : Quel est un exemple d'innovation frugale ?,Concevoir une solution efficace avec des ressources limitées,Acheter le matériel le plus cher,Ignorer les contraintes,Utiliser uniquement la fibre,0,10,moyen
Q04192,Innovation & entrepreneuriat au Cameroun,Challenge : Quel enjeu est important pour les solutions rurales ?,Connectivité et accessibilité,Écrans 8K obligatoires,GPU haut de gamme obligatoire,Fibre dans chaque village,0,10,moyen
Q04193,Innovation & entrepreneuriat au Cameroun,Challenge : Quel type d'impact peut mesurer une solution agricole ?,Évolution des rendements ou des pratiques,Nombre de pixels du logo,Vitesse du clavier,Taille du dépôt Git,0,10,moyen
Q04194,Innovation & entrepreneuriat au Cameroun,Challenge : Pourquoi tester avec de vrais utilisateurs ?,Identifier les problèmes d'usage et améliorer la solution,Éviter le feedback,Réduire l'utilité,Créer un serveur,0,10,moyen
Q04195,Innovation & entrepreneuriat au Cameroun,Challenge : Quel document résume souvent un projet pour des partenaires ?,Pitch deck ou note conceptuelle,BIOS,CSS,Fichier audio,0,10,moyen
Q04196,Innovation & entrepreneuriat au Cameroun,Challenge : Quel concept désigne la capacité d'une entreprise à générer des revenus ?,Viabilité économique,Latence,Résolution,Compilation,0,10,moyen
Q04197,Innovation & entrepreneuriat au Cameroun,Challenge : Quel indicateur peut mesurer la rétention ?,Pourcentage d'utilisateurs qui reviennent,Taille du processeur,Nombre de ports USB,Débit HDMI,0,10,moyen
Q04198,Innovation & entrepreneuriat au Cameroun,Challenge : Quel canal peut être utile pour toucher des utilisateurs ruraux ?,Radio et réseaux mobiles selon le contexte,Fibre uniquement,VR uniquement,Serveur local obligatoire,0,10,moyen
Q04199,Innovation & entrepreneuriat au Cameroun,Challenge : Pourquoi la localisation linguistique est-elle importante ?,Elle peut améliorer compréhension et adoption,Elle augmente toujours le prix,Elle supprime les données,Elle empêche l'IA,0,10,moyen
Q04200,Innovation & entrepreneuriat au Cameroun,Challenge : Quel principe résume une bonne innovation ?,Créer de la valeur en répondant à un besoin réel,Ajouter des fonctions sans besoin,Éviter les utilisateurs,Copier sans adaptation,0,10,moyen
Q04201,Innovation & entrepreneuriat au Cameroun,Question bonus : Quel est un objectif courant d'une startup technologique ?,Résoudre un problème avec une solution innovante et viable,Vendre uniquement des produits importés,Éviter les utilisateurs,Supprimer les tests,0,10,moyen
Q04202,Innovation & entrepreneuriat au Cameroun,Question bonus : Pourquoi adapter une solution au contexte camerounais ?,"Les besoins, infrastructures et usages locaux influencent la conception",Parce que le code ne fonctionne jamais,Pour supprimer Internet,Pour éviter les utilisateurs,0,10,moyen
Q04203,Innovation & entrepreneuriat au Cameroun,Question bonus : Quel élément est essentiel dans un pitch ?,"Le problème, la solution, la valeur et le marché",Une longue liste de bibliothèques uniquement,Le code source complet,Les mots de passe,0,10,moyen
Q04204,Innovation & entrepreneuriat au Cameroun,Question bonus : Quel indicateur mesure la satisfaction des utilisateurs ?,CSAT/NPS selon le dispositif,CPU,RAM,DNS,0,10,moyen
Q04205,Innovation & entrepreneuriat au Cameroun,Question bonus : Quel modèle économique consiste à faire payer périodiquement ?,Abonnement,Compilation,Routage,Caching,0,10,moyen
Q04206,Innovation & entrepreneuriat au Cameroun,Question bonus : Quel financement peut soutenir une startup innovante ?,"Subvention, concours ou investissement",Uniquement des likes,Uniquement du Wi-Fi,Uniquement des captures d'écran,0,10,moyen
Q04207,Innovation & entrepreneuriat au Cameroun,Question bonus : Pourquoi réaliser un prototype ?,Tester rapidement une idée,Éviter toute validation,Remplacer l'équipe,Créer un serveur DNS,0,10,moyen
Q04208,Innovation & entrepreneuriat au Cameroun,Question bonus : Que signifie MVP ?,Minimum Viable Product,Maximum Virtual Program,Mobile Version Protocol,Market Value Process,0,10,moyen
Q04209,Innovation & entrepreneuriat au Cameroun,Question bonus : Quel est le rôle d'une étude de marché ?,"Comprendre clients, concurrents et opportunités",Compiler du code,Chiffrer un disque,Créer un QR code,0,10,moyen
Q04210,Innovation & entrepreneuriat au Cameroun,Question bonus : Pourquoi mesurer l'adoption d'une solution ?,Savoir si les utilisateurs l'utilisent réellement,Augmenter la RAM,Changer le système d'exploitation,Créer un antivirus,0,10,moyen
Q04211,Innovation & entrepreneuriat au Cameroun,Question bonus : Quel principe aide à développer une solution utile ?,Partir d'un problème réel,Commencer par le logo uniquement,Ignorer les utilisateurs,Éviter les tests,0,10,moyen
Q04212,Innovation & entrepreneuriat au Cameroun,Question bonus : Quel terme désigne une entreprise innovante à fort potentiel de croissance ?,Startup,Routeur,Compilateur,Proxy,0,10,moyen
Q04213,Innovation & entrepreneuriat au Cameroun,Question bonus : Quel est l'intérêt d'un partenariat technologique ?,"Accéder à des compétences, ressources ou marchés complémentaires",Supprimer les utilisateurs,Éviter les tests,Remplacer le produit,0,10,moyen
Q04214,Innovation & entrepreneuriat au Cameroun,Question bonus : Quel rôle peut jouer un concours d'innovation ?,"Accélérer la visibilité, le financement et les rencontres",Garantir automatiquement un marché,Remplacer la validation,Supprimer les risques,0,10,moyen
Q04215,Innovation & entrepreneuriat au Cameroun,Question bonus : Pourquoi documenter un projet ?,"Faciliter maintenance, transmission et collaboration",Empêcher l'équipe de travailler,Réduire la sécurité,Supprimer le code,0,10,moyen
Q04216,Innovation & entrepreneuriat au Cameroun,Question bonus : Quel est un exemple d'innovation frugale ?,Concevoir une solution efficace avec des ressources limitées,Acheter le matériel le plus cher,Ignorer les contraintes,Utiliser uniquement la fibre,0,10,moyen
Q04217,Innovation & entrepreneuriat au Cameroun,Question bonus : Quel enjeu est important pour les solutions rurales ?,Connectivité et accessibilité,Écrans 8K obligatoires,GPU haut de gamme obligatoire,Fibre dans chaque village,0,10,moyen
Q04218,Innovation & entrepreneuriat au Cameroun,Question bonus : Quel type d'impact peut mesurer une solution agricole ?,Évolution des rendements ou des pratiques,Nombre de pixels du logo,Vitesse du clavier,Taille du dépôt Git,0,10,moyen
Q04219,Innovation & entrepreneuriat au Cameroun,Question bonus : Pourquoi tester avec de vrais utilisateurs ?,Identifier les problèmes d'usage et améliorer la solution,Éviter le feedback,Réduire l'utilité,Créer un serveur,0,10,moyen
Q04220,Innovation & entrepreneuriat au Cameroun,Question bonus : Quel document résume souvent un projet pour des partenaires ?,Pitch deck ou note conceptuelle,BIOS,CSS,Fichier audio,0,10,moyen
Q04221,Innovation & entrepreneuriat au Cameroun,Question bonus : Quel concept désigne la capacité d'une entreprise à générer des revenus ?,Viabilité économique,Latence,Résolution,Compilation,0,10,moyen
Q04222,Innovation & entrepreneuriat au Cameroun,Question bonus : Quel indicateur peut mesurer la rétention ?,Pourcentage d'utilisateurs qui reviennent,Taille du processeur,Nombre de ports USB,Débit HDMI,0,10,moyen
Q04223,Innovation & entrepreneuriat au Cameroun,Question bonus : Quel canal peut être utile pour toucher des utilisateurs ruraux ?,Radio et réseaux mobiles selon le contexte,Fibre uniquement,VR uniquement,Serveur local obligatoire,0,10,moyen
Q04224,Innovation & entrepreneuriat au Cameroun,Question bonus : Pourquoi la localisation linguistique est-elle importante ?,Elle peut améliorer compréhension et adoption,Elle augmente toujours le prix,Elle supprime les données,Elle empêche l'IA,0,10,moyen
Q04225,Innovation & entrepreneuriat au Cameroun,Question bonus : Quel principe résume une bonne innovation ?,Créer de la valeur en répondant à un besoin réel,Ajouter des fonctions sans besoin,Éviter les utilisateurs,Copier sans adaptation,0,10,moyen
Q04226,Innovation & entrepreneuriat au Cameroun,Question éclair : Quel est un objectif courant d'une startup technologique ?,Résoudre un problème avec une solution innovante et viable,Vendre uniquement des produits importés,Éviter les utilisateurs,Supprimer les tests,0,10,moyen
Q04227,Innovation & entrepreneuriat au Cameroun,Question éclair : Pourquoi adapter une solution au contexte camerounais ?,"Les besoins, infrastructures et usages locaux influencent la conception",Parce que le code ne fonctionne jamais,Pour supprimer Internet,Pour éviter les utilisateurs,0,10,moyen
Q04228,Innovation & entrepreneuriat au Cameroun,Question éclair : Quel élément est essentiel dans un pitch ?,"Le problème, la solution, la valeur et le marché",Une longue liste de bibliothèques uniquement,Le code source complet,Les mots de passe,0,10,moyen
Q04229,Innovation & entrepreneuriat au Cameroun,Question éclair : Quel indicateur mesure la satisfaction des utilisateurs ?,CSAT/NPS selon le dispositif,CPU,RAM,DNS,0,10,moyen
Q04230,Innovation & entrepreneuriat au Cameroun,Question éclair : Quel modèle économique consiste à faire payer périodiquement ?,Abonnement,Compilation,Routage,Caching,0,10,moyen
Q04231,Innovation & entrepreneuriat au Cameroun,Question éclair : Quel financement peut soutenir une startup innovante ?,"Subvention, concours ou investissement",Uniquement des likes,Uniquement du Wi-Fi,Uniquement des captures d'écran,0,10,moyen
Q04232,Innovation & entrepreneuriat au Cameroun,Question éclair : Pourquoi réaliser un prototype ?,Tester rapidement une idée,Éviter toute validation,Remplacer l'équipe,Créer un serveur DNS,0,10,moyen
Q04233,Innovation & entrepreneuriat au Cameroun,Question éclair : Que signifie MVP ?,Minimum Viable Product,Maximum Virtual Program,Mobile Version Protocol,Market Value Process,0,10,moyen
Q04234,Innovation & entrepreneuriat au Cameroun,Question éclair : Quel est le rôle d'une étude de marché ?,"Comprendre clients, concurrents et opportunités",Compiler du code,Chiffrer un disque,Créer un QR code,0,10,moyen
Q04235,Innovation & entrepreneuriat au Cameroun,Question éclair : Pourquoi mesurer l'adoption d'une solution ?,Savoir si les utilisateurs l'utilisent réellement,Augmenter la RAM,Changer le système d'exploitation,Créer un antivirus,0,10,moyen
Q04236,Innovation & entrepreneuriat au Cameroun,Question éclair : Quel principe aide à développer une solution utile ?,Partir d'un problème réel,Commencer par le logo uniquement,Ignorer les utilisateurs,Éviter les tests,0,10,moyen
Q04237,Innovation & entrepreneuriat au Cameroun,Question éclair : Quel terme désigne une entreprise innovante à fort potentiel de croissance ?,Startup,Routeur,Compilateur,Proxy,0,10,moyen
Q04238,Innovation & entrepreneuriat au Cameroun,Question éclair : Quel est l'intérêt d'un partenariat technologique ?,"Accéder à des compétences, ressources ou marchés complémentaires",Supprimer les utilisateurs,Éviter les tests,Remplacer le produit,0,10,moyen
Q04239,Innovation & entrepreneuriat au Cameroun,Question éclair : Quel rôle peut jouer un concours d'innovation ?,"Accélérer la visibilité, le financement et les rencontres",Garantir automatiquement un marché,Remplacer la validation,Supprimer les risques,0,10,moyen
Q04240,Innovation & entrepreneuriat au Cameroun,Question éclair : Pourquoi documenter un projet ?,"Faciliter maintenance, transmission et collaboration",Empêcher l'équipe de travailler,Réduire la sécurité,Supprimer le code,0,10,moyen
Q04241,Innovation & entrepreneuriat au Cameroun,Question éclair : Quel est un exemple d'innovation frugale ?,Concevoir une solution efficace avec des ressources limitées,Acheter le matériel le plus cher,Ignorer les contraintes,Utiliser uniquement la fibre,0,10,moyen
Q04242,Innovation & entrepreneuriat au Cameroun,Question éclair : Quel enjeu est important pour les solutions rurales ?,Connectivité et accessibilité,Écrans 8K obligatoires,GPU haut de gamme obligatoire,Fibre dans chaque village,0,10,moyen
Q04243,Innovation & entrepreneuriat au Cameroun,Question éclair : Quel type d'impact peut mesurer une solution agricole ?,Évolution des rendements ou des pratiques,Nombre de pixels du logo,Vitesse du clavier,Taille du dépôt Git,0,10,moyen
Q04244,Innovation & entrepreneuriat au Cameroun,Question éclair : Pourquoi tester avec de vrais utilisateurs ?,Identifier les problèmes d'usage et améliorer la solution,Éviter le feedback,Réduire l'utilité,Créer un serveur,0,10,moyen
Q04245,Innovation & entrepreneuriat au Cameroun,Question éclair : Quel document résume souvent un projet pour des partenaires ?,Pitch deck ou note conceptuelle,BIOS,CSS,Fichier audio,0,10,moyen
Q04246,Innovation & entrepreneuriat au Cameroun,Question éclair : Quel concept désigne la capacité d'une entreprise à générer des revenus ?,Viabilité économique,Latence,Résolution,Compilation,0,10,moyen
Q04247,Innovation & entrepreneuriat au Cameroun,Question éclair : Quel indicateur peut mesurer la rétention ?,Pourcentage d'utilisateurs qui reviennent,Taille du processeur,Nombre de ports USB,Débit HDMI,0,10,moyen
Q04248,Innovation & entrepreneuriat au Cameroun,Question éclair : Quel canal peut être utile pour toucher des utilisateurs ruraux ?,Radio et réseaux mobiles selon le contexte,Fibre uniquement,VR uniquement,Serveur local obligatoire,0,10,moyen
Q04249,Innovation & entrepreneuriat au Cameroun,Question éclair : Pourquoi la localisation linguistique est-elle importante ?,Elle peut améliorer compréhension et adoption,Elle augmente toujours le prix,Elle supprime les données,Elle empêche l'IA,0,10,moyen
Q04250,Innovation & entrepreneuriat au Cameroun,Question éclair : Quel principe résume une bonne innovation ?,Créer de la valeur en répondant à un besoin réel,Ajouter des fonctions sans besoin,Éviter les utilisateurs,Copier sans adaptation,0,10,moyen
Q04251,Innovation & entrepreneuriat au Cameroun,Pour gagner des points : Quel est un objectif courant d'une startup technologique ?,Résoudre un problème avec une solution innovante et viable,Vendre uniquement des produits importés,Éviter les utilisateurs,Supprimer les tests,0,10,moyen
Q04252,Innovation & entrepreneuriat au Cameroun,Pour gagner des points : Pourquoi adapter une solution au contexte camerounais ?,"Les besoins, infrastructures et usages locaux influencent la conception",Parce que le code ne fonctionne jamais,Pour supprimer Internet,Pour éviter les utilisateurs,0,10,moyen
Q04253,Innovation & entrepreneuriat au Cameroun,Pour gagner des points : Quel élément est essentiel dans un pitch ?,"Le problème, la solution, la valeur et le marché",Une longue liste de bibliothèques uniquement,Le code source complet,Les mots de passe,0,10,moyen
Q04254,Innovation & entrepreneuriat au Cameroun,Pour gagner des points : Quel indicateur mesure la satisfaction des utilisateurs ?,CSAT/NPS selon le dispositif,CPU,RAM,DNS,0,10,moyen
Q04255,Innovation & entrepreneuriat au Cameroun,Pour gagner des points : Quel modèle économique consiste à faire payer périodiquement ?,Abonnement,Compilation,Routage,Caching,0,10,moyen
Q04256,Innovation & entrepreneuriat au Cameroun,Pour gagner des points : Quel financement peut soutenir une startup innovante ?,"Subvention, concours ou investissement",Uniquement des likes,Uniquement du Wi-Fi,Uniquement des captures d'écran,0,10,moyen
Q04257,Innovation & entrepreneuriat au Cameroun,Pour gagner des points : Pourquoi réaliser un prototype ?,Tester rapidement une idée,Éviter toute validation,Remplacer l'équipe,Créer un serveur DNS,0,10,moyen
Q04258,Innovation & entrepreneuriat au Cameroun,Pour gagner des points : Que signifie MVP ?,Minimum Viable Product,Maximum Virtual Program,Mobile Version Protocol,Market Value Process,0,10,moyen
Q04259,Innovation & entrepreneuriat au Cameroun,Pour gagner des points : Quel est le rôle d'une étude de marché ?,"Comprendre clients, concurrents et opportunités",Compiler du code,Chiffrer un disque,Créer un QR code,0,10,moyen
Q04260,Innovation & entrepreneuriat au Cameroun,Pour gagner des points : Pourquoi mesurer l'adoption d'une solution ?,Savoir si les utilisateurs l'utilisent réellement,Augmenter la RAM,Changer le système d'exploitation,Créer un antivirus,0,10,moyen
Q04261,Innovation & entrepreneuriat au Cameroun,Pour gagner des points : Quel principe aide à développer une solution utile ?,Partir d'un problème réel,Commencer par le logo uniquement,Ignorer les utilisateurs,Éviter les tests,0,10,moyen
Q04262,Innovation & entrepreneuriat au Cameroun,Pour gagner des points : Quel terme désigne une entreprise innovante à fort potentiel de croissance ?,Startup,Routeur,Compilateur,Proxy,0,10,moyen
Q04263,Innovation & entrepreneuriat au Cameroun,Pour gagner des points : Quel est l'intérêt d'un partenariat technologique ?,"Accéder à des compétences, ressources ou marchés complémentaires",Supprimer les utilisateurs,Éviter les tests,Remplacer le produit,0,10,moyen
Q04264,Innovation & entrepreneuriat au Cameroun,Pour gagner des points : Quel rôle peut jouer un concours d'innovation ?,"Accélérer la visibilité, le financement et les rencontres",Garantir automatiquement un marché,Remplacer la validation,Supprimer les risques,0,10,moyen
Q04265,Innovation & entrepreneuriat au Cameroun,Pour gagner des points : Pourquoi documenter un projet ?,"Faciliter maintenance, transmission et collaboration",Empêcher l'équipe de travailler,Réduire la sécurité,Supprimer le code,0,10,moyen
Q04266,Innovation & entrepreneuriat au Cameroun,Pour gagner des points : Quel est un exemple d'innovation frugale ?,Concevoir une solution efficace avec des ressources limitées,Acheter le matériel le plus cher,Ignorer les contraintes,Utiliser uniquement la fibre,0,10,moyen
Q04267,Innovation & entrepreneuriat au Cameroun,Pour gagner des points : Quel enjeu est important pour les solutions rurales ?,Connectivité et accessibilité,Écrans 8K obligatoires,GPU haut de gamme obligatoire,Fibre dans chaque village,0,10,moyen
Q04268,Innovation & entrepreneuriat au Cameroun,Pour gagner des points : Quel type d'impact peut mesurer une solution agricole ?,Évolution des rendements ou des pratiques,Nombre de pixels du logo,Vitesse du clavier,Taille du dépôt Git,0,10,moyen
Q04269,Innovation & entrepreneuriat au Cameroun,Pour gagner des points : Pourquoi tester avec de vrais utilisateurs ?,Identifier les problèmes d'usage et améliorer la solution,Éviter le feedback,Réduire l'utilité,Créer un serveur,0,10,moyen
Q04270,Innovation & entrepreneuriat au Cameroun,Pour gagner des points : Quel document résume souvent un projet pour des partenaires ?,Pitch deck ou note conceptuelle,BIOS,CSS,Fichier audio,0,10,moyen
Q04271,Innovation & entrepreneuriat au Cameroun,Pour gagner des points : Quel concept désigne la capacité d'une entreprise à générer des revenus ?,Viabilité économique,Latence,Résolution,Compilation,0,10,moyen
Q04272,Innovation & entrepreneuriat au Cameroun,Pour gagner des points : Quel indicateur peut mesurer la rétention ?,Pourcentage d'utilisateurs qui reviennent,Taille du processeur,Nombre de ports USB,Débit HDMI,0,10,moyen
Q04273,Innovation & entrepreneuriat au Cameroun,Pour gagner des points : Quel canal peut être utile pour toucher des utilisateurs ruraux ?,Radio et réseaux mobiles selon le contexte,Fibre uniquement,VR uniquement,Serveur local obligatoire,0,10,moyen
Q04274,Innovation & entrepreneuriat au Cameroun,Pour gagner des points : Pourquoi la localisation linguistique est-elle importante ?,Elle peut améliorer compréhension et adoption,Elle augmente toujours le prix,Elle supprime les données,Elle empêche l'IA,0,10,moyen
Q04275,Innovation & entrepreneuriat au Cameroun,Pour gagner des points : Quel principe résume une bonne innovation ?,Créer de la valeur en répondant à un besoin réel,Ajouter des fonctions sans besoin,Éviter les utilisateurs,Copier sans adaptation,0,10,moyen
Q04276,Innovation & entrepreneuriat au Cameroun,À l'exposition : Quel est un objectif courant d'une startup technologique ?,Résoudre un problème avec une solution innovante et viable,Vendre uniquement des produits importés,Éviter les utilisateurs,Supprimer les tests,0,10,moyen
Q04277,Innovation & entrepreneuriat au Cameroun,À l'exposition : Pourquoi adapter une solution au contexte camerounais ?,"Les besoins, infrastructures et usages locaux influencent la conception",Parce que le code ne fonctionne jamais,Pour supprimer Internet,Pour éviter les utilisateurs,0,10,moyen
Q04278,Innovation & entrepreneuriat au Cameroun,À l'exposition : Quel élément est essentiel dans un pitch ?,"Le problème, la solution, la valeur et le marché",Une longue liste de bibliothèques uniquement,Le code source complet,Les mots de passe,0,10,moyen
Q04279,Innovation & entrepreneuriat au Cameroun,À l'exposition : Quel indicateur mesure la satisfaction des utilisateurs ?,CSAT/NPS selon le dispositif,CPU,RAM,DNS,0,10,moyen
Q04280,Innovation & entrepreneuriat au Cameroun,À l'exposition : Quel modèle économique consiste à faire payer périodiquement ?,Abonnement,Compilation,Routage,Caching,0,10,moyen
Q04281,Innovation & entrepreneuriat au Cameroun,À l'exposition : Quel financement peut soutenir une startup innovante ?,"Subvention, concours ou investissement",Uniquement des likes,Uniquement du Wi-Fi,Uniquement des captures d'écran,0,10,moyen
Q04282,Innovation & entrepreneuriat au Cameroun,À l'exposition : Pourquoi réaliser un prototype ?,Tester rapidement une idée,Éviter toute validation,Remplacer l'équipe,Créer un serveur DNS,0,10,moyen
Q04283,Innovation & entrepreneuriat au Cameroun,À l'exposition : Que signifie MVP ?,Minimum Viable Product,Maximum Virtual Program,Mobile Version Protocol,Market Value Process,0,10,moyen
Q04284,Innovation & entrepreneuriat au Cameroun,À l'exposition : Quel est le rôle d'une étude de marché ?,"Comprendre clients, concurrents et opportunités",Compiler du code,Chiffrer un disque,Créer un QR code,0,10,moyen
Q04285,Innovation & entrepreneuriat au Cameroun,À l'exposition : Pourquoi mesurer l'adoption d'une solution ?,Savoir si les utilisateurs l'utilisent réellement,Augmenter la RAM,Changer le système d'exploitation,Créer un antivirus,0,10,moyen
Q04286,Innovation & entrepreneuriat au Cameroun,À l'exposition : Quel principe aide à développer une solution utile ?,Partir d'un problème réel,Commencer par le logo uniquement,Ignorer les utilisateurs,Éviter les tests,0,10,moyen
Q04287,Innovation & entrepreneuriat au Cameroun,À l'exposition : Quel terme désigne une entreprise innovante à fort potentiel de croissance ?,Startup,Routeur,Compilateur,Proxy,0,10,moyen
Q04288,Innovation & entrepreneuriat au Cameroun,À l'exposition : Quel est l'intérêt d'un partenariat technologique ?,"Accéder à des compétences, ressources ou marchés complémentaires",Supprimer les utilisateurs,Éviter les tests,Remplacer le produit,0,10,moyen
Q04289,Innovation & entrepreneuriat au Cameroun,À l'exposition : Quel rôle peut jouer un concours d'innovation ?,"Accélérer la visibilité, le financement et les rencontres",Garantir automatiquement un marché,Remplacer la validation,Supprimer les risques,0,10,moyen
Q04290,Innovation & entrepreneuriat au Cameroun,À l'exposition : Pourquoi documenter un projet ?,"Faciliter maintenance, transmission et collaboration",Empêcher l'équipe de travailler,Réduire la sécurité,Supprimer le code,0,10,moyen
Q04291,Innovation & entrepreneuriat au Cameroun,À l'exposition : Quel est un exemple d'innovation frugale ?,Concevoir une solution efficace avec des ressources limitées,Acheter le matériel le plus cher,Ignorer les contraintes,Utiliser uniquement la fibre,0,10,moyen
Q04292,Innovation & entrepreneuriat au Cameroun,À l'exposition : Quel enjeu est important pour les solutions rurales ?,Connectivité et accessibilité,Écrans 8K obligatoires,GPU haut de gamme obligatoire,Fibre dans chaque village,0,10,moyen
Q04293,Innovation & entrepreneuriat au Cameroun,À l'exposition : Quel type d'impact peut mesurer une solution agricole ?,Évolution des rendements ou des pratiques,Nombre de pixels du logo,Vitesse du clavier,Taille du dépôt Git,0,10,moyen
Q04294,Innovation & entrepreneuriat au Cameroun,À l'exposition : Pourquoi tester avec de vrais utilisateurs ?,Identifier les problèmes d'usage et améliorer la solution,Éviter le feedback,Réduire l'utilité,Créer un serveur,0,10,moyen
Q04295,Innovation & entrepreneuriat au Cameroun,À l'exposition : Quel document résume souvent un projet pour des partenaires ?,Pitch deck ou note conceptuelle,BIOS,CSS,Fichier audio,0,10,moyen
Q04296,Innovation & entrepreneuriat au Cameroun,À l'exposition : Quel concept désigne la capacité d'une entreprise à générer des revenus ?,Viabilité économique,Latence,Résolution,Compilation,0,10,moyen
Q04297,Innovation & entrepreneuriat au Cameroun,À l'exposition : Quel indicateur peut mesurer la rétention ?,Pourcentage d'utilisateurs qui reviennent,Taille du processeur,Nombre de ports USB,Débit HDMI,0,10,moyen
Q04298,Innovation & entrepreneuriat au Cameroun,À l'exposition : Quel canal peut être utile pour toucher des utilisateurs ruraux ?,Radio et réseaux mobiles selon le contexte,Fibre uniquement,VR uniquement,Serveur local obligatoire,0,10,moyen
Q04299,Innovation & entrepreneuriat au Cameroun,À l'exposition : Pourquoi la localisation linguistique est-elle importante ?,Elle peut améliorer compréhension et adoption,Elle augmente toujours le prix,Elle supprime les données,Elle empêche l'IA,0,10,moyen
Q04300,Innovation & entrepreneuriat au Cameroun,À l'exposition : Quel principe résume une bonne innovation ?,Créer de la valeur en répondant à un besoin réel,Ajouter des fonctions sans besoin,Éviter les utilisateurs,Copier sans adaptation,0,10,moyen
Q04301,Innovation & entrepreneuriat au Cameroun,Défi numérique : Quel est un objectif courant d'une startup technologique ?,Résoudre un problème avec une solution innovante et viable,Vendre uniquement des produits importés,Éviter les utilisateurs,Supprimer les tests,0,10,moyen
Q04302,Innovation & entrepreneuriat au Cameroun,Défi numérique : Pourquoi adapter une solution au contexte camerounais ?,"Les besoins, infrastructures et usages locaux influencent la conception",Parce que le code ne fonctionne jamais,Pour supprimer Internet,Pour éviter les utilisateurs,0,10,moyen
Q04303,Innovation & entrepreneuriat au Cameroun,Défi numérique : Quel élément est essentiel dans un pitch ?,"Le problème, la solution, la valeur et le marché",Une longue liste de bibliothèques uniquement,Le code source complet,Les mots de passe,0,10,moyen
Q04304,Innovation & entrepreneuriat au Cameroun,Défi numérique : Quel indicateur mesure la satisfaction des utilisateurs ?,CSAT/NPS selon le dispositif,CPU,RAM,DNS,0,10,moyen
Q04305,Innovation & entrepreneuriat au Cameroun,Défi numérique : Quel modèle économique consiste à faire payer périodiquement ?,Abonnement,Compilation,Routage,Caching,0,10,moyen
Q04306,Innovation & entrepreneuriat au Cameroun,Défi numérique : Quel financement peut soutenir une startup innovante ?,"Subvention, concours ou investissement",Uniquement des likes,Uniquement du Wi-Fi,Uniquement des captures d'écran,0,10,moyen
Q04307,Innovation & entrepreneuriat au Cameroun,Défi numérique : Pourquoi réaliser un prototype ?,Tester rapidement une idée,Éviter toute validation,Remplacer l'équipe,Créer un serveur DNS,0,10,moyen
Q04308,Innovation & entrepreneuriat au Cameroun,Défi numérique : Que signifie MVP ?,Minimum Viable Product,Maximum Virtual Program,Mobile Version Protocol,Market Value Process,0,10,moyen
Q04309,Innovation & entrepreneuriat au Cameroun,Défi numérique : Quel est le rôle d'une étude de marché ?,"Comprendre clients, concurrents et opportunités",Compiler du code,Chiffrer un disque,Créer un QR code,0,10,moyen
Q04310,Innovation & entrepreneuriat au Cameroun,Défi numérique : Pourquoi mesurer l'adoption d'une solution ?,Savoir si les utilisateurs l'utilisent réellement,Augmenter la RAM,Changer le système d'exploitation,Créer un antivirus,0,10,moyen
Q04311,Innovation & entrepreneuriat au Cameroun,Défi numérique : Quel principe aide à développer une solution utile ?,Partir d'un problème réel,Commencer par le logo uniquement,Ignorer les utilisateurs,Éviter les tests,0,10,moyen
Q04312,Innovation & entrepreneuriat au Cameroun,Défi numérique : Quel terme désigne une entreprise innovante à fort potentiel de croissance ?,Startup,Routeur,Compilateur,Proxy,0,10,moyen
Q04313,Innovation & entrepreneuriat au Cameroun,Défi numérique : Quel est l'intérêt d'un partenariat technologique ?,"Accéder à des compétences, ressources ou marchés complémentaires",Supprimer les utilisateurs,Éviter les tests,Remplacer le produit,0,10,moyen
Q04314,Innovation & entrepreneuriat au Cameroun,Défi numérique : Quel rôle peut jouer un concours d'innovation ?,"Accélérer la visibilité, le financement et les rencontres",Garantir automatiquement un marché,Remplacer la validation,Supprimer les risques,0,10,moyen
Q04315,Innovation & entrepreneuriat au Cameroun,Défi numérique : Pourquoi documenter un projet ?,"Faciliter maintenance, transmission et collaboration",Empêcher l'équipe de travailler,Réduire la sécurité,Supprimer le code,0,10,moyen
Q04316,Innovation & entrepreneuriat au Cameroun,Défi numérique : Quel est un exemple d'innovation frugale ?,Concevoir une solution efficace avec des ressources limitées,Acheter le matériel le plus cher,Ignorer les contraintes,Utiliser uniquement la fibre,0,10,moyen
Q04317,Innovation & entrepreneuriat au Cameroun,Défi numérique : Quel enjeu est important pour les solutions rurales ?,Connectivité et accessibilité,Écrans 8K obligatoires,GPU haut de gamme obligatoire,Fibre dans chaque village,0,10,moyen
Q04318,Innovation & entrepreneuriat au Cameroun,Défi numérique : Quel type d'impact peut mesurer une solution agricole ?,Évolution des rendements ou des pratiques,Nombre de pixels du logo,Vitesse du clavier,Taille du dépôt Git,0,10,moyen
Q04319,Innovation & entrepreneuriat au Cameroun,Défi numérique : Pourquoi tester avec de vrais utilisateurs ?,Identifier les problèmes d'usage et améliorer la solution,Éviter le feedback,Réduire l'utilité,Créer un serveur,0,10,moyen
Q04320,Innovation & entrepreneuriat au Cameroun,Défi numérique : Quel document résume souvent un projet pour des partenaires ?,Pitch deck ou note conceptuelle,BIOS,CSS,Fichier audio,0,10,moyen
Q04321,Innovation & entrepreneuriat au Cameroun,Défi numérique : Quel concept désigne la capacité d'une entreprise à générer des revenus ?,Viabilité économique,Latence,Résolution,Compilation,0,10,moyen
Q04322,Innovation & entrepreneuriat au Cameroun,Défi numérique : Quel indicateur peut mesurer la rétention ?,Pourcentage d'utilisateurs qui reviennent,Taille du processeur,Nombre de ports USB,Débit HDMI,0,10,moyen
Q04323,Innovation & entrepreneuriat au Cameroun,Défi numérique : Quel canal peut être utile pour toucher des utilisateurs ruraux ?,Radio et réseaux mobiles selon le contexte,Fibre uniquement,VR uniquement,Serveur local obligatoire,0,10,moyen
Q04324,Innovation & entrepreneuriat au Cameroun,Défi numérique : Pourquoi la localisation linguistique est-elle importante ?,Elle peut améliorer compréhension et adoption,Elle augmente toujours le prix,Elle supprime les données,Elle empêche l'IA,0,10,moyen
Q04325,Innovation & entrepreneuriat au Cameroun,Défi numérique : Quel principe résume une bonne innovation ?,Créer de la valeur en répondant à un besoin réel,Ajouter des fonctions sans besoin,Éviter les utilisateurs,Copier sans adaptation,0,10,moyen
Q04326,Innovation & entrepreneuriat au Cameroun,À votre avis : Quel est un objectif courant d'une startup technologique ?,Résoudre un problème avec une solution innovante et viable,Vendre uniquement des produits importés,Éviter les utilisateurs,Supprimer les tests,0,10,difficile
Q04327,Innovation & entrepreneuriat au Cameroun,À votre avis : Pourquoi adapter une solution au contexte camerounais ?,"Les besoins, infrastructures et usages locaux influencent la conception",Parce que le code ne fonctionne jamais,Pour supprimer Internet,Pour éviter les utilisateurs,0,10,difficile
Q04328,Innovation & entrepreneuriat au Cameroun,À votre avis : Quel élément est essentiel dans un pitch ?,"Le problème, la solution, la valeur et le marché",Une longue liste de bibliothèques uniquement,Le code source complet,Les mots de passe,0,10,difficile
Q04329,Innovation & entrepreneuriat au Cameroun,À votre avis : Quel indicateur mesure la satisfaction des utilisateurs ?,CSAT/NPS selon le dispositif,CPU,RAM,DNS,0,10,difficile
Q04330,Innovation & entrepreneuriat au Cameroun,À votre avis : Quel modèle économique consiste à faire payer périodiquement ?,Abonnement,Compilation,Routage,Caching,0,10,difficile
Q04331,Innovation & entrepreneuriat au Cameroun,À votre avis : Quel financement peut soutenir une startup innovante ?,"Subvention, concours ou investissement",Uniquement des likes,Uniquement du Wi-Fi,Uniquement des captures d'écran,0,10,difficile
Q04332,Innovation & entrepreneuriat au Cameroun,À votre avis : Pourquoi réaliser un prototype ?,Tester rapidement une idée,Éviter toute validation,Remplacer l'équipe,Créer un serveur DNS,0,10,difficile
Q04333,Innovation & entrepreneuriat au Cameroun,À votre avis : Que signifie MVP ?,Minimum Viable Product,Maximum Virtual Program,Mobile Version Protocol,Market Value Process,0,10,difficile
Q04334,Innovation & entrepreneuriat au Cameroun,À votre avis : Quel est le rôle d'une étude de marché ?,"Comprendre clients, concurrents et opportunités",Compiler du code,Chiffrer un disque,Créer un QR code,0,10,difficile
Q04335,Innovation & entrepreneuriat au Cameroun,À votre avis : Pourquoi mesurer l'adoption d'une solution ?,Savoir si les utilisateurs l'utilisent réellement,Augmenter la RAM,Changer le système d'exploitation,Créer un antivirus,0,10,difficile
Q04336,Innovation & entrepreneuriat au Cameroun,À votre avis : Quel principe aide à développer une solution utile ?,Partir d'un problème réel,Commencer par le logo uniquement,Ignorer les utilisateurs,Éviter les tests,0,10,difficile
Q04337,Innovation & entrepreneuriat au Cameroun,À votre avis : Quel terme désigne une entreprise innovante à fort potentiel de croissance ?,Startup,Routeur,Compilateur,Proxy,0,10,difficile
Q04338,Innovation & entrepreneuriat au Cameroun,À votre avis : Quel est l'intérêt d'un partenariat technologique ?,"Accéder à des compétences, ressources ou marchés complémentaires",Supprimer les utilisateurs,Éviter les tests,Remplacer le produit,0,10,difficile
Q04339,Innovation & entrepreneuriat au Cameroun,À votre avis : Quel rôle peut jouer un concours d'innovation ?,"Accélérer la visibilité, le financement et les rencontres",Garantir automatiquement un marché,Remplacer la validation,Supprimer les risques,0,10,difficile
Q04340,Innovation & entrepreneuriat au Cameroun,À votre avis : Pourquoi documenter un projet ?,"Faciliter maintenance, transmission et collaboration",Empêcher l'équipe de travailler,Réduire la sécurité,Supprimer le code,0,10,difficile
Q04341,Innovation & entrepreneuriat au Cameroun,À votre avis : Quel est un exemple d'innovation frugale ?,Concevoir une solution efficace avec des ressources limitées,Acheter le matériel le plus cher,Ignorer les contraintes,Utiliser uniquement la fibre,0,10,difficile
Q04342,Innovation & entrepreneuriat au Cameroun,À votre avis : Quel enjeu est important pour les solutions rurales ?,Connectivité et accessibilité,Écrans 8K obligatoires,GPU haut de gamme obligatoire,Fibre dans chaque village,0,10,difficile
Q04343,Innovation & entrepreneuriat au Cameroun,À votre avis : Quel type d'impact peut mesurer une solution agricole ?,Évolution des rendements ou des pratiques,Nombre de pixels du logo,Vitesse du clavier,Taille du dépôt Git,0,10,difficile
Q04344,Innovation & entrepreneuriat au Cameroun,À votre avis : Pourquoi tester avec de vrais utilisateurs ?,Identifier les problèmes d'usage et améliorer la solution,Éviter le feedback,Réduire l'utilité,Créer un serveur,0,10,difficile
Q04345,Innovation & entrepreneuriat au Cameroun,À votre avis : Quel document résume souvent un projet pour des partenaires ?,Pitch deck ou note conceptuelle,BIOS,CSS,Fichier audio,0,10,difficile
Q04346,Innovation & entrepreneuriat au Cameroun,À votre avis : Quel concept désigne la capacité d'une entreprise à générer des revenus ?,Viabilité économique,Latence,Résolution,Compilation,0,10,difficile
Q04347,Innovation & entrepreneuriat au Cameroun,À votre avis : Quel indicateur peut mesurer la rétention ?,Pourcentage d'utilisateurs qui reviennent,Taille du processeur,Nombre de ports USB,Débit HDMI,0,10,difficile
Q04348,Innovation & entrepreneuriat au Cameroun,À votre avis : Quel canal peut être utile pour toucher des utilisateurs ruraux ?,Radio et réseaux mobiles selon le contexte,Fibre uniquement,VR uniquement,Serveur local obligatoire,0,10,difficile
Q04349,Innovation & entrepreneuriat au Cameroun,À votre avis : Pourquoi la localisation linguistique est-elle importante ?,Elle peut améliorer compréhension et adoption,Elle augmente toujours le prix,Elle supprime les données,Elle empêche l'IA,0,10,difficile
Q04350,Innovation & entrepreneuriat au Cameroun,À votre avis : Quel principe résume une bonne innovation ?,Créer de la valeur en répondant à un besoin réel,Ajouter des fonctions sans besoin,Éviter les utilisateurs,Copier sans adaptation,0,10,difficile
Q04351,Innovation & entrepreneuriat au Cameroun,Niveau quiz : Quel est un objectif courant d'une startup technologique ?,Résoudre un problème avec une solution innovante et viable,Vendre uniquement des produits importés,Éviter les utilisateurs,Supprimer les tests,0,10,difficile
Q04352,Innovation & entrepreneuriat au Cameroun,Niveau quiz : Pourquoi adapter une solution au contexte camerounais ?,"Les besoins, infrastructures et usages locaux influencent la conception",Parce que le code ne fonctionne jamais,Pour supprimer Internet,Pour éviter les utilisateurs,0,10,difficile
Q04353,Innovation & entrepreneuriat au Cameroun,Niveau quiz : Quel élément est essentiel dans un pitch ?,"Le problème, la solution, la valeur et le marché",Une longue liste de bibliothèques uniquement,Le code source complet,Les mots de passe,0,10,difficile
Q04354,Innovation & entrepreneuriat au Cameroun,Niveau quiz : Quel indicateur mesure la satisfaction des utilisateurs ?,CSAT/NPS selon le dispositif,CPU,RAM,DNS,0,10,difficile
Q04355,Innovation & entrepreneuriat au Cameroun,Niveau quiz : Quel modèle économique consiste à faire payer périodiquement ?,Abonnement,Compilation,Routage,Caching,0,10,difficile
Q04356,Innovation & entrepreneuriat au Cameroun,Niveau quiz : Quel financement peut soutenir une startup innovante ?,"Subvention, concours ou investissement",Uniquement des likes,Uniquement du Wi-Fi,Uniquement des captures d'écran,0,10,difficile
Q04357,Innovation & entrepreneuriat au Cameroun,Niveau quiz : Pourquoi réaliser un prototype ?,Tester rapidement une idée,Éviter toute validation,Remplacer l'équipe,Créer un serveur DNS,0,10,difficile
Q04358,Innovation & entrepreneuriat au Cameroun,Niveau quiz : Que signifie MVP ?,Minimum Viable Product,Maximum Virtual Program,Mobile Version Protocol,Market Value Process,0,10,difficile
Q04359,Innovation & entrepreneuriat au Cameroun,Niveau quiz : Quel est le rôle d'une étude de marché ?,"Comprendre clients, concurrents et opportunités",Compiler du code,Chiffrer un disque,Créer un QR code,0,10,difficile
Q04360,Innovation & entrepreneuriat au Cameroun,Niveau quiz : Pourquoi mesurer l'adoption d'une solution ?,Savoir si les utilisateurs l'utilisent réellement,Augmenter la RAM,Changer le système d'exploitation,Créer un antivirus,0,10,difficile
Q04361,Innovation & entrepreneuriat au Cameroun,Niveau quiz : Quel principe aide à développer une solution utile ?,Partir d'un problème réel,Commencer par le logo uniquement,Ignorer les utilisateurs,Éviter les tests,0,10,difficile
Q04362,Innovation & entrepreneuriat au Cameroun,Niveau quiz : Quel terme désigne une entreprise innovante à fort potentiel de croissance ?,Startup,Routeur,Compilateur,Proxy,0,10,difficile
Q04363,Innovation & entrepreneuriat au Cameroun,Niveau quiz : Quel est l'intérêt d'un partenariat technologique ?,"Accéder à des compétences, ressources ou marchés complémentaires",Supprimer les utilisateurs,Éviter les tests,Remplacer le produit,0,10,difficile
Q04364,Innovation & entrepreneuriat au Cameroun,Niveau quiz : Quel rôle peut jouer un concours d'innovation ?,"Accélérer la visibilité, le financement et les rencontres",Garantir automatiquement un marché,Remplacer la validation,Supprimer les risques,0,10,difficile
Q04365,Innovation & entrepreneuriat au Cameroun,Niveau quiz : Pourquoi documenter un projet ?,"Faciliter maintenance, transmission et collaboration",Empêcher l'équipe de travailler,Réduire la sécurité,Supprimer le code,0,10,difficile
Q04366,Innovation & entrepreneuriat au Cameroun,Niveau quiz : Quel est un exemple d'innovation frugale ?,Concevoir une solution efficace avec des ressources limitées,Acheter le matériel le plus cher,Ignorer les contraintes,Utiliser uniquement la fibre,0,10,difficile
Q04367,Innovation & entrepreneuriat au Cameroun,Niveau quiz : Quel enjeu est important pour les solutions rurales ?,Connectivité et accessibilité,Écrans 8K obligatoires,GPU haut de gamme obligatoire,Fibre dans chaque village,0,10,difficile
Q04368,Innovation & entrepreneuriat au Cameroun,Niveau quiz : Quel type d'impact peut mesurer une solution agricole ?,Évolution des rendements ou des pratiques,Nombre de pixels du logo,Vitesse du clavier,Taille du dépôt Git,0,10,difficile
Q04369,Innovation & entrepreneuriat au Cameroun,Niveau quiz : Pourquoi tester avec de vrais utilisateurs ?,Identifier les problèmes d'usage et améliorer la solution,Éviter le feedback,Réduire l'utilité,Créer un serveur,0,10,difficile
Q04370,Innovation & entrepreneuriat au Cameroun,Niveau quiz : Quel document résume souvent un projet pour des partenaires ?,Pitch deck ou note conceptuelle,BIOS,CSS,Fichier audio,0,10,difficile
Q04371,Innovation & entrepreneuriat au Cameroun,Niveau quiz : Quel concept désigne la capacité d'une entreprise à générer des revenus ?,Viabilité économique,Latence,Résolution,Compilation,0,10,difficile
Q04372,Innovation & entrepreneuriat au Cameroun,Niveau quiz : Quel indicateur peut mesurer la rétention ?,Pourcentage d'utilisateurs qui reviennent,Taille du processeur,Nombre de ports USB,Débit HDMI,0,10,difficile
Q04373,Innovation & entrepreneuriat au Cameroun,Niveau quiz : Quel canal peut être utile pour toucher des utilisateurs ruraux ?,Radio et réseaux mobiles selon le contexte,Fibre uniquement,VR uniquement,Serveur local obligatoire,0,10,difficile
Q04374,Innovation & entrepreneuriat au Cameroun,Niveau quiz : Pourquoi la localisation linguistique est-elle importante ?,Elle peut améliorer compréhension et adoption,Elle augmente toujours le prix,Elle supprime les données,Elle empêche l'IA,0,10,difficile
Q04375,Innovation & entrepreneuriat au Cameroun,Niveau quiz : Quel principe résume une bonne innovation ?,Créer de la valeur en répondant à un besoin réel,Ajouter des fonctions sans besoin,Éviter les utilisateurs,Copier sans adaptation,0,10,difficile
Q04376,Innovation & entrepreneuriat au Cameroun,Question suivante : Quel est un objectif courant d'une startup technologique ?,Résoudre un problème avec une solution innovante et viable,Vendre uniquement des produits importés,Éviter les utilisateurs,Supprimer les tests,0,10,difficile
Q04377,Innovation & entrepreneuriat au Cameroun,Question suivante : Pourquoi adapter une solution au contexte camerounais ?,"Les besoins, infrastructures et usages locaux influencent la conception",Parce que le code ne fonctionne jamais,Pour supprimer Internet,Pour éviter les utilisateurs,0,10,difficile
Q04378,Innovation & entrepreneuriat au Cameroun,Question suivante : Quel élément est essentiel dans un pitch ?,"Le problème, la solution, la valeur et le marché",Une longue liste de bibliothèques uniquement,Le code source complet,Les mots de passe,0,10,difficile
Q04379,Innovation & entrepreneuriat au Cameroun,Question suivante : Quel indicateur mesure la satisfaction des utilisateurs ?,CSAT/NPS selon le dispositif,CPU,RAM,DNS,0,10,difficile
Q04380,Innovation & entrepreneuriat au Cameroun,Question suivante : Quel modèle économique consiste à faire payer périodiquement ?,Abonnement,Compilation,Routage,Caching,0,10,difficile
Q04381,Innovation & entrepreneuriat au Cameroun,Question suivante : Quel financement peut soutenir une startup innovante ?,"Subvention, concours ou investissement",Uniquement des likes,Uniquement du Wi-Fi,Uniquement des captures d'écran,0,10,difficile
Q04382,Innovation & entrepreneuriat au Cameroun,Question suivante : Pourquoi réaliser un prototype ?,Tester rapidement une idée,Éviter toute validation,Remplacer l'équipe,Créer un serveur DNS,0,10,difficile
Q04383,Innovation & entrepreneuriat au Cameroun,Question suivante : Que signifie MVP ?,Minimum Viable Product,Maximum Virtual Program,Mobile Version Protocol,Market Value Process,0,10,difficile
Q04384,Innovation & entrepreneuriat au Cameroun,Question suivante : Quel est le rôle d'une étude de marché ?,"Comprendre clients, concurrents et opportunités",Compiler du code,Chiffrer un disque,Créer un QR code,0,10,difficile
Q04385,Innovation & entrepreneuriat au Cameroun,Question suivante : Pourquoi mesurer l'adoption d'une solution ?,Savoir si les utilisateurs l'utilisent réellement,Augmenter la RAM,Changer le système d'exploitation,Créer un antivirus,0,10,difficile
Q04386,Innovation & entrepreneuriat au Cameroun,Question suivante : Quel principe aide à développer une solution utile ?,Partir d'un problème réel,Commencer par le logo uniquement,Ignorer les utilisateurs,Éviter les tests,0,10,difficile
Q04387,Innovation & entrepreneuriat au Cameroun,Question suivante : Quel terme désigne une entreprise innovante à fort potentiel de croissance ?,Startup,Routeur,Compilateur,Proxy,0,10,difficile
Q04388,Innovation & entrepreneuriat au Cameroun,Question suivante : Quel est l'intérêt d'un partenariat technologique ?,"Accéder à des compétences, ressources ou marchés complémentaires",Supprimer les utilisateurs,Éviter les tests,Remplacer le produit,0,10,difficile
Q04389,Innovation & entrepreneuriat au Cameroun,Question suivante : Quel rôle peut jouer un concours d'innovation ?,"Accélérer la visibilité, le financement et les rencontres",Garantir automatiquement un marché,Remplacer la validation,Supprimer les risques,0,10,difficile
Q04390,Innovation & entrepreneuriat au Cameroun,Question suivante : Pourquoi documenter un projet ?,"Faciliter maintenance, transmission et collaboration",Empêcher l'équipe de travailler,Réduire la sécurité,Supprimer le code,0,10,difficile
Q04391,Innovation & entrepreneuriat au Cameroun,Question suivante : Quel est un exemple d'innovation frugale ?,Concevoir une solution efficace avec des ressources limitées,Acheter le matériel le plus cher,Ignorer les contraintes,Utiliser uniquement la fibre,0,10,difficile
Q04392,Innovation & entrepreneuriat au Cameroun,Question suivante : Quel enjeu est important pour les solutions rurales ?,Connectivité et accessibilité,Écrans 8K obligatoires,GPU haut de gamme obligatoire,Fibre dans chaque village,0,10,difficile
Q04393,Innovation & entrepreneuriat au Cameroun,Question suivante : Quel type d'impact peut mesurer une solution agricole ?,Évolution des rendements ou des pratiques,Nombre de pixels du logo,Vitesse du clavier,Taille du dépôt Git,0,10,difficile
Q04394,Innovation & entrepreneuriat au Cameroun,Question suivante : Pourquoi tester avec de vrais utilisateurs ?,Identifier les problèmes d'usage et améliorer la solution,Éviter le feedback,Réduire l'utilité,Créer un serveur,0,10,difficile
Q04395,Innovation & entrepreneuriat au Cameroun,Question suivante : Quel document résume souvent un projet pour des partenaires ?,Pitch deck ou note conceptuelle,BIOS,CSS,Fichier audio,0,10,difficile
Q04396,Innovation & entrepreneuriat au Cameroun,Question suivante : Quel concept désigne la capacité d'une entreprise à générer des revenus ?,Viabilité économique,Latence,Résolution,Compilation,0,10,difficile
Q04397,Innovation & entrepreneuriat au Cameroun,Question suivante : Quel indicateur peut mesurer la rétention ?,Pourcentage d'utilisateurs qui reviennent,Taille du processeur,Nombre de ports USB,Débit HDMI,0,10,difficile
Q04398,Innovation & entrepreneuriat au Cameroun,Question suivante : Quel canal peut être utile pour toucher des utilisateurs ruraux ?,Radio et réseaux mobiles selon le contexte,Fibre uniquement,VR uniquement,Serveur local obligatoire,0,10,difficile
Q04399,Innovation & entrepreneuriat au Cameroun,Question suivante : Pourquoi la localisation linguistique est-elle importante ?,Elle peut améliorer compréhension et adoption,Elle augmente toujours le prix,Elle supprime les données,Elle empêche l'IA,0,10,difficile
Q04400,Innovation & entrepreneuriat au Cameroun,Question suivante : Quel principe résume une bonne innovation ?,Créer de la valeur en répondant à un besoin réel,Ajouter des fonctions sans besoin,Éviter les utilisateurs,Copier sans adaptation,0,10,difficile
Q04401,Innovation & entrepreneuriat au Cameroun,Challenge visiteurs : Quel est un objectif courant d'une startup technologique ?,Résoudre un problème avec une solution innovante et viable,Vendre uniquement des produits importés,Éviter les utilisateurs,Supprimer les tests,0,10,difficile
Q04402,Innovation & entrepreneuriat au Cameroun,Challenge visiteurs : Pourquoi adapter une solution au contexte camerounais ?,"Les besoins, infrastructures et usages locaux influencent la conception",Parce que le code ne fonctionne jamais,Pour supprimer Internet,Pour éviter les utilisateurs,0,10,difficile
Q04403,Innovation & entrepreneuriat au Cameroun,Challenge visiteurs : Quel élément est essentiel dans un pitch ?,"Le problème, la solution, la valeur et le marché",Une longue liste de bibliothèques uniquement,Le code source complet,Les mots de passe,0,10,difficile
Q04404,Innovation & entrepreneuriat au Cameroun,Challenge visiteurs : Quel indicateur mesure la satisfaction des utilisateurs ?,CSAT/NPS selon le dispositif,CPU,RAM,DNS,0,10,difficile
Q04405,Innovation & entrepreneuriat au Cameroun,Challenge visiteurs : Quel modèle économique consiste à faire payer périodiquement ?,Abonnement,Compilation,Routage,Caching,0,10,difficile
Q04406,Innovation & entrepreneuriat au Cameroun,Challenge visiteurs : Quel financement peut soutenir une startup innovante ?,"Subvention, concours ou investissement",Uniquement des likes,Uniquement du Wi-Fi,Uniquement des captures d'écran,0,10,difficile
Q04407,Innovation & entrepreneuriat au Cameroun,Challenge visiteurs : Pourquoi réaliser un prototype ?,Tester rapidement une idée,Éviter toute validation,Remplacer l'équipe,Créer un serveur DNS,0,10,difficile
Q04408,Innovation & entrepreneuriat au Cameroun,Challenge visiteurs : Que signifie MVP ?,Minimum Viable Product,Maximum Virtual Program,Mobile Version Protocol,Market Value Process,0,10,difficile
Q04409,Innovation & entrepreneuriat au Cameroun,Challenge visiteurs : Quel est le rôle d'une étude de marché ?,"Comprendre clients, concurrents et opportunités",Compiler du code,Chiffrer un disque,Créer un QR code,0,10,difficile
Q04410,Innovation & entrepreneuriat au Cameroun,Challenge visiteurs : Pourquoi mesurer l'adoption d'une solution ?,Savoir si les utilisateurs l'utilisent réellement,Augmenter la RAM,Changer le système d'exploitation,Créer un antivirus,0,10,difficile
Q04411,Innovation & entrepreneuriat au Cameroun,Challenge visiteurs : Quel principe aide à développer une solution utile ?,Partir d'un problème réel,Commencer par le logo uniquement,Ignorer les utilisateurs,Éviter les tests,0,10,difficile
Q04412,Innovation & entrepreneuriat au Cameroun,Challenge visiteurs : Quel terme désigne une entreprise innovante à fort potentiel de croissance ?,Startup,Routeur,Compilateur,Proxy,0,10,difficile
Q04413,Innovation & entrepreneuriat au Cameroun,Challenge visiteurs : Quel est l'intérêt d'un partenariat technologique ?,"Accéder à des compétences, ressources ou marchés complémentaires",Supprimer les utilisateurs,Éviter les tests,Remplacer le produit,0,10,difficile
Q04414,Innovation & entrepreneuriat au Cameroun,Challenge visiteurs : Quel rôle peut jouer un concours d'innovation ?,"Accélérer la visibilité, le financement et les rencontres",Garantir automatiquement un marché,Remplacer la validation,Supprimer les risques,0,10,difficile
Q04415,Innovation & entrepreneuriat au Cameroun,Challenge visiteurs : Pourquoi documenter un projet ?,"Faciliter maintenance, transmission et collaboration",Empêcher l'équipe de travailler,Réduire la sécurité,Supprimer le code,0,10,difficile
Q04416,Innovation & entrepreneuriat au Cameroun,Challenge visiteurs : Quel est un exemple d'innovation frugale ?,Concevoir une solution efficace avec des ressources limitées,Acheter le matériel le plus cher,Ignorer les contraintes,Utiliser uniquement la fibre,0,10,difficile
Q04417,Innovation & entrepreneuriat au Cameroun,Challenge visiteurs : Quel enjeu est important pour les solutions rurales ?,Connectivité et accessibilité,Écrans 8K obligatoires,GPU haut de gamme obligatoire,Fibre dans chaque village,0,10,difficile
Q04418,Innovation & entrepreneuriat au Cameroun,Challenge visiteurs : Quel type d'impact peut mesurer une solution agricole ?,Évolution des rendements ou des pratiques,Nombre de pixels du logo,Vitesse du clavier,Taille du dépôt Git,0,10,difficile
Q04419,Innovation & entrepreneuriat au Cameroun,Challenge visiteurs : Pourquoi tester avec de vrais utilisateurs ?,Identifier les problèmes d'usage et améliorer la solution,Éviter le feedback,Réduire l'utilité,Créer un serveur,0,10,difficile
Q04420,Innovation & entrepreneuriat au Cameroun,Challenge visiteurs : Quel document résume souvent un projet pour des partenaires ?,Pitch deck ou note conceptuelle,BIOS,CSS,Fichier audio,0,10,difficile
Q04421,Innovation & entrepreneuriat au Cameroun,Challenge visiteurs : Quel concept désigne la capacité d'une entreprise à générer des revenus ?,Viabilité économique,Latence,Résolution,Compilation,0,10,difficile
Q04422,Innovation & entrepreneuriat au Cameroun,Challenge visiteurs : Quel indicateur peut mesurer la rétention ?,Pourcentage d'utilisateurs qui reviennent,Taille du processeur,Nombre de ports USB,Débit HDMI,0,10,difficile
Q04423,Innovation & entrepreneuriat au Cameroun,Challenge visiteurs : Quel canal peut être utile pour toucher des utilisateurs ruraux ?,Radio et réseaux mobiles selon le contexte,Fibre uniquement,VR uniquement,Serveur local obligatoire,0,10,difficile
Q04424,Innovation & entrepreneuriat au Cameroun,Challenge visiteurs : Pourquoi la localisation linguistique est-elle importante ?,Elle peut améliorer compréhension et adoption,Elle augmente toujours le prix,Elle supprime les données,Elle empêche l'IA,0,10,difficile
Q04425,Innovation & entrepreneuriat au Cameroun,Challenge visiteurs : Quel principe résume une bonne innovation ?,Créer de la valeur en répondant à un besoin réel,Ajouter des fonctions sans besoin,Éviter les utilisateurs,Copier sans adaptation,0,10,difficile
Q04426,Innovation & entrepreneuriat au Cameroun,Mode compétition : Quel est un objectif courant d'une startup technologique ?,Résoudre un problème avec une solution innovante et viable,Vendre uniquement des produits importés,Éviter les utilisateurs,Supprimer les tests,0,10,difficile
Q04427,Innovation & entrepreneuriat au Cameroun,Mode compétition : Pourquoi adapter une solution au contexte camerounais ?,"Les besoins, infrastructures et usages locaux influencent la conception",Parce que le code ne fonctionne jamais,Pour supprimer Internet,Pour éviter les utilisateurs,0,10,difficile
Q04428,Innovation & entrepreneuriat au Cameroun,Mode compétition : Quel élément est essentiel dans un pitch ?,"Le problème, la solution, la valeur et le marché",Une longue liste de bibliothèques uniquement,Le code source complet,Les mots de passe,0,10,difficile
Q04429,Innovation & entrepreneuriat au Cameroun,Mode compétition : Quel indicateur mesure la satisfaction des utilisateurs ?,CSAT/NPS selon le dispositif,CPU,RAM,DNS,0,10,difficile
Q04430,Innovation & entrepreneuriat au Cameroun,Mode compétition : Quel modèle économique consiste à faire payer périodiquement ?,Abonnement,Compilation,Routage,Caching,0,10,difficile
Q04431,Innovation & entrepreneuriat au Cameroun,Mode compétition : Quel financement peut soutenir une startup innovante ?,"Subvention, concours ou investissement",Uniquement des likes,Uniquement du Wi-Fi,Uniquement des captures d'écran,0,10,difficile
Q04432,Innovation & entrepreneuriat au Cameroun,Mode compétition : Pourquoi réaliser un prototype ?,Tester rapidement une idée,Éviter toute validation,Remplacer l'équipe,Créer un serveur DNS,0,10,difficile
Q04433,Innovation & entrepreneuriat au Cameroun,Mode compétition : Que signifie MVP ?,Minimum Viable Product,Maximum Virtual Program,Mobile Version Protocol,Market Value Process,0,10,difficile
Q04434,Innovation & entrepreneuriat au Cameroun,Mode compétition : Quel est le rôle d'une étude de marché ?,"Comprendre clients, concurrents et opportunités",Compiler du code,Chiffrer un disque,Créer un QR code,0,10,difficile
Q04435,Innovation & entrepreneuriat au Cameroun,Mode compétition : Pourquoi mesurer l'adoption d'une solution ?,Savoir si les utilisateurs l'utilisent réellement,Augmenter la RAM,Changer le système d'exploitation,Créer un antivirus,0,10,difficile
Q04436,Innovation & entrepreneuriat au Cameroun,Mode compétition : Quel principe aide à développer une solution utile ?,Partir d'un problème réel,Commencer par le logo uniquement,Ignorer les utilisateurs,Éviter les tests,0,10,difficile
Q04437,Innovation & entrepreneuriat au Cameroun,Mode compétition : Quel terme désigne une entreprise innovante à fort potentiel de croissance ?,Startup,Routeur,Compilateur,Proxy,0,10,difficile
Q04438,Innovation & entrepreneuriat au Cameroun,Mode compétition : Quel est l'intérêt d'un partenariat technologique ?,"Accéder à des compétences, ressources ou marchés complémentaires",Supprimer les utilisateurs,Éviter les tests,Remplacer le produit,0,10,difficile
Q04439,Innovation & entrepreneuriat au Cameroun,Mode compétition : Quel rôle peut jouer un concours d'innovation ?,"Accélérer la visibilité, le financement et les rencontres",Garantir automatiquement un marché,Remplacer la validation,Supprimer les risques,0,10,difficile
Q04440,Innovation & entrepreneuriat au Cameroun,Mode compétition : Pourquoi documenter un projet ?,"Faciliter maintenance, transmission et collaboration",Empêcher l'équipe de travailler,Réduire la sécurité,Supprimer le code,0,10,difficile
Q04441,Innovation & entrepreneuriat au Cameroun,Mode compétition : Quel est un exemple d'innovation frugale ?,Concevoir une solution efficace avec des ressources limitées,Acheter le matériel le plus cher,Ignorer les contraintes,Utiliser uniquement la fibre,0,10,difficile
Q04442,Innovation & entrepreneuriat au Cameroun,Mode compétition : Quel enjeu est important pour les solutions rurales ?,Connectivité et accessibilité,Écrans 8K obligatoires,GPU haut de gamme obligatoire,Fibre dans chaque village,0,10,difficile
Q04443,Innovation & entrepreneuriat au Cameroun,Mode compétition : Quel type d'impact peut mesurer une solution agricole ?,Évolution des rendements ou des pratiques,Nombre de pixels du logo,Vitesse du clavier,Taille du dépôt Git,0,10,difficile
Q04444,Innovation & entrepreneuriat au Cameroun,Mode compétition : Pourquoi tester avec de vrais utilisateurs ?,Identifier les problèmes d'usage et améliorer la solution,Éviter le feedback,Réduire l'utilité,Créer un serveur,0,10,difficile
Q04445,Innovation & entrepreneuriat au Cameroun,Mode compétition : Quel document résume souvent un projet pour des partenaires ?,Pitch deck ou note conceptuelle,BIOS,CSS,Fichier audio,0,10,difficile
Q04446,Innovation & entrepreneuriat au Cameroun,Mode compétition : Quel concept désigne la capacité d'une entreprise à générer des revenus ?,Viabilité économique,Latence,Résolution,Compilation,0,10,difficile
Q04447,Innovation & entrepreneuriat au Cameroun,Mode compétition : Quel indicateur peut mesurer la rétention ?,Pourcentage d'utilisateurs qui reviennent,Taille du processeur,Nombre de ports USB,Débit HDMI,0,10,difficile
Q04448,Innovation & entrepreneuriat au Cameroun,Mode compétition : Quel canal peut être utile pour toucher des utilisateurs ruraux ?,Radio et réseaux mobiles selon le contexte,Fibre uniquement,VR uniquement,Serveur local obligatoire,0,10,difficile
Q04449,Innovation & entrepreneuriat au Cameroun,Mode compétition : Pourquoi la localisation linguistique est-elle importante ?,Elle peut améliorer compréhension et adoption,Elle augmente toujours le prix,Elle supprime les données,Elle empêche l'IA,0,10,difficile
Q04450,Innovation & entrepreneuriat au Cameroun,Mode compétition : Quel principe résume une bonne innovation ?,Créer de la valeur en répondant à un besoin réel,Ajouter des fonctions sans besoin,Éviter les utilisateurs,Copier sans adaptation,0,10,difficile
Q04451,Innovation & entrepreneuriat au Cameroun,Question expert : Quel est un objectif courant d'une startup technologique ?,Résoudre un problème avec une solution innovante et viable,Vendre uniquement des produits importés,Éviter les utilisateurs,Supprimer les tests,0,10,difficile
Q04452,Innovation & entrepreneuriat au Cameroun,Question expert : Pourquoi adapter une solution au contexte camerounais ?,"Les besoins, infrastructures et usages locaux influencent la conception",Parce que le code ne fonctionne jamais,Pour supprimer Internet,Pour éviter les utilisateurs,0,10,difficile
Q04453,Innovation & entrepreneuriat au Cameroun,Question expert : Quel élément est essentiel dans un pitch ?,"Le problème, la solution, la valeur et le marché",Une longue liste de bibliothèques uniquement,Le code source complet,Les mots de passe,0,10,difficile
Q04454,Innovation & entrepreneuriat au Cameroun,Question expert : Quel indicateur mesure la satisfaction des utilisateurs ?,CSAT/NPS selon le dispositif,CPU,RAM,DNS,0,10,difficile
Q04455,Innovation & entrepreneuriat au Cameroun,Question expert : Quel modèle économique consiste à faire payer périodiquement ?,Abonnement,Compilation,Routage,Caching,0,10,difficile
Q04456,Innovation & entrepreneuriat au Cameroun,Question expert : Quel financement peut soutenir une startup innovante ?,"Subvention, concours ou investissement",Uniquement des likes,Uniquement du Wi-Fi,Uniquement des captures d'écran,0,10,difficile
Q04457,Innovation & entrepreneuriat au Cameroun,Question expert : Pourquoi réaliser un prototype ?,Tester rapidement une idée,Éviter toute validation,Remplacer l'équipe,Créer un serveur DNS,0,10,difficile
Q04458,Innovation & entrepreneuriat au Cameroun,Question expert : Que signifie MVP ?,Minimum Viable Product,Maximum Virtual Program,Mobile Version Protocol,Market Value Process,0,10,difficile
Q04459,Innovation & entrepreneuriat au Cameroun,Question expert : Quel est le rôle d'une étude de marché ?,"Comprendre clients, concurrents et opportunités",Compiler du code,Chiffrer un disque,Créer un QR code,0,10,difficile
Q04460,Innovation & entrepreneuriat au Cameroun,Question expert : Pourquoi mesurer l'adoption d'une solution ?,Savoir si les utilisateurs l'utilisent réellement,Augmenter la RAM,Changer le système d'exploitation,Créer un antivirus,0,10,difficile
Q04461,Innovation & entrepreneuriat au Cameroun,Question expert : Quel principe aide à développer une solution utile ?,Partir d'un problème réel,Commencer par le logo uniquement,Ignorer les utilisateurs,Éviter les tests,0,10,difficile
Q04462,Innovation & entrepreneuriat au Cameroun,Question expert : Quel terme désigne une entreprise innovante à fort potentiel de croissance ?,Startup,Routeur,Compilateur,Proxy,0,10,difficile
Q04463,Innovation & entrepreneuriat au Cameroun,Question expert : Quel est l'intérêt d'un partenariat technologique ?,"Accéder à des compétences, ressources ou marchés complémentaires",Supprimer les utilisateurs,Éviter les tests,Remplacer le produit,0,10,difficile
Q04464,Innovation & entrepreneuriat au Cameroun,Question expert : Quel rôle peut jouer un concours d'innovation ?,"Accélérer la visibilité, le financement et les rencontres",Garantir automatiquement un marché,Remplacer la validation,Supprimer les risques,0,10,difficile
Q04465,Innovation & entrepreneuriat au Cameroun,Question expert : Pourquoi documenter un projet ?,"Faciliter maintenance, transmission et collaboration",Empêcher l'équipe de travailler,Réduire la sécurité,Supprimer le code,0,10,difficile
Q04466,Innovation & entrepreneuriat au Cameroun,Question expert : Quel est un exemple d'innovation frugale ?,Concevoir une solution efficace avec des ressources limitées,Acheter le matériel le plus cher,Ignorer les contraintes,Utiliser uniquement la fibre,0,10,difficile
Q04467,Innovation & entrepreneuriat au Cameroun,Question expert : Quel enjeu est important pour les solutions rurales ?,Connectivité et accessibilité,Écrans 8K obligatoires,GPU haut de gamme obligatoire,Fibre dans chaque village,0,10,difficile
Q04468,Innovation & entrepreneuriat au Cameroun,Question expert : Quel type d'impact peut mesurer une solution agricole ?,Évolution des rendements ou des pratiques,Nombre de pixels du logo,Vitesse du clavier,Taille du dépôt Git,0,10,difficile
Q04469,Innovation & entrepreneuriat au Cameroun,Question expert : Pourquoi tester avec de vrais utilisateurs ?,Identifier les problèmes d'usage et améliorer la solution,Éviter le feedback,Réduire l'utilité,Créer un serveur,0,10,difficile
Q04470,Innovation & entrepreneuriat au Cameroun,Question expert : Quel document résume souvent un projet pour des partenaires ?,Pitch deck ou note conceptuelle,BIOS,CSS,Fichier audio,0,10,difficile
Q04471,Innovation & entrepreneuriat au Cameroun,Question expert : Quel concept désigne la capacité d'une entreprise à générer des revenus ?,Viabilité économique,Latence,Résolution,Compilation,0,10,difficile
Q04472,Innovation & entrepreneuriat au Cameroun,Question expert : Quel indicateur peut mesurer la rétention ?,Pourcentage d'utilisateurs qui reviennent,Taille du processeur,Nombre de ports USB,Débit HDMI,0,10,difficile
Q04473,Innovation & entrepreneuriat au Cameroun,Question expert : Quel canal peut être utile pour toucher des utilisateurs ruraux ?,Radio et réseaux mobiles selon le contexte,Fibre uniquement,VR uniquement,Serveur local obligatoire,0,10,difficile
Q04474,Innovation & entrepreneuriat au Cameroun,Question expert : Pourquoi la localisation linguistique est-elle importante ?,Elle peut améliorer compréhension et adoption,Elle augmente toujours le prix,Elle supprime les données,Elle empêche l'IA,0,10,difficile
Q04475,Innovation & entrepreneuriat au Cameroun,Question expert : Quel principe résume une bonne innovation ?,Créer de la valeur en répondant à un besoin réel,Ajouter des fonctions sans besoin,Éviter les utilisateurs,Copier sans adaptation,0,10,difficile
Q04476,Innovation & entrepreneuriat au Cameroun,Dernier défi : Quel est un objectif courant d'une startup technologique ?,Résoudre un problème avec une solution innovante et viable,Vendre uniquement des produits importés,Éviter les utilisateurs,Supprimer les tests,0,10,difficile
Q04477,Innovation & entrepreneuriat au Cameroun,Dernier défi : Pourquoi adapter une solution au contexte camerounais ?,"Les besoins, infrastructures et usages locaux influencent la conception",Parce que le code ne fonctionne jamais,Pour supprimer Internet,Pour éviter les utilisateurs,0,10,difficile
Q04478,Innovation & entrepreneuriat au Cameroun,Dernier défi : Quel élément est essentiel dans un pitch ?,"Le problème, la solution, la valeur et le marché",Une longue liste de bibliothèques uniquement,Le code source complet,Les mots de passe,0,10,difficile
Q04479,Innovation & entrepreneuriat au Cameroun,Dernier défi : Quel indicateur mesure la satisfaction des utilisateurs ?,CSAT/NPS selon le dispositif,CPU,RAM,DNS,0,10,difficile
Q04480,Innovation & entrepreneuriat au Cameroun,Dernier défi : Quel modèle économique consiste à faire payer périodiquement ?,Abonnement,Compilation,Routage,Caching,0,10,difficile
Q04481,Innovation & entrepreneuriat au Cameroun,Dernier défi : Quel financement peut soutenir une startup innovante ?,"Subvention, concours ou investissement",Uniquement des likes,Uniquement du Wi-Fi,Uniquement des captures d'écran,0,10,difficile
Q04482,Innovation & entrepreneuriat au Cameroun,Dernier défi : Pourquoi réaliser un prototype ?,Tester rapidement une idée,Éviter toute validation,Remplacer l'équipe,Créer un serveur DNS,0,10,difficile
Q04483,Innovation & entrepreneuriat au Cameroun,Dernier défi : Que signifie MVP ?,Minimum Viable Product,Maximum Virtual Program,Mobile Version Protocol,Market Value Process,0,10,difficile
Q04484,Innovation & entrepreneuriat au Cameroun,Dernier défi : Quel est le rôle d'une étude de marché ?,"Comprendre clients, concurrents et opportunités",Compiler du code,Chiffrer un disque,Créer un QR code,0,10,difficile
Q04485,Innovation & entrepreneuriat au Cameroun,Dernier défi : Pourquoi mesurer l'adoption d'une solution ?,Savoir si les utilisateurs l'utilisent réellement,Augmenter la RAM,Changer le système d'exploitation,Créer un antivirus,0,10,difficile
Q04486,Innovation & entrepreneuriat au Cameroun,Dernier défi : Quel principe aide à développer une solution utile ?,Partir d'un problème réel,Commencer par le logo uniquement,Ignorer les utilisateurs,Éviter les tests,0,10,difficile
Q04487,Innovation & entrepreneuriat au Cameroun,Dernier défi : Quel terme désigne une entreprise innovante à fort potentiel de croissance ?,Startup,Routeur,Compilateur,Proxy,0,10,difficile
Q04488,Innovation & entrepreneuriat au Cameroun,Dernier défi : Quel est l'intérêt d'un partenariat technologique ?,"Accéder à des compétences, ressources ou marchés complémentaires",Supprimer les utilisateurs,Éviter les tests,Remplacer le produit,0,10,difficile
Q04489,Innovation & entrepreneuriat au Cameroun,Dernier défi : Quel rôle peut jouer un concours d'innovation ?,"Accélérer la visibilité, le financement et les rencontres",Garantir automatiquement un marché,Remplacer la validation,Supprimer les risques,0,10,difficile
Q04490,Innovation & entrepreneuriat au Cameroun,Dernier défi : Pourquoi documenter un projet ?,"Faciliter maintenance, transmission et collaboration",Empêcher l'équipe de travailler,Réduire la sécurité,Supprimer le code,0,10,difficile
Q04491,Innovation & entrepreneuriat au Cameroun,Dernier défi : Quel est un exemple d'innovation frugale ?,Concevoir une solution efficace avec des ressources limitées,Acheter le matériel le plus cher,Ignorer les contraintes,Utiliser uniquement la fibre,0,10,difficile
Q04492,Innovation & entrepreneuriat au Cameroun,Dernier défi : Quel enjeu est important pour les solutions rurales ?,Connectivité et accessibilité,Écrans 8K obligatoires,GPU haut de gamme obligatoire,Fibre dans chaque village,0,10,difficile
Q04493,Innovation & entrepreneuriat au Cameroun,Dernier défi : Quel type d'impact peut mesurer une solution agricole ?,Évolution des rendements ou des pratiques,Nombre de pixels du logo,Vitesse du clavier,Taille du dépôt Git,0,10,difficile
Q04494,Innovation & entrepreneuriat au Cameroun,Dernier défi : Pourquoi tester avec de vrais utilisateurs ?,Identifier les problèmes d'usage et améliorer la solution,Éviter le feedback,Réduire l'utilité,Créer un serveur,0,10,difficile
Q04495,Innovation & entrepreneuriat au Cameroun,Dernier défi : Quel document résume souvent un projet pour des partenaires ?,Pitch deck ou note conceptuelle,BIOS,CSS,Fichier audio,0,10,difficile
Q04496,Innovation & entrepreneuriat au Cameroun,Dernier défi : Quel concept désigne la capacité d'une entreprise à générer des revenus ?,Viabilité économique,Latence,Résolution,Compilation,0,10,difficile
Q04497,Innovation & entrepreneuriat au Cameroun,Dernier défi : Quel indicateur peut mesurer la rétention ?,Pourcentage d'utilisateurs qui reviennent,Taille du processeur,Nombre de ports USB,Débit HDMI,0,10,difficile
Q04498,Innovation & entrepreneuriat au Cameroun,Dernier défi : Quel canal peut être utile pour toucher des utilisateurs ruraux ?,Radio et réseaux mobiles selon le contexte,Fibre uniquement,VR uniquement,Serveur local obligatoire,0,10,difficile
Q04499,Innovation & entrepreneuriat au Cameroun,Dernier défi : Pourquoi la localisation linguistique est-elle importante ?,Elle peut améliorer compréhension et adoption,Elle augmente toujours le prix,Elle supprime les données,Elle empêche l'IA,0,10,difficile
Q04500,Innovation & entrepreneuriat au Cameroun,Dernier défi : Quel principe résume une bonne innovation ?,Créer de la valeur en répondant à un besoin réel,Ajouter des fonctions sans besoin,Éviter les utilisateurs,Copier sans adaptation,0,10,difficile
Q04501,Logique & culture générale,"Si 2 + 3 = 5, combien font 7 + 6 ?",13,12,14,11,0,10,facile
Q04502,Logique & culture générale,"Quel nombre complète la suite 2, 4, 6, 8, ?",10,9,11,12,0,10,facile
Q04503,Logique & culture générale,Quel nombre est premier ?,17,21,27,33,0,10,facile
Q04504,Logique & culture générale,Combien y a-t-il de bits dans un octet ?,8,4,16,32,0,10,facile
Q04505,Logique & culture générale,"Quel est le plus grand : 0,7 ou 0,65 ?","0,7","0,65",Ils sont égaux,Impossible,0,10,facile
Q04506,Logique & culture générale,"Si tous les A sont B et tous les B sont C, que peut-on conclure ?",Tous les A sont C,Aucun A n'est C,Tous les C sont A,B n'existe pas,0,10,facile
Q04507,Logique & culture générale,Quelle planète est connue comme la planète rouge ?,Mars,Vénus,Jupiter,Mercure,0,10,facile
Q04508,Logique & culture générale,Quelle est la capitale du Cameroun ?,Yaoundé,Douala,Maroua,Garoua,0,10,facile
Q04509,Logique & culture générale,Quelle est la région où se trouve Maroua ?,Extrême-Nord,Littoral,Sud-Ouest,Est,0,10,facile
Q04510,Logique & culture générale,Quel est le plus grand océan du monde ?,Pacifique,Atlantique,Indien,Arctique,0,10,facile
Q04511,Logique & culture générale,Combien de côtés possède un hexagone ?,6,5,7,8,0,10,facile
Q04512,Logique & culture générale,Quel est le résultat de 12 × 5 ?,60,50,70,55,0,10,facile
Q04513,Logique & culture générale,Quel est le résultat de 100 / 4 ?,25,20,30,40,0,10,facile
Q04514,Logique & culture générale,"Si un objet coûte 10 000 FCFA et bénéficie de 10% de réduction, quel est le prix ?",9 000 FCFA,9 500 FCFA,8 000 FCFA,10 100 FCFA,0,10,facile
Q04515,Logique & culture générale,Quel langage utilise principalement le symbole # pour les commentaires sur une ligne ?,Python,HTML,CSS,SQL,0,10,facile
Q04516,Logique & culture générale,Quelle unité mesure généralement la fréquence d'un processeur ?,GHz,GB,dpi,Mbps,0,10,facile
Q04517,Logique & culture générale,Quelle unité mesure le débit réseau ?,Mbps,kg,cm,dpi,0,10,facile
Q04518,Logique & culture générale,Quel est le contraire de 'public' ?,Privé,Rapide,Ouvert,Central,0,10,facile
Q04519,Logique & culture générale,Quel continent abrite le Cameroun ?,Afrique,Asie,Europe,Amérique,0,10,facile
Q04520,Logique & culture générale,Quel est le résultat de 15 - 7 ?,8,7,9,6,0,10,facile
Q04521,Logique & culture générale,"Si A est plus grand que B et B plus grand que C, qui est le plus petit ?",C,A,B,Impossible,0,10,facile
Q04522,Logique & culture générale,Quelle couleur obtient-on en mélangeant du bleu et du jaune en peinture ?,Vert,Rouge,Violet,Noir,0,10,facile
Q04523,Logique & culture générale,Combien de minutes y a-t-il dans une heure ?,60,30,100,90,0,10,facile
Q04524,Logique & culture générale,Quel instrument sert à mesurer la température ?,Thermomètre,Baromètre,Voltmètre,Compas,0,10,facile
Q04525,Logique & culture générale,Quel est le rôle principal d'une boussole ?,Indiquer les directions,Mesurer la température,Mesurer la vitesse,Calculer une moyenne,0,10,facile
Q04526,Logique & culture générale,"Au stand MIT : Si 2 + 3 = 5, combien font 7 + 6 ?",13,12,14,11,0,10,facile
Q04527,Logique & culture générale,"Au stand MIT : Quel nombre complète la suite 2, 4, 6, 8, ?",10,9,11,12,0,10,facile
Q04528,Logique & culture générale,Au stand MIT : Quel nombre est premier ?,17,21,27,33,0,10,facile
Q04529,Logique & culture générale,Au stand MIT : Combien y a-t-il de bits dans un octet ?,8,4,16,32,0,10,facile
Q04530,Logique & culture générale,"Au stand MIT : Quel est le plus grand : 0,7 ou 0,65 ?","0,7","0,65",Ils sont égaux,Impossible,0,10,facile
Q04531,Logique & culture générale,"Au stand MIT : Si tous les A sont B et tous les B sont C, que peut-on conclure ?",Tous les A sont C,Aucun A n'est C,Tous les C sont A,B n'existe pas,0,10,facile
Q04532,Logique & culture générale,Au stand MIT : Quelle planète est connue comme la planète rouge ?,Mars,Vénus,Jupiter,Mercure,0,10,facile
Q04533,Logique & culture générale,Au stand MIT : Quelle est la capitale du Cameroun ?,Yaoundé,Douala,Maroua,Garoua,0,10,facile
Q04534,Logique & culture générale,Au stand MIT : Quelle est la région où se trouve Maroua ?,Extrême-Nord,Littoral,Sud-Ouest,Est,0,10,facile
Q04535,Logique & culture générale,Au stand MIT : Quel est le plus grand océan du monde ?,Pacifique,Atlantique,Indien,Arctique,0,10,facile
Q04536,Logique & culture générale,Au stand MIT : Combien de côtés possède un hexagone ?,6,5,7,8,0,10,facile
Q04537,Logique & culture générale,Au stand MIT : Quel est le résultat de 12 × 5 ?,60,50,70,55,0,10,facile
Q04538,Logique & culture générale,Au stand MIT : Quel est le résultat de 100 / 4 ?,25,20,30,40,0,10,facile
Q04539,Logique & culture générale,"Au stand MIT : Si un objet coûte 10 000 FCFA et bénéficie de 10% de réduction, quel est le prix ?",9 000 FCFA,9 500 FCFA,8 000 FCFA,10 100 FCFA,0,10,facile
Q04540,Logique & culture générale,Au stand MIT : Quel langage utilise principalement le symbole # pour les commentaires sur une ligne ?,Python,HTML,CSS,SQL,0,10,facile
Q04541,Logique & culture générale,Au stand MIT : Quelle unité mesure généralement la fréquence d'un processeur ?,GHz,GB,dpi,Mbps,0,10,facile
Q04542,Logique & culture générale,Au stand MIT : Quelle unité mesure le débit réseau ?,Mbps,kg,cm,dpi,0,10,facile
Q04543,Logique & culture générale,Au stand MIT : Quel est le contraire de 'public' ?,Privé,Rapide,Ouvert,Central,0,10,facile
Q04544,Logique & culture générale,Au stand MIT : Quel continent abrite le Cameroun ?,Afrique,Asie,Europe,Amérique,0,10,facile
Q04545,Logique & culture générale,Au stand MIT : Quel est le résultat de 15 - 7 ?,8,7,9,6,0,10,facile
Q04546,Logique & culture générale,"Au stand MIT : Si A est plus grand que B et B plus grand que C, qui est le plus petit ?",C,A,B,Impossible,0,10,facile
Q04547,Logique & culture générale,Au stand MIT : Quelle couleur obtient-on en mélangeant du bleu et du jaune en peinture ?,Vert,Rouge,Violet,Noir,0,10,facile
Q04548,Logique & culture générale,Au stand MIT : Combien de minutes y a-t-il dans une heure ?,60,30,100,90,0,10,facile
Q04549,Logique & culture générale,Au stand MIT : Quel instrument sert à mesurer la température ?,Thermomètre,Baromètre,Voltmètre,Compas,0,10,facile
Q04550,Logique & culture générale,Au stand MIT : Quel est le rôle principal d'une boussole ?,Indiquer les directions,Mesurer la température,Mesurer la vitesse,Calculer une moyenne,0,10,facile
Q04551,Logique & culture générale,"Défi express : Si 2 + 3 = 5, combien font 7 + 6 ?",13,12,14,11,0,10,facile
Q04552,Logique & culture générale,"Défi express : Quel nombre complète la suite 2, 4, 6, 8, ?",10,9,11,12,0,10,facile
Q04553,Logique & culture générale,Défi express : Quel nombre est premier ?,17,21,27,33,0,10,facile
Q04554,Logique & culture générale,Défi express : Combien y a-t-il de bits dans un octet ?,8,4,16,32,0,10,facile
Q04555,Logique & culture générale,"Défi express : Quel est le plus grand : 0,7 ou 0,65 ?","0,7","0,65",Ils sont égaux,Impossible,0,10,facile
Q04556,Logique & culture générale,"Défi express : Si tous les A sont B et tous les B sont C, que peut-on conclure ?",Tous les A sont C,Aucun A n'est C,Tous les C sont A,B n'existe pas,0,10,facile
Q04557,Logique & culture générale,Défi express : Quelle planète est connue comme la planète rouge ?,Mars,Vénus,Jupiter,Mercure,0,10,facile
Q04558,Logique & culture générale,Défi express : Quelle est la capitale du Cameroun ?,Yaoundé,Douala,Maroua,Garoua,0,10,facile
Q04559,Logique & culture générale,Défi express : Quelle est la région où se trouve Maroua ?,Extrême-Nord,Littoral,Sud-Ouest,Est,0,10,facile
Q04560,Logique & culture générale,Défi express : Quel est le plus grand océan du monde ?,Pacifique,Atlantique,Indien,Arctique,0,10,facile
Q04561,Logique & culture générale,Défi express : Combien de côtés possède un hexagone ?,6,5,7,8,0,10,facile
Q04562,Logique & culture générale,Défi express : Quel est le résultat de 12 × 5 ?,60,50,70,55,0,10,facile
Q04563,Logique & culture générale,Défi express : Quel est le résultat de 100 / 4 ?,25,20,30,40,0,10,facile
Q04564,Logique & culture générale,"Défi express : Si un objet coûte 10 000 FCFA et bénéficie de 10% de réduction, quel est le prix ?",9 000 FCFA,9 500 FCFA,8 000 FCFA,10 100 FCFA,0,10,facile
Q04565,Logique & culture générale,Défi express : Quel langage utilise principalement le symbole # pour les commentaires sur une ligne ?,Python,HTML,CSS,SQL,0,10,facile
Q04566,Logique & culture générale,Défi express : Quelle unité mesure généralement la fréquence d'un processeur ?,GHz,GB,dpi,Mbps,0,10,facile
Q04567,Logique & culture générale,Défi express : Quelle unité mesure le débit réseau ?,Mbps,kg,cm,dpi,0,10,facile
Q04568,Logique & culture générale,Défi express : Quel est le contraire de 'public' ?,Privé,Rapide,Ouvert,Central,0,10,facile
Q04569,Logique & culture générale,Défi express : Quel continent abrite le Cameroun ?,Afrique,Asie,Europe,Amérique,0,10,facile
Q04570,Logique & culture générale,Défi express : Quel est le résultat de 15 - 7 ?,8,7,9,6,0,10,facile
Q04571,Logique & culture générale,"Défi express : Si A est plus grand que B et B plus grand que C, qui est le plus petit ?",C,A,B,Impossible,0,10,facile
Q04572,Logique & culture générale,Défi express : Quelle couleur obtient-on en mélangeant du bleu et du jaune en peinture ?,Vert,Rouge,Violet,Noir,0,10,facile
Q04573,Logique & culture générale,Défi express : Combien de minutes y a-t-il dans une heure ?,60,30,100,90,0,10,facile
Q04574,Logique & culture générale,Défi express : Quel instrument sert à mesurer la température ?,Thermomètre,Baromètre,Voltmètre,Compas,0,10,facile
Q04575,Logique & culture générale,Défi express : Quel est le rôle principal d'une boussole ?,Indiquer les directions,Mesurer la température,Mesurer la vitesse,Calculer une moyenne,0,10,facile
Q04576,Logique & culture générale,"Testez vos connaissances : Si 2 + 3 = 5, combien font 7 + 6 ?",13,12,14,11,0,10,facile
Q04577,Logique & culture générale,"Testez vos connaissances : Quel nombre complète la suite 2, 4, 6, 8, ?",10,9,11,12,0,10,facile
Q04578,Logique & culture générale,Testez vos connaissances : Quel nombre est premier ?,17,21,27,33,0,10,facile
Q04579,Logique & culture générale,Testez vos connaissances : Combien y a-t-il de bits dans un octet ?,8,4,16,32,0,10,facile
Q04580,Logique & culture générale,"Testez vos connaissances : Quel est le plus grand : 0,7 ou 0,65 ?","0,7","0,65",Ils sont égaux,Impossible,0,10,facile
Q04581,Logique & culture générale,"Testez vos connaissances : Si tous les A sont B et tous les B sont C, que peut-on conclure ?",Tous les A sont C,Aucun A n'est C,Tous les C sont A,B n'existe pas,0,10,facile
Q04582,Logique & culture générale,Testez vos connaissances : Quelle planète est connue comme la planète rouge ?,Mars,Vénus,Jupiter,Mercure,0,10,facile
Q04583,Logique & culture générale,Testez vos connaissances : Quelle est la capitale du Cameroun ?,Yaoundé,Douala,Maroua,Garoua,0,10,facile
Q04584,Logique & culture générale,Testez vos connaissances : Quelle est la région où se trouve Maroua ?,Extrême-Nord,Littoral,Sud-Ouest,Est,0,10,facile
Q04585,Logique & culture générale,Testez vos connaissances : Quel est le plus grand océan du monde ?,Pacifique,Atlantique,Indien,Arctique,0,10,facile
Q04586,Logique & culture générale,Testez vos connaissances : Combien de côtés possède un hexagone ?,6,5,7,8,0,10,facile
Q04587,Logique & culture générale,Testez vos connaissances : Quel est le résultat de 12 × 5 ?,60,50,70,55,0,10,facile
Q04588,Logique & culture générale,Testez vos connaissances : Quel est le résultat de 100 / 4 ?,25,20,30,40,0,10,facile
Q04589,Logique & culture générale,"Testez vos connaissances : Si un objet coûte 10 000 FCFA et bénéficie de 10% de réduction, quel est le prix ?",9 000 FCFA,9 500 FCFA,8 000 FCFA,10 100 FCFA,0,10,facile
Q04590,Logique & culture générale,Testez vos connaissances : Quel langage utilise principalement le symbole # pour les commentaires sur une ligne ?,Python,HTML,CSS,SQL,0,10,facile
Q04591,Logique & culture générale,Testez vos connaissances : Quelle unité mesure généralement la fréquence d'un processeur ?,GHz,GB,dpi,Mbps,0,10,facile
Q04592,Logique & culture générale,Testez vos connaissances : Quelle unité mesure le débit réseau ?,Mbps,kg,cm,dpi,0,10,facile
Q04593,Logique & culture générale,Testez vos connaissances : Quel est le contraire de 'public' ?,Privé,Rapide,Ouvert,Central,0,10,facile
Q04594,Logique & culture générale,Testez vos connaissances : Quel continent abrite le Cameroun ?,Afrique,Asie,Europe,Amérique,0,10,facile
Q04595,Logique & culture générale,Testez vos connaissances : Quel est le résultat de 15 - 7 ?,8,7,9,6,0,10,facile
Q04596,Logique & culture générale,"Testez vos connaissances : Si A est plus grand que B et B plus grand que C, qui est le plus petit ?",C,A,B,Impossible,0,10,facile
Q04597,Logique & culture générale,Testez vos connaissances : Quelle couleur obtient-on en mélangeant du bleu et du jaune en peinture ?,Vert,Rouge,Violet,Noir,0,10,facile
Q04598,Logique & culture générale,Testez vos connaissances : Combien de minutes y a-t-il dans une heure ?,60,30,100,90,0,10,facile
Q04599,Logique & culture générale,Testez vos connaissances : Quel instrument sert à mesurer la température ?,Thermomètre,Baromètre,Voltmètre,Compas,0,10,facile
Q04600,Logique & culture générale,Testez vos connaissances : Quel est le rôle principal d'une boussole ?,Indiquer les directions,Mesurer la température,Mesurer la vitesse,Calculer une moyenne,0,10,facile
Q04601,Logique & culture générale,"Le saviez-vous ? Si 2 + 3 = 5, combien font 7 + 6 ?",13,12,14,11,0,10,facile
Q04602,Logique & culture générale,"Le saviez-vous ? Quel nombre complète la suite 2, 4, 6, 8, ?",10,9,11,12,0,10,facile
Q04603,Logique & culture générale,Le saviez-vous ? Quel nombre est premier ?,17,21,27,33,0,10,facile
Q04604,Logique & culture générale,Le saviez-vous ? Combien y a-t-il de bits dans un octet ?,8,4,16,32,0,10,facile
Q04605,Logique & culture générale,"Le saviez-vous ? Quel est le plus grand : 0,7 ou 0,65 ?","0,7","0,65",Ils sont égaux,Impossible,0,10,facile
Q04606,Logique & culture générale,"Le saviez-vous ? Si tous les A sont B et tous les B sont C, que peut-on conclure ?",Tous les A sont C,Aucun A n'est C,Tous les C sont A,B n'existe pas,0,10,facile
Q04607,Logique & culture générale,Le saviez-vous ? Quelle planète est connue comme la planète rouge ?,Mars,Vénus,Jupiter,Mercure,0,10,facile
Q04608,Logique & culture générale,Le saviez-vous ? Quelle est la capitale du Cameroun ?,Yaoundé,Douala,Maroua,Garoua,0,10,facile
Q04609,Logique & culture générale,Le saviez-vous ? Quelle est la région où se trouve Maroua ?,Extrême-Nord,Littoral,Sud-Ouest,Est,0,10,facile
Q04610,Logique & culture générale,Le saviez-vous ? Quel est le plus grand océan du monde ?,Pacifique,Atlantique,Indien,Arctique,0,10,facile
Q04611,Logique & culture générale,Le saviez-vous ? Combien de côtés possède un hexagone ?,6,5,7,8,0,10,facile
Q04612,Logique & culture générale,Le saviez-vous ? Quel est le résultat de 12 × 5 ?,60,50,70,55,0,10,facile
Q04613,Logique & culture générale,Le saviez-vous ? Quel est le résultat de 100 / 4 ?,25,20,30,40,0,10,facile
Q04614,Logique & culture générale,"Le saviez-vous ? Si un objet coûte 10 000 FCFA et bénéficie de 10% de réduction, quel est le prix ?",9 000 FCFA,9 500 FCFA,8 000 FCFA,10 100 FCFA,0,10,facile
Q04615,Logique & culture générale,Le saviez-vous ? Quel langage utilise principalement le symbole # pour les commentaires sur une ligne ?,Python,HTML,CSS,SQL,0,10,facile
Q04616,Logique & culture générale,Le saviez-vous ? Quelle unité mesure généralement la fréquence d'un processeur ?,GHz,GB,dpi,Mbps,0,10,facile
Q04617,Logique & culture générale,Le saviez-vous ? Quelle unité mesure le débit réseau ?,Mbps,kg,cm,dpi,0,10,facile
Q04618,Logique & culture générale,Le saviez-vous ? Quel est le contraire de 'public' ?,Privé,Rapide,Ouvert,Central,0,10,facile
Q04619,Logique & culture générale,Le saviez-vous ? Quel continent abrite le Cameroun ?,Afrique,Asie,Europe,Amérique,0,10,facile
Q04620,Logique & culture générale,Le saviez-vous ? Quel est le résultat de 15 - 7 ?,8,7,9,6,0,10,facile
Q04621,Logique & culture générale,"Le saviez-vous ? Si A est plus grand que B et B plus grand que C, qui est le plus petit ?",C,A,B,Impossible,0,10,facile
Q04622,Logique & culture générale,Le saviez-vous ? Quelle couleur obtient-on en mélangeant du bleu et du jaune en peinture ?,Vert,Rouge,Violet,Noir,0,10,facile
Q04623,Logique & culture générale,Le saviez-vous ? Combien de minutes y a-t-il dans une heure ?,60,30,100,90,0,10,facile
Q04624,Logique & culture générale,Le saviez-vous ? Quel instrument sert à mesurer la température ?,Thermomètre,Baromètre,Voltmètre,Compas,0,10,facile
Q04625,Logique & culture générale,Le saviez-vous ? Quel est le rôle principal d'une boussole ?,Indiquer les directions,Mesurer la température,Mesurer la vitesse,Calculer une moyenne,0,10,facile
Q04626,Logique & culture générale,"Quiz du jour : Si 2 + 3 = 5, combien font 7 + 6 ?",13,12,14,11,0,10,moyen
Q04627,Logique & culture générale,"Quiz du jour : Quel nombre complète la suite 2, 4, 6, 8, ?",10,9,11,12,0,10,moyen
Q04628,Logique & culture générale,Quiz du jour : Quel nombre est premier ?,17,21,27,33,0,10,moyen
Q04629,Logique & culture générale,Quiz du jour : Combien y a-t-il de bits dans un octet ?,8,4,16,32,0,10,moyen
Q04630,Logique & culture générale,"Quiz du jour : Quel est le plus grand : 0,7 ou 0,65 ?","0,7","0,65",Ils sont égaux,Impossible,0,10,moyen
Q04631,Logique & culture générale,"Quiz du jour : Si tous les A sont B et tous les B sont C, que peut-on conclure ?",Tous les A sont C,Aucun A n'est C,Tous les C sont A,B n'existe pas,0,10,moyen
Q04632,Logique & culture générale,Quiz du jour : Quelle planète est connue comme la planète rouge ?,Mars,Vénus,Jupiter,Mercure,0,10,moyen
Q04633,Logique & culture générale,Quiz du jour : Quelle est la capitale du Cameroun ?,Yaoundé,Douala,Maroua,Garoua,0,10,moyen
Q04634,Logique & culture générale,Quiz du jour : Quelle est la région où se trouve Maroua ?,Extrême-Nord,Littoral,Sud-Ouest,Est,0,10,moyen
Q04635,Logique & culture générale,Quiz du jour : Quel est le plus grand océan du monde ?,Pacifique,Atlantique,Indien,Arctique,0,10,moyen
Q04636,Logique & culture générale,Quiz du jour : Combien de côtés possède un hexagone ?,6,5,7,8,0,10,moyen
Q04637,Logique & culture générale,Quiz du jour : Quel est le résultat de 12 × 5 ?,60,50,70,55,0,10,moyen
Q04638,Logique & culture générale,Quiz du jour : Quel est le résultat de 100 / 4 ?,25,20,30,40,0,10,moyen
Q04639,Logique & culture générale,"Quiz du jour : Si un objet coûte 10 000 FCFA et bénéficie de 10% de réduction, quel est le prix ?",9 000 FCFA,9 500 FCFA,8 000 FCFA,10 100 FCFA,0,10,moyen
Q04640,Logique & culture générale,Quiz du jour : Quel langage utilise principalement le symbole # pour les commentaires sur une ligne ?,Python,HTML,CSS,SQL,0,10,moyen
Q04641,Logique & culture générale,Quiz du jour : Quelle unité mesure généralement la fréquence d'un processeur ?,GHz,GB,dpi,Mbps,0,10,moyen
Q04642,Logique & culture générale,Quiz du jour : Quelle unité mesure le débit réseau ?,Mbps,kg,cm,dpi,0,10,moyen
Q04643,Logique & culture générale,Quiz du jour : Quel est le contraire de 'public' ?,Privé,Rapide,Ouvert,Central,0,10,moyen
Q04644,Logique & culture générale,Quiz du jour : Quel continent abrite le Cameroun ?,Afrique,Asie,Europe,Amérique,0,10,moyen
Q04645,Logique & culture générale,Quiz du jour : Quel est le résultat de 15 - 7 ?,8,7,9,6,0,10,moyen
Q04646,Logique & culture générale,"Quiz du jour : Si A est plus grand que B et B plus grand que C, qui est le plus petit ?",C,A,B,Impossible,0,10,moyen
Q04647,Logique & culture générale,Quiz du jour : Quelle couleur obtient-on en mélangeant du bleu et du jaune en peinture ?,Vert,Rouge,Violet,Noir,0,10,moyen
Q04648,Logique & culture générale,Quiz du jour : Combien de minutes y a-t-il dans une heure ?,60,30,100,90,0,10,moyen
Q04649,Logique & culture générale,Quiz du jour : Quel instrument sert à mesurer la température ?,Thermomètre,Baromètre,Voltmètre,Compas,0,10,moyen
Q04650,Logique & culture générale,Quiz du jour : Quel est le rôle principal d'une boussole ?,Indiquer les directions,Mesurer la température,Mesurer la vitesse,Calculer une moyenne,0,10,moyen
Q04651,Logique & culture générale,"À vous de jouer : Si 2 + 3 = 5, combien font 7 + 6 ?",13,12,14,11,0,10,moyen
Q04652,Logique & culture générale,"À vous de jouer : Quel nombre complète la suite 2, 4, 6, 8, ?",10,9,11,12,0,10,moyen
Q04653,Logique & culture générale,À vous de jouer : Quel nombre est premier ?,17,21,27,33,0,10,moyen
Q04654,Logique & culture générale,À vous de jouer : Combien y a-t-il de bits dans un octet ?,8,4,16,32,0,10,moyen
Q04655,Logique & culture générale,"À vous de jouer : Quel est le plus grand : 0,7 ou 0,65 ?","0,7","0,65",Ils sont égaux,Impossible,0,10,moyen
Q04656,Logique & culture générale,"À vous de jouer : Si tous les A sont B et tous les B sont C, que peut-on conclure ?",Tous les A sont C,Aucun A n'est C,Tous les C sont A,B n'existe pas,0,10,moyen
Q04657,Logique & culture générale,À vous de jouer : Quelle planète est connue comme la planète rouge ?,Mars,Vénus,Jupiter,Mercure,0,10,moyen
Q04658,Logique & culture générale,À vous de jouer : Quelle est la capitale du Cameroun ?,Yaoundé,Douala,Maroua,Garoua,0,10,moyen
Q04659,Logique & culture générale,À vous de jouer : Quelle est la région où se trouve Maroua ?,Extrême-Nord,Littoral,Sud-Ouest,Est,0,10,moyen
Q04660,Logique & culture générale,À vous de jouer : Quel est le plus grand océan du monde ?,Pacifique,Atlantique,Indien,Arctique,0,10,moyen
Q04661,Logique & culture générale,À vous de jouer : Combien de côtés possède un hexagone ?,6,5,7,8,0,10,moyen
Q04662,Logique & culture générale,À vous de jouer : Quel est le résultat de 12 × 5 ?,60,50,70,55,0,10,moyen
Q04663,Logique & culture générale,À vous de jouer : Quel est le résultat de 100 / 4 ?,25,20,30,40,0,10,moyen
Q04664,Logique & culture générale,"À vous de jouer : Si un objet coûte 10 000 FCFA et bénéficie de 10% de réduction, quel est le prix ?",9 000 FCFA,9 500 FCFA,8 000 FCFA,10 100 FCFA,0,10,moyen
Q04665,Logique & culture générale,À vous de jouer : Quel langage utilise principalement le symbole # pour les commentaires sur une ligne ?,Python,HTML,CSS,SQL,0,10,moyen
Q04666,Logique & culture générale,À vous de jouer : Quelle unité mesure généralement la fréquence d'un processeur ?,GHz,GB,dpi,Mbps,0,10,moyen
Q04667,Logique & culture générale,À vous de jouer : Quelle unité mesure le débit réseau ?,Mbps,kg,cm,dpi,0,10,moyen
Q04668,Logique & culture générale,À vous de jouer : Quel est le contraire de 'public' ?,Privé,Rapide,Ouvert,Central,0,10,moyen
Q04669,Logique & culture générale,À vous de jouer : Quel continent abrite le Cameroun ?,Afrique,Asie,Europe,Amérique,0,10,moyen
Q04670,Logique & culture générale,À vous de jouer : Quel est le résultat de 15 - 7 ?,8,7,9,6,0,10,moyen
Q04671,Logique & culture générale,"À vous de jouer : Si A est plus grand que B et B plus grand que C, qui est le plus petit ?",C,A,B,Impossible,0,10,moyen
Q04672,Logique & culture générale,À vous de jouer : Quelle couleur obtient-on en mélangeant du bleu et du jaune en peinture ?,Vert,Rouge,Violet,Noir,0,10,moyen
Q04673,Logique & culture générale,À vous de jouer : Combien de minutes y a-t-il dans une heure ?,60,30,100,90,0,10,moyen
Q04674,Logique & culture générale,À vous de jouer : Quel instrument sert à mesurer la température ?,Thermomètre,Baromètre,Voltmètre,Compas,0,10,moyen
Q04675,Logique & culture générale,À vous de jouer : Quel est le rôle principal d'une boussole ?,Indiquer les directions,Mesurer la température,Mesurer la vitesse,Calculer une moyenne,0,10,moyen
Q04676,Logique & culture générale,"Challenge : Si 2 + 3 = 5, combien font 7 + 6 ?",13,12,14,11,0,10,moyen
Q04677,Logique & culture générale,"Challenge : Quel nombre complète la suite 2, 4, 6, 8, ?",10,9,11,12,0,10,moyen
Q04678,Logique & culture générale,Challenge : Quel nombre est premier ?,17,21,27,33,0,10,moyen
Q04679,Logique & culture générale,Challenge : Combien y a-t-il de bits dans un octet ?,8,4,16,32,0,10,moyen
Q04680,Logique & culture générale,"Challenge : Quel est le plus grand : 0,7 ou 0,65 ?","0,7","0,65",Ils sont égaux,Impossible,0,10,moyen
Q04681,Logique & culture générale,"Challenge : Si tous les A sont B et tous les B sont C, que peut-on conclure ?",Tous les A sont C,Aucun A n'est C,Tous les C sont A,B n'existe pas,0,10,moyen
Q04682,Logique & culture générale,Challenge : Quelle planète est connue comme la planète rouge ?,Mars,Vénus,Jupiter,Mercure,0,10,moyen
Q04683,Logique & culture générale,Challenge : Quelle est la capitale du Cameroun ?,Yaoundé,Douala,Maroua,Garoua,0,10,moyen
Q04684,Logique & culture générale,Challenge : Quelle est la région où se trouve Maroua ?,Extrême-Nord,Littoral,Sud-Ouest,Est,0,10,moyen
Q04685,Logique & culture générale,Challenge : Quel est le plus grand océan du monde ?,Pacifique,Atlantique,Indien,Arctique,0,10,moyen
Q04686,Logique & culture générale,Challenge : Combien de côtés possède un hexagone ?,6,5,7,8,0,10,moyen
Q04687,Logique & culture générale,Challenge : Quel est le résultat de 12 × 5 ?,60,50,70,55,0,10,moyen
Q04688,Logique & culture générale,Challenge : Quel est le résultat de 100 / 4 ?,25,20,30,40,0,10,moyen
Q04689,Logique & culture générale,"Challenge : Si un objet coûte 10 000 FCFA et bénéficie de 10% de réduction, quel est le prix ?",9 000 FCFA,9 500 FCFA,8 000 FCFA,10 100 FCFA,0,10,moyen
Q04690,Logique & culture générale,Challenge : Quel langage utilise principalement le symbole # pour les commentaires sur une ligne ?,Python,HTML,CSS,SQL,0,10,moyen
Q04691,Logique & culture générale,Challenge : Quelle unité mesure généralement la fréquence d'un processeur ?,GHz,GB,dpi,Mbps,0,10,moyen
Q04692,Logique & culture générale,Challenge : Quelle unité mesure le débit réseau ?,Mbps,kg,cm,dpi,0,10,moyen
Q04693,Logique & culture générale,Challenge : Quel est le contraire de 'public' ?,Privé,Rapide,Ouvert,Central,0,10,moyen
Q04694,Logique & culture générale,Challenge : Quel continent abrite le Cameroun ?,Afrique,Asie,Europe,Amérique,0,10,moyen
Q04695,Logique & culture générale,Challenge : Quel est le résultat de 15 - 7 ?,8,7,9,6,0,10,moyen
Q04696,Logique & culture générale,"Challenge : Si A est plus grand que B et B plus grand que C, qui est le plus petit ?",C,A,B,Impossible,0,10,moyen
Q04697,Logique & culture générale,Challenge : Quelle couleur obtient-on en mélangeant du bleu et du jaune en peinture ?,Vert,Rouge,Violet,Noir,0,10,moyen
Q04698,Logique & culture générale,Challenge : Combien de minutes y a-t-il dans une heure ?,60,30,100,90,0,10,moyen
Q04699,Logique & culture générale,Challenge : Quel instrument sert à mesurer la température ?,Thermomètre,Baromètre,Voltmètre,Compas,0,10,moyen
Q04700,Logique & culture générale,Challenge : Quel est le rôle principal d'une boussole ?,Indiquer les directions,Mesurer la température,Mesurer la vitesse,Calculer une moyenne,0,10,moyen
Q04701,Logique & culture générale,"Question bonus : Si 2 + 3 = 5, combien font 7 + 6 ?",13,12,14,11,0,10,moyen
Q04702,Logique & culture générale,"Question bonus : Quel nombre complète la suite 2, 4, 6, 8, ?",10,9,11,12,0,10,moyen
Q04703,Logique & culture générale,Question bonus : Quel nombre est premier ?,17,21,27,33,0,10,moyen
Q04704,Logique & culture générale,Question bonus : Combien y a-t-il de bits dans un octet ?,8,4,16,32,0,10,moyen
Q04705,Logique & culture générale,"Question bonus : Quel est le plus grand : 0,7 ou 0,65 ?","0,7","0,65",Ils sont égaux,Impossible,0,10,moyen
Q04706,Logique & culture générale,"Question bonus : Si tous les A sont B et tous les B sont C, que peut-on conclure ?",Tous les A sont C,Aucun A n'est C,Tous les C sont A,B n'existe pas,0,10,moyen
Q04707,Logique & culture générale,Question bonus : Quelle planète est connue comme la planète rouge ?,Mars,Vénus,Jupiter,Mercure,0,10,moyen
Q04708,Logique & culture générale,Question bonus : Quelle est la capitale du Cameroun ?,Yaoundé,Douala,Maroua,Garoua,0,10,moyen
Q04709,Logique & culture générale,Question bonus : Quelle est la région où se trouve Maroua ?,Extrême-Nord,Littoral,Sud-Ouest,Est,0,10,moyen
Q04710,Logique & culture générale,Question bonus : Quel est le plus grand océan du monde ?,Pacifique,Atlantique,Indien,Arctique,0,10,moyen
Q04711,Logique & culture générale,Question bonus : Combien de côtés possède un hexagone ?,6,5,7,8,0,10,moyen
Q04712,Logique & culture générale,Question bonus : Quel est le résultat de 12 × 5 ?,60,50,70,55,0,10,moyen
Q04713,Logique & culture générale,Question bonus : Quel est le résultat de 100 / 4 ?,25,20,30,40,0,10,moyen
Q04714,Logique & culture générale,"Question bonus : Si un objet coûte 10 000 FCFA et bénéficie de 10% de réduction, quel est le prix ?",9 000 FCFA,9 500 FCFA,8 000 FCFA,10 100 FCFA,0,10,moyen
Q04715,Logique & culture générale,Question bonus : Quel langage utilise principalement le symbole # pour les commentaires sur une ligne ?,Python,HTML,CSS,SQL,0,10,moyen
Q04716,Logique & culture générale,Question bonus : Quelle unité mesure généralement la fréquence d'un processeur ?,GHz,GB,dpi,Mbps,0,10,moyen
Q04717,Logique & culture générale,Question bonus : Quelle unité mesure le débit réseau ?,Mbps,kg,cm,dpi,0,10,moyen
Q04718,Logique & culture générale,Question bonus : Quel est le contraire de 'public' ?,Privé,Rapide,Ouvert,Central,0,10,moyen
Q04719,Logique & culture générale,Question bonus : Quel continent abrite le Cameroun ?,Afrique,Asie,Europe,Amérique,0,10,moyen
Q04720,Logique & culture générale,Question bonus : Quel est le résultat de 15 - 7 ?,8,7,9,6,0,10,moyen
Q04721,Logique & culture générale,"Question bonus : Si A est plus grand que B et B plus grand que C, qui est le plus petit ?",C,A,B,Impossible,0,10,moyen
Q04722,Logique & culture générale,Question bonus : Quelle couleur obtient-on en mélangeant du bleu et du jaune en peinture ?,Vert,Rouge,Violet,Noir,0,10,moyen
Q04723,Logique & culture générale,Question bonus : Combien de minutes y a-t-il dans une heure ?,60,30,100,90,0,10,moyen
Q04724,Logique & culture générale,Question bonus : Quel instrument sert à mesurer la température ?,Thermomètre,Baromètre,Voltmètre,Compas,0,10,moyen
Q04725,Logique & culture générale,Question bonus : Quel est le rôle principal d'une boussole ?,Indiquer les directions,Mesurer la température,Mesurer la vitesse,Calculer une moyenne,0,10,moyen
Q04726,Logique & culture générale,"Question éclair : Si 2 + 3 = 5, combien font 7 + 6 ?",13,12,14,11,0,10,moyen
Q04727,Logique & culture générale,"Question éclair : Quel nombre complète la suite 2, 4, 6, 8, ?",10,9,11,12,0,10,moyen
Q04728,Logique & culture générale,Question éclair : Quel nombre est premier ?,17,21,27,33,0,10,moyen
Q04729,Logique & culture générale,Question éclair : Combien y a-t-il de bits dans un octet ?,8,4,16,32,0,10,moyen
Q04730,Logique & culture générale,"Question éclair : Quel est le plus grand : 0,7 ou 0,65 ?","0,7","0,65",Ils sont égaux,Impossible,0,10,moyen
Q04731,Logique & culture générale,"Question éclair : Si tous les A sont B et tous les B sont C, que peut-on conclure ?",Tous les A sont C,Aucun A n'est C,Tous les C sont A,B n'existe pas,0,10,moyen
Q04732,Logique & culture générale,Question éclair : Quelle planète est connue comme la planète rouge ?,Mars,Vénus,Jupiter,Mercure,0,10,moyen
Q04733,Logique & culture générale,Question éclair : Quelle est la capitale du Cameroun ?,Yaoundé,Douala,Maroua,Garoua,0,10,moyen
Q04734,Logique & culture générale,Question éclair : Quelle est la région où se trouve Maroua ?,Extrême-Nord,Littoral,Sud-Ouest,Est,0,10,moyen
Q04735,Logique & culture générale,Question éclair : Quel est le plus grand océan du monde ?,Pacifique,Atlantique,Indien,Arctique,0,10,moyen
Q04736,Logique & culture générale,Question éclair : Combien de côtés possède un hexagone ?,6,5,7,8,0,10,moyen
Q04737,Logique & culture générale,Question éclair : Quel est le résultat de 12 × 5 ?,60,50,70,55,0,10,moyen
Q04738,Logique & culture générale,Question éclair : Quel est le résultat de 100 / 4 ?,25,20,30,40,0,10,moyen
Q04739,Logique & culture générale,"Question éclair : Si un objet coûte 10 000 FCFA et bénéficie de 10% de réduction, quel est le prix ?",9 000 FCFA,9 500 FCFA,8 000 FCFA,10 100 FCFA,0,10,moyen
Q04740,Logique & culture générale,Question éclair : Quel langage utilise principalement le symbole # pour les commentaires sur une ligne ?,Python,HTML,CSS,SQL,0,10,moyen
Q04741,Logique & culture générale,Question éclair : Quelle unité mesure généralement la fréquence d'un processeur ?,GHz,GB,dpi,Mbps,0,10,moyen
Q04742,Logique & culture générale,Question éclair : Quelle unité mesure le débit réseau ?,Mbps,kg,cm,dpi,0,10,moyen
Q04743,Logique & culture générale,Question éclair : Quel est le contraire de 'public' ?,Privé,Rapide,Ouvert,Central,0,10,moyen
Q04744,Logique & culture générale,Question éclair : Quel continent abrite le Cameroun ?,Afrique,Asie,Europe,Amérique,0,10,moyen
Q04745,Logique & culture générale,Question éclair : Quel est le résultat de 15 - 7 ?,8,7,9,6,0,10,moyen
Q04746,Logique & culture générale,"Question éclair : Si A est plus grand que B et B plus grand que C, qui est le plus petit ?",C,A,B,Impossible,0,10,moyen
Q04747,Logique & culture générale,Question éclair : Quelle couleur obtient-on en mélangeant du bleu et du jaune en peinture ?,Vert,Rouge,Violet,Noir,0,10,moyen
Q04748,Logique & culture générale,Question éclair : Combien de minutes y a-t-il dans une heure ?,60,30,100,90,0,10,moyen
Q04749,Logique & culture générale,Question éclair : Quel instrument sert à mesurer la température ?,Thermomètre,Baromètre,Voltmètre,Compas,0,10,moyen
Q04750,Logique & culture générale,Question éclair : Quel est le rôle principal d'une boussole ?,Indiquer les directions,Mesurer la température,Mesurer la vitesse,Calculer une moyenne,0,10,moyen
Q04751,Logique & culture générale,"Pour gagner des points : Si 2 + 3 = 5, combien font 7 + 6 ?",13,12,14,11,0,10,moyen
Q04752,Logique & culture générale,"Pour gagner des points : Quel nombre complète la suite 2, 4, 6, 8, ?",10,9,11,12,0,10,moyen
Q04753,Logique & culture générale,Pour gagner des points : Quel nombre est premier ?,17,21,27,33,0,10,moyen
Q04754,Logique & culture générale,Pour gagner des points : Combien y a-t-il de bits dans un octet ?,8,4,16,32,0,10,moyen
Q04755,Logique & culture générale,"Pour gagner des points : Quel est le plus grand : 0,7 ou 0,65 ?","0,7","0,65",Ils sont égaux,Impossible,0,10,moyen
Q04756,Logique & culture générale,"Pour gagner des points : Si tous les A sont B et tous les B sont C, que peut-on conclure ?",Tous les A sont C,Aucun A n'est C,Tous les C sont A,B n'existe pas,0,10,moyen
Q04757,Logique & culture générale,Pour gagner des points : Quelle planète est connue comme la planète rouge ?,Mars,Vénus,Jupiter,Mercure,0,10,moyen
Q04758,Logique & culture générale,Pour gagner des points : Quelle est la capitale du Cameroun ?,Yaoundé,Douala,Maroua,Garoua,0,10,moyen
Q04759,Logique & culture générale,Pour gagner des points : Quelle est la région où se trouve Maroua ?,Extrême-Nord,Littoral,Sud-Ouest,Est,0,10,moyen
Q04760,Logique & culture générale,Pour gagner des points : Quel est le plus grand océan du monde ?,Pacifique,Atlantique,Indien,Arctique,0,10,moyen
Q04761,Logique & culture générale,Pour gagner des points : Combien de côtés possède un hexagone ?,6,5,7,8,0,10,moyen
Q04762,Logique & culture générale,Pour gagner des points : Quel est le résultat de 12 × 5 ?,60,50,70,55,0,10,moyen
Q04763,Logique & culture générale,Pour gagner des points : Quel est le résultat de 100 / 4 ?,25,20,30,40,0,10,moyen
Q04764,Logique & culture générale,"Pour gagner des points : Si un objet coûte 10 000 FCFA et bénéficie de 10% de réduction, quel est le prix ?",9 000 FCFA,9 500 FCFA,8 000 FCFA,10 100 FCFA,0,10,moyen
Q04765,Logique & culture générale,Pour gagner des points : Quel langage utilise principalement le symbole # pour les commentaires sur une ligne ?,Python,HTML,CSS,SQL,0,10,moyen
Q04766,Logique & culture générale,Pour gagner des points : Quelle unité mesure généralement la fréquence d'un processeur ?,GHz,GB,dpi,Mbps,0,10,moyen
Q04767,Logique & culture générale,Pour gagner des points : Quelle unité mesure le débit réseau ?,Mbps,kg,cm,dpi,0,10,moyen
Q04768,Logique & culture générale,Pour gagner des points : Quel est le contraire de 'public' ?,Privé,Rapide,Ouvert,Central,0,10,moyen
Q04769,Logique & culture générale,Pour gagner des points : Quel continent abrite le Cameroun ?,Afrique,Asie,Europe,Amérique,0,10,moyen
Q04770,Logique & culture générale,Pour gagner des points : Quel est le résultat de 15 - 7 ?,8,7,9,6,0,10,moyen
Q04771,Logique & culture générale,"Pour gagner des points : Si A est plus grand que B et B plus grand que C, qui est le plus petit ?",C,A,B,Impossible,0,10,moyen
Q04772,Logique & culture générale,Pour gagner des points : Quelle couleur obtient-on en mélangeant du bleu et du jaune en peinture ?,Vert,Rouge,Violet,Noir,0,10,moyen
Q04773,Logique & culture générale,Pour gagner des points : Combien de minutes y a-t-il dans une heure ?,60,30,100,90,0,10,moyen
Q04774,Logique & culture générale,Pour gagner des points : Quel instrument sert à mesurer la température ?,Thermomètre,Baromètre,Voltmètre,Compas,0,10,moyen
Q04775,Logique & culture générale,Pour gagner des points : Quel est le rôle principal d'une boussole ?,Indiquer les directions,Mesurer la température,Mesurer la vitesse,Calculer une moyenne,0,10,moyen
Q04776,Logique & culture générale,"À l'exposition : Si 2 + 3 = 5, combien font 7 + 6 ?",13,12,14,11,0,10,moyen
Q04777,Logique & culture générale,"À l'exposition : Quel nombre complète la suite 2, 4, 6, 8, ?",10,9,11,12,0,10,moyen
Q04778,Logique & culture générale,À l'exposition : Quel nombre est premier ?,17,21,27,33,0,10,moyen
Q04779,Logique & culture générale,À l'exposition : Combien y a-t-il de bits dans un octet ?,8,4,16,32,0,10,moyen
Q04780,Logique & culture générale,"À l'exposition : Quel est le plus grand : 0,7 ou 0,65 ?","0,7","0,65",Ils sont égaux,Impossible,0,10,moyen
Q04781,Logique & culture générale,"À l'exposition : Si tous les A sont B et tous les B sont C, que peut-on conclure ?",Tous les A sont C,Aucun A n'est C,Tous les C sont A,B n'existe pas,0,10,moyen
Q04782,Logique & culture générale,À l'exposition : Quelle planète est connue comme la planète rouge ?,Mars,Vénus,Jupiter,Mercure,0,10,moyen
Q04783,Logique & culture générale,À l'exposition : Quelle est la capitale du Cameroun ?,Yaoundé,Douala,Maroua,Garoua,0,10,moyen
Q04784,Logique & culture générale,À l'exposition : Quelle est la région où se trouve Maroua ?,Extrême-Nord,Littoral,Sud-Ouest,Est,0,10,moyen
Q04785,Logique & culture générale,À l'exposition : Quel est le plus grand océan du monde ?,Pacifique,Atlantique,Indien,Arctique,0,10,moyen
Q04786,Logique & culture générale,À l'exposition : Combien de côtés possède un hexagone ?,6,5,7,8,0,10,moyen
Q04787,Logique & culture générale,À l'exposition : Quel est le résultat de 12 × 5 ?,60,50,70,55,0,10,moyen
Q04788,Logique & culture générale,À l'exposition : Quel est le résultat de 100 / 4 ?,25,20,30,40,0,10,moyen
Q04789,Logique & culture générale,"À l'exposition : Si un objet coûte 10 000 FCFA et bénéficie de 10% de réduction, quel est le prix ?",9 000 FCFA,9 500 FCFA,8 000 FCFA,10 100 FCFA,0,10,moyen
Q04790,Logique & culture générale,À l'exposition : Quel langage utilise principalement le symbole # pour les commentaires sur une ligne ?,Python,HTML,CSS,SQL,0,10,moyen
Q04791,Logique & culture générale,À l'exposition : Quelle unité mesure généralement la fréquence d'un processeur ?,GHz,GB,dpi,Mbps,0,10,moyen
Q04792,Logique & culture générale,À l'exposition : Quelle unité mesure le débit réseau ?,Mbps,kg,cm,dpi,0,10,moyen
Q04793,Logique & culture générale,À l'exposition : Quel est le contraire de 'public' ?,Privé,Rapide,Ouvert,Central,0,10,moyen
Q04794,Logique & culture générale,À l'exposition : Quel continent abrite le Cameroun ?,Afrique,Asie,Europe,Amérique,0,10,moyen
Q04795,Logique & culture générale,À l'exposition : Quel est le résultat de 15 - 7 ?,8,7,9,6,0,10,moyen
Q04796,Logique & culture générale,"À l'exposition : Si A est plus grand que B et B plus grand que C, qui est le plus petit ?",C,A,B,Impossible,0,10,moyen
Q04797,Logique & culture générale,À l'exposition : Quelle couleur obtient-on en mélangeant du bleu et du jaune en peinture ?,Vert,Rouge,Violet,Noir,0,10,moyen
Q04798,Logique & culture générale,À l'exposition : Combien de minutes y a-t-il dans une heure ?,60,30,100,90,0,10,moyen
Q04799,Logique & culture générale,À l'exposition : Quel instrument sert à mesurer la température ?,Thermomètre,Baromètre,Voltmètre,Compas,0,10,moyen
Q04800,Logique & culture générale,À l'exposition : Quel est le rôle principal d'une boussole ?,Indiquer les directions,Mesurer la température,Mesurer la vitesse,Calculer une moyenne,0,10,moyen
Q04801,Logique & culture générale,"Défi numérique : Si 2 + 3 = 5, combien font 7 + 6 ?",13,12,14,11,0,10,moyen
Q04802,Logique & culture générale,"Défi numérique : Quel nombre complète la suite 2, 4, 6, 8, ?",10,9,11,12,0,10,moyen
Q04803,Logique & culture générale,Défi numérique : Quel nombre est premier ?,17,21,27,33,0,10,moyen
Q04804,Logique & culture générale,Défi numérique : Combien y a-t-il de bits dans un octet ?,8,4,16,32,0,10,moyen
Q04805,Logique & culture générale,"Défi numérique : Quel est le plus grand : 0,7 ou 0,65 ?","0,7","0,65",Ils sont égaux,Impossible,0,10,moyen
Q04806,Logique & culture générale,"Défi numérique : Si tous les A sont B et tous les B sont C, que peut-on conclure ?",Tous les A sont C,Aucun A n'est C,Tous les C sont A,B n'existe pas,0,10,moyen
Q04807,Logique & culture générale,Défi numérique : Quelle planète est connue comme la planète rouge ?,Mars,Vénus,Jupiter,Mercure,0,10,moyen
Q04808,Logique & culture générale,Défi numérique : Quelle est la capitale du Cameroun ?,Yaoundé,Douala,Maroua,Garoua,0,10,moyen
Q04809,Logique & culture générale,Défi numérique : Quelle est la région où se trouve Maroua ?,Extrême-Nord,Littoral,Sud-Ouest,Est,0,10,moyen
Q04810,Logique & culture générale,Défi numérique : Quel est le plus grand océan du monde ?,Pacifique,Atlantique,Indien,Arctique,0,10,moyen
Q04811,Logique & culture générale,Défi numérique : Combien de côtés possède un hexagone ?,6,5,7,8,0,10,moyen
Q04812,Logique & culture générale,Défi numérique : Quel est le résultat de 12 × 5 ?,60,50,70,55,0,10,moyen
Q04813,Logique & culture générale,Défi numérique : Quel est le résultat de 100 / 4 ?,25,20,30,40,0,10,moyen
Q04814,Logique & culture générale,"Défi numérique : Si un objet coûte 10 000 FCFA et bénéficie de 10% de réduction, quel est le prix ?",9 000 FCFA,9 500 FCFA,8 000 FCFA,10 100 FCFA,0,10,moyen
Q04815,Logique & culture générale,Défi numérique : Quel langage utilise principalement le symbole # pour les commentaires sur une ligne ?,Python,HTML,CSS,SQL,0,10,moyen
Q04816,Logique & culture générale,Défi numérique : Quelle unité mesure généralement la fréquence d'un processeur ?,GHz,GB,dpi,Mbps,0,10,moyen
Q04817,Logique & culture générale,Défi numérique : Quelle unité mesure le débit réseau ?,Mbps,kg,cm,dpi,0,10,moyen
Q04818,Logique & culture générale,Défi numérique : Quel est le contraire de 'public' ?,Privé,Rapide,Ouvert,Central,0,10,moyen
Q04819,Logique & culture générale,Défi numérique : Quel continent abrite le Cameroun ?,Afrique,Asie,Europe,Amérique,0,10,moyen
Q04820,Logique & culture générale,Défi numérique : Quel est le résultat de 15 - 7 ?,8,7,9,6,0,10,moyen
Q04821,Logique & culture générale,"Défi numérique : Si A est plus grand que B et B plus grand que C, qui est le plus petit ?",C,A,B,Impossible,0,10,moyen
Q04822,Logique & culture générale,Défi numérique : Quelle couleur obtient-on en mélangeant du bleu et du jaune en peinture ?,Vert,Rouge,Violet,Noir,0,10,moyen
Q04823,Logique & culture générale,Défi numérique : Combien de minutes y a-t-il dans une heure ?,60,30,100,90,0,10,moyen
Q04824,Logique & culture générale,Défi numérique : Quel instrument sert à mesurer la température ?,Thermomètre,Baromètre,Voltmètre,Compas,0,10,moyen
Q04825,Logique & culture générale,Défi numérique : Quel est le rôle principal d'une boussole ?,Indiquer les directions,Mesurer la température,Mesurer la vitesse,Calculer une moyenne,0,10,moyen
Q04826,Logique & culture générale,"À votre avis : Si 2 + 3 = 5, combien font 7 + 6 ?",13,12,14,11,0,10,difficile
Q04827,Logique & culture générale,"À votre avis : Quel nombre complète la suite 2, 4, 6, 8, ?",10,9,11,12,0,10,difficile
Q04828,Logique & culture générale,À votre avis : Quel nombre est premier ?,17,21,27,33,0,10,difficile
Q04829,Logique & culture générale,À votre avis : Combien y a-t-il de bits dans un octet ?,8,4,16,32,0,10,difficile
Q04830,Logique & culture générale,"À votre avis : Quel est le plus grand : 0,7 ou 0,65 ?","0,7","0,65",Ils sont égaux,Impossible,0,10,difficile
Q04831,Logique & culture générale,"À votre avis : Si tous les A sont B et tous les B sont C, que peut-on conclure ?",Tous les A sont C,Aucun A n'est C,Tous les C sont A,B n'existe pas,0,10,difficile
Q04832,Logique & culture générale,À votre avis : Quelle planète est connue comme la planète rouge ?,Mars,Vénus,Jupiter,Mercure,0,10,difficile
Q04833,Logique & culture générale,À votre avis : Quelle est la capitale du Cameroun ?,Yaoundé,Douala,Maroua,Garoua,0,10,difficile
Q04834,Logique & culture générale,À votre avis : Quelle est la région où se trouve Maroua ?,Extrême-Nord,Littoral,Sud-Ouest,Est,0,10,difficile
Q04835,Logique & culture générale,À votre avis : Quel est le plus grand océan du monde ?,Pacifique,Atlantique,Indien,Arctique,0,10,difficile
Q04836,Logique & culture générale,À votre avis : Combien de côtés possède un hexagone ?,6,5,7,8,0,10,difficile
Q04837,Logique & culture générale,À votre avis : Quel est le résultat de 12 × 5 ?,60,50,70,55,0,10,difficile
Q04838,Logique & culture générale,À votre avis : Quel est le résultat de 100 / 4 ?,25,20,30,40,0,10,difficile
Q04839,Logique & culture générale,"À votre avis : Si un objet coûte 10 000 FCFA et bénéficie de 10% de réduction, quel est le prix ?",9 000 FCFA,9 500 FCFA,8 000 FCFA,10 100 FCFA,0,10,difficile
Q04840,Logique & culture générale,À votre avis : Quel langage utilise principalement le symbole # pour les commentaires sur une ligne ?,Python,HTML,CSS,SQL,0,10,difficile
Q04841,Logique & culture générale,À votre avis : Quelle unité mesure généralement la fréquence d'un processeur ?,GHz,GB,dpi,Mbps,0,10,difficile
Q04842,Logique & culture générale,À votre avis : Quelle unité mesure le débit réseau ?,Mbps,kg,cm,dpi,0,10,difficile
Q04843,Logique & culture générale,À votre avis : Quel est le contraire de 'public' ?,Privé,Rapide,Ouvert,Central,0,10,difficile
Q04844,Logique & culture générale,À votre avis : Quel continent abrite le Cameroun ?,Afrique,Asie,Europe,Amérique,0,10,difficile
Q04845,Logique & culture générale,À votre avis : Quel est le résultat de 15 - 7 ?,8,7,9,6,0,10,difficile
Q04846,Logique & culture générale,"À votre avis : Si A est plus grand que B et B plus grand que C, qui est le plus petit ?",C,A,B,Impossible,0,10,difficile
Q04847,Logique & culture générale,À votre avis : Quelle couleur obtient-on en mélangeant du bleu et du jaune en peinture ?,Vert,Rouge,Violet,Noir,0,10,difficile
Q04848,Logique & culture générale,À votre avis : Combien de minutes y a-t-il dans une heure ?,60,30,100,90,0,10,difficile
Q04849,Logique & culture générale,À votre avis : Quel instrument sert à mesurer la température ?,Thermomètre,Baromètre,Voltmètre,Compas,0,10,difficile
Q04850,Logique & culture générale,À votre avis : Quel est le rôle principal d'une boussole ?,Indiquer les directions,Mesurer la température,Mesurer la vitesse,Calculer une moyenne,0,10,difficile
Q04851,Logique & culture générale,"Niveau quiz : Si 2 + 3 = 5, combien font 7 + 6 ?",13,12,14,11,0,10,difficile
Q04852,Logique & culture générale,"Niveau quiz : Quel nombre complète la suite 2, 4, 6, 8, ?",10,9,11,12,0,10,difficile
Q04853,Logique & culture générale,Niveau quiz : Quel nombre est premier ?,17,21,27,33,0,10,difficile
Q04854,Logique & culture générale,Niveau quiz : Combien y a-t-il de bits dans un octet ?,8,4,16,32,0,10,difficile
Q04855,Logique & culture générale,"Niveau quiz : Quel est le plus grand : 0,7 ou 0,65 ?","0,7","0,65",Ils sont égaux,Impossible,0,10,difficile
Q04856,Logique & culture générale,"Niveau quiz : Si tous les A sont B et tous les B sont C, que peut-on conclure ?",Tous les A sont C,Aucun A n'est C,Tous les C sont A,B n'existe pas,0,10,difficile
Q04857,Logique & culture générale,Niveau quiz : Quelle planète est connue comme la planète rouge ?,Mars,Vénus,Jupiter,Mercure,0,10,difficile
Q04858,Logique & culture générale,Niveau quiz : Quelle est la capitale du Cameroun ?,Yaoundé,Douala,Maroua,Garoua,0,10,difficile
Q04859,Logique & culture générale,Niveau quiz : Quelle est la région où se trouve Maroua ?,Extrême-Nord,Littoral,Sud-Ouest,Est,0,10,difficile
Q04860,Logique & culture générale,Niveau quiz : Quel est le plus grand océan du monde ?,Pacifique,Atlantique,Indien,Arctique,0,10,difficile
Q04861,Logique & culture générale,Niveau quiz : Combien de côtés possède un hexagone ?,6,5,7,8,0,10,difficile
Q04862,Logique & culture générale,Niveau quiz : Quel est le résultat de 12 × 5 ?,60,50,70,55,0,10,difficile
Q04863,Logique & culture générale,Niveau quiz : Quel est le résultat de 100 / 4 ?,25,20,30,40,0,10,difficile
Q04864,Logique & culture générale,"Niveau quiz : Si un objet coûte 10 000 FCFA et bénéficie de 10% de réduction, quel est le prix ?",9 000 FCFA,9 500 FCFA,8 000 FCFA,10 100 FCFA,0,10,difficile
Q04865,Logique & culture générale,Niveau quiz : Quel langage utilise principalement le symbole # pour les commentaires sur une ligne ?,Python,HTML,CSS,SQL,0,10,difficile
Q04866,Logique & culture générale,Niveau quiz : Quelle unité mesure généralement la fréquence d'un processeur ?,GHz,GB,dpi,Mbps,0,10,difficile
Q04867,Logique & culture générale,Niveau quiz : Quelle unité mesure le débit réseau ?,Mbps,kg,cm,dpi,0,10,difficile
Q04868,Logique & culture générale,Niveau quiz : Quel est le contraire de 'public' ?,Privé,Rapide,Ouvert,Central,0,10,difficile
Q04869,Logique & culture générale,Niveau quiz : Quel continent abrite le Cameroun ?,Afrique,Asie,Europe,Amérique,0,10,difficile
Q04870,Logique & culture générale,Niveau quiz : Quel est le résultat de 15 - 7 ?,8,7,9,6,0,10,difficile
Q04871,Logique & culture générale,"Niveau quiz : Si A est plus grand que B et B plus grand que C, qui est le plus petit ?",C,A,B,Impossible,0,10,difficile
Q04872,Logique & culture générale,Niveau quiz : Quelle couleur obtient-on en mélangeant du bleu et du jaune en peinture ?,Vert,Rouge,Violet,Noir,0,10,difficile
Q04873,Logique & culture générale,Niveau quiz : Combien de minutes y a-t-il dans une heure ?,60,30,100,90,0,10,difficile
Q04874,Logique & culture générale,Niveau quiz : Quel instrument sert à mesurer la température ?,Thermomètre,Baromètre,Voltmètre,Compas,0,10,difficile
Q04875,Logique & culture générale,Niveau quiz : Quel est le rôle principal d'une boussole ?,Indiquer les directions,Mesurer la température,Mesurer la vitesse,Calculer une moyenne,0,10,difficile
Q04876,Logique & culture générale,"Question suivante : Si 2 + 3 = 5, combien font 7 + 6 ?",13,12,14,11,0,10,difficile
Q04877,Logique & culture générale,"Question suivante : Quel nombre complète la suite 2, 4, 6, 8, ?",10,9,11,12,0,10,difficile
Q04878,Logique & culture générale,Question suivante : Quel nombre est premier ?,17,21,27,33,0,10,difficile
Q04879,Logique & culture générale,Question suivante : Combien y a-t-il de bits dans un octet ?,8,4,16,32,0,10,difficile
Q04880,Logique & culture générale,"Question suivante : Quel est le plus grand : 0,7 ou 0,65 ?","0,7","0,65",Ils sont égaux,Impossible,0,10,difficile
Q04881,Logique & culture générale,"Question suivante : Si tous les A sont B et tous les B sont C, que peut-on conclure ?",Tous les A sont C,Aucun A n'est C,Tous les C sont A,B n'existe pas,0,10,difficile
Q04882,Logique & culture générale,Question suivante : Quelle planète est connue comme la planète rouge ?,Mars,Vénus,Jupiter,Mercure,0,10,difficile
Q04883,Logique & culture générale,Question suivante : Quelle est la capitale du Cameroun ?,Yaoundé,Douala,Maroua,Garoua,0,10,difficile
Q04884,Logique & culture générale,Question suivante : Quelle est la région où se trouve Maroua ?,Extrême-Nord,Littoral,Sud-Ouest,Est,0,10,difficile
Q04885,Logique & culture générale,Question suivante : Quel est le plus grand océan du monde ?,Pacifique,Atlantique,Indien,Arctique,0,10,difficile
Q04886,Logique & culture générale,Question suivante : Combien de côtés possède un hexagone ?,6,5,7,8,0,10,difficile
Q04887,Logique & culture générale,Question suivante : Quel est le résultat de 12 × 5 ?,60,50,70,55,0,10,difficile
Q04888,Logique & culture générale,Question suivante : Quel est le résultat de 100 / 4 ?,25,20,30,40,0,10,difficile
Q04889,Logique & culture générale,"Question suivante : Si un objet coûte 10 000 FCFA et bénéficie de 10% de réduction, quel est le prix ?",9 000 FCFA,9 500 FCFA,8 000 FCFA,10 100 FCFA,0,10,difficile
Q04890,Logique & culture générale,Question suivante : Quel langage utilise principalement le symbole # pour les commentaires sur une ligne ?,Python,HTML,CSS,SQL,0,10,difficile
Q04891,Logique & culture générale,Question suivante : Quelle unité mesure généralement la fréquence d'un processeur ?,GHz,GB,dpi,Mbps,0,10,difficile
Q04892,Logique & culture générale,Question suivante : Quelle unité mesure le débit réseau ?,Mbps,kg,cm,dpi,0,10,difficile
Q04893,Logique & culture générale,Question suivante : Quel est le contraire de 'public' ?,Privé,Rapide,Ouvert,Central,0,10,difficile
Q04894,Logique & culture générale,Question suivante : Quel continent abrite le Cameroun ?,Afrique,Asie,Europe,Amérique,0,10,difficile
Q04895,Logique & culture générale,Question suivante : Quel est le résultat de 15 - 7 ?,8,7,9,6,0,10,difficile
Q04896,Logique & culture générale,"Question suivante : Si A est plus grand que B et B plus grand que C, qui est le plus petit ?",C,A,B,Impossible,0,10,difficile
Q04897,Logique & culture générale,Question suivante : Quelle couleur obtient-on en mélangeant du bleu et du jaune en peinture ?,Vert,Rouge,Violet,Noir,0,10,difficile
Q04898,Logique & culture générale,Question suivante : Combien de minutes y a-t-il dans une heure ?,60,30,100,90,0,10,difficile
Q04899,Logique & culture générale,Question suivante : Quel instrument sert à mesurer la température ?,Thermomètre,Baromètre,Voltmètre,Compas,0,10,difficile
Q04900,Logique & culture générale,Question suivante : Quel est le rôle principal d'une boussole ?,Indiquer les directions,Mesurer la température,Mesurer la vitesse,Calculer une moyenne,0,10,difficile
Q04901,Logique & culture générale,"Challenge visiteurs : Si 2 + 3 = 5, combien font 7 + 6 ?",13,12,14,11,0,10,difficile
Q04902,Logique & culture générale,"Challenge visiteurs : Quel nombre complète la suite 2, 4, 6, 8, ?",10,9,11,12,0,10,difficile
Q04903,Logique & culture générale,Challenge visiteurs : Quel nombre est premier ?,17,21,27,33,0,10,difficile
Q04904,Logique & culture générale,Challenge visiteurs : Combien y a-t-il de bits dans un octet ?,8,4,16,32,0,10,difficile
Q04905,Logique & culture générale,"Challenge visiteurs : Quel est le plus grand : 0,7 ou 0,65 ?","0,7","0,65",Ils sont égaux,Impossible,0,10,difficile
Q04906,Logique & culture générale,"Challenge visiteurs : Si tous les A sont B et tous les B sont C, que peut-on conclure ?",Tous les A sont C,Aucun A n'est C,Tous les C sont A,B n'existe pas,0,10,difficile
Q04907,Logique & culture générale,Challenge visiteurs : Quelle planète est connue comme la planète rouge ?,Mars,Vénus,Jupiter,Mercure,0,10,difficile
Q04908,Logique & culture générale,Challenge visiteurs : Quelle est la capitale du Cameroun ?,Yaoundé,Douala,Maroua,Garoua,0,10,difficile
Q04909,Logique & culture générale,Challenge visiteurs : Quelle est la région où se trouve Maroua ?,Extrême-Nord,Littoral,Sud-Ouest,Est,0,10,difficile
Q04910,Logique & culture générale,Challenge visiteurs : Quel est le plus grand océan du monde ?,Pacifique,Atlantique,Indien,Arctique,0,10,difficile
Q04911,Logique & culture générale,Challenge visiteurs : Combien de côtés possède un hexagone ?,6,5,7,8,0,10,difficile
Q04912,Logique & culture générale,Challenge visiteurs : Quel est le résultat de 12 × 5 ?,60,50,70,55,0,10,difficile
Q04913,Logique & culture générale,Challenge visiteurs : Quel est le résultat de 100 / 4 ?,25,20,30,40,0,10,difficile
Q04914,Logique & culture générale,"Challenge visiteurs : Si un objet coûte 10 000 FCFA et bénéficie de 10% de réduction, quel est le prix ?",9 000 FCFA,9 500 FCFA,8 000 FCFA,10 100 FCFA,0,10,difficile
Q04915,Logique & culture générale,Challenge visiteurs : Quel langage utilise principalement le symbole # pour les commentaires sur une ligne ?,Python,HTML,CSS,SQL,0,10,difficile
Q04916,Logique & culture générale,Challenge visiteurs : Quelle unité mesure généralement la fréquence d'un processeur ?,GHz,GB,dpi,Mbps,0,10,difficile
Q04917,Logique & culture générale,Challenge visiteurs : Quelle unité mesure le débit réseau ?,Mbps,kg,cm,dpi,0,10,difficile
Q04918,Logique & culture générale,Challenge visiteurs : Quel est le contraire de 'public' ?,Privé,Rapide,Ouvert,Central,0,10,difficile
Q04919,Logique & culture générale,Challenge visiteurs : Quel continent abrite le Cameroun ?,Afrique,Asie,Europe,Amérique,0,10,difficile
Q04920,Logique & culture générale,Challenge visiteurs : Quel est le résultat de 15 - 7 ?,8,7,9,6,0,10,difficile
Q04921,Logique & culture générale,"Challenge visiteurs : Si A est plus grand que B et B plus grand que C, qui est le plus petit ?",C,A,B,Impossible,0,10,difficile
Q04922,Logique & culture générale,Challenge visiteurs : Quelle couleur obtient-on en mélangeant du bleu et du jaune en peinture ?,Vert,Rouge,Violet,Noir,0,10,difficile
Q04923,Logique & culture générale,Challenge visiteurs : Combien de minutes y a-t-il dans une heure ?,60,30,100,90,0,10,difficile
Q04924,Logique & culture générale,Challenge visiteurs : Quel instrument sert à mesurer la température ?,Thermomètre,Baromètre,Voltmètre,Compas,0,10,difficile
Q04925,Logique & culture générale,Challenge visiteurs : Quel est le rôle principal d'une boussole ?,Indiquer les directions,Mesurer la température,Mesurer la vitesse,Calculer une moyenne,0,10,difficile
Q04926,Logique & culture générale,"Mode compétition : Si 2 + 3 = 5, combien font 7 + 6 ?",13,12,14,11,0,10,difficile
Q04927,Logique & culture générale,"Mode compétition : Quel nombre complète la suite 2, 4, 6, 8, ?",10,9,11,12,0,10,difficile
Q04928,Logique & culture générale,Mode compétition : Quel nombre est premier ?,17,21,27,33,0,10,difficile
Q04929,Logique & culture générale,Mode compétition : Combien y a-t-il de bits dans un octet ?,8,4,16,32,0,10,difficile
Q04930,Logique & culture générale,"Mode compétition : Quel est le plus grand : 0,7 ou 0,65 ?","0,7","0,65",Ils sont égaux,Impossible,0,10,difficile
Q04931,Logique & culture générale,"Mode compétition : Si tous les A sont B et tous les B sont C, que peut-on conclure ?",Tous les A sont C,Aucun A n'est C,Tous les C sont A,B n'existe pas,0,10,difficile
Q04932,Logique & culture générale,Mode compétition : Quelle planète est connue comme la planète rouge ?,Mars,Vénus,Jupiter,Mercure,0,10,difficile
Q04933,Logique & culture générale,Mode compétition : Quelle est la capitale du Cameroun ?,Yaoundé,Douala,Maroua,Garoua,0,10,difficile
Q04934,Logique & culture générale,Mode compétition : Quelle est la région où se trouve Maroua ?,Extrême-Nord,Littoral,Sud-Ouest,Est,0,10,difficile
Q04935,Logique & culture générale,Mode compétition : Quel est le plus grand océan du monde ?,Pacifique,Atlantique,Indien,Arctique,0,10,difficile
Q04936,Logique & culture générale,Mode compétition : Combien de côtés possède un hexagone ?,6,5,7,8,0,10,difficile
Q04937,Logique & culture générale,Mode compétition : Quel est le résultat de 12 × 5 ?,60,50,70,55,0,10,difficile
Q04938,Logique & culture générale,Mode compétition : Quel est le résultat de 100 / 4 ?,25,20,30,40,0,10,difficile
Q04939,Logique & culture générale,"Mode compétition : Si un objet coûte 10 000 FCFA et bénéficie de 10% de réduction, quel est le prix ?",9 000 FCFA,9 500 FCFA,8 000 FCFA,10 100 FCFA,0,10,difficile
Q04940,Logique & culture générale,Mode compétition : Quel langage utilise principalement le symbole # pour les commentaires sur une ligne ?,Python,HTML,CSS,SQL,0,10,difficile
Q04941,Logique & culture générale,Mode compétition : Quelle unité mesure généralement la fréquence d'un processeur ?,GHz,GB,dpi,Mbps,0,10,difficile
Q04942,Logique & culture générale,Mode compétition : Quelle unité mesure le débit réseau ?,Mbps,kg,cm,dpi,0,10,difficile
Q04943,Logique & culture générale,Mode compétition : Quel est le contraire de 'public' ?,Privé,Rapide,Ouvert,Central,0,10,difficile
Q04944,Logique & culture générale,Mode compétition : Quel continent abrite le Cameroun ?,Afrique,Asie,Europe,Amérique,0,10,difficile
Q04945,Logique & culture générale,Mode compétition : Quel est le résultat de 15 - 7 ?,8,7,9,6,0,10,difficile
Q04946,Logique & culture générale,"Mode compétition : Si A est plus grand que B et B plus grand que C, qui est le plus petit ?",C,A,B,Impossible,0,10,difficile
Q04947,Logique & culture générale,Mode compétition : Quelle couleur obtient-on en mélangeant du bleu et du jaune en peinture ?,Vert,Rouge,Violet,Noir,0,10,difficile
Q04948,Logique & culture générale,Mode compétition : Combien de minutes y a-t-il dans une heure ?,60,30,100,90,0,10,difficile
Q04949,Logique & culture générale,Mode compétition : Quel instrument sert à mesurer la température ?,Thermomètre,Baromètre,Voltmètre,Compas,0,10,difficile
Q04950,Logique & culture générale,Mode compétition : Quel est le rôle principal d'une boussole ?,Indiquer les directions,Mesurer la température,Mesurer la vitesse,Calculer une moyenne,0,10,difficile
Q04951,Logique & culture générale,"Question expert : Si 2 + 3 = 5, combien font 7 + 6 ?",13,12,14,11,0,10,difficile
Q04952,Logique & culture générale,"Question expert : Quel nombre complète la suite 2, 4, 6, 8, ?",10,9,11,12,0,10,difficile
Q04953,Logique & culture générale,Question expert : Quel nombre est premier ?,17,21,27,33,0,10,difficile
Q04954,Logique & culture générale,Question expert : Combien y a-t-il de bits dans un octet ?,8,4,16,32,0,10,difficile
Q04955,Logique & culture générale,"Question expert : Quel est le plus grand : 0,7 ou 0,65 ?","0,7","0,65",Ils sont égaux,Impossible,0,10,difficile
Q04956,Logique & culture générale,"Question expert : Si tous les A sont B et tous les B sont C, que peut-on conclure ?",Tous les A sont C,Aucun A n'est C,Tous les C sont A,B n'existe pas,0,10,difficile
Q04957,Logique & culture générale,Question expert : Quelle planète est connue comme la planète rouge ?,Mars,Vénus,Jupiter,Mercure,0,10,difficile
Q04958,Logique & culture générale,Question expert : Quelle est la capitale du Cameroun ?,Yaoundé,Douala,Maroua,Garoua,0,10,difficile
Q04959,Logique & culture générale,Question expert : Quelle est la région où se trouve Maroua ?,Extrême-Nord,Littoral,Sud-Ouest,Est,0,10,difficile
Q04960,Logique & culture générale,Question expert : Quel est le plus grand océan du monde ?,Pacifique,Atlantique,Indien,Arctique,0,10,difficile
Q04961,Logique & culture générale,Question expert : Combien de côtés possède un hexagone ?,6,5,7,8,0,10,difficile
Q04962,Logique & culture générale,Question expert : Quel est le résultat de 12 × 5 ?,60,50,70,55,0,10,difficile
Q04963,Logique & culture générale,Question expert : Quel est le résultat de 100 / 4 ?,25,20,30,40,0,10,difficile
Q04964,Logique & culture générale,"Question expert : Si un objet coûte 10 000 FCFA et bénéficie de 10% de réduction, quel est le prix ?",9 000 FCFA,9 500 FCFA,8 000 FCFA,10 100 FCFA,0,10,difficile
Q04965,Logique & culture générale,Question expert : Quel langage utilise principalement le symbole # pour les commentaires sur une ligne ?,Python,HTML,CSS,SQL,0,10,difficile
Q04966,Logique & culture générale,Question expert : Quelle unité mesure généralement la fréquence d'un processeur ?,GHz,GB,dpi,Mbps,0,10,difficile
Q04967,Logique & culture générale,Question expert : Quelle unité mesure le débit réseau ?,Mbps,kg,cm,dpi,0,10,difficile
Q04968,Logique & culture générale,Question expert : Quel est le contraire de 'public' ?,Privé,Rapide,Ouvert,Central,0,10,difficile
Q04969,Logique & culture générale,Question expert : Quel continent abrite le Cameroun ?,Afrique,Asie,Europe,Amérique,0,10,difficile
Q04970,Logique & culture générale,Question expert : Quel est le résultat de 15 - 7 ?,8,7,9,6,0,10,difficile
Q04971,Logique & culture générale,"Question expert : Si A est plus grand que B et B plus grand que C, qui est le plus petit ?",C,A,B,Impossible,0,10,difficile
Q04972,Logique & culture générale,Question expert : Quelle couleur obtient-on en mélangeant du bleu et du jaune en peinture ?,Vert,Rouge,Violet,Noir,0,10,difficile
Q04973,Logique & culture générale,Question expert : Combien de minutes y a-t-il dans une heure ?,60,30,100,90,0,10,difficile
Q04974,Logique & culture générale,Question expert : Quel instrument sert à mesurer la température ?,Thermomètre,Baromètre,Voltmètre,Compas,0,10,difficile
Q04975,Logique & culture générale,Question expert : Quel est le rôle principal d'une boussole ?,Indiquer les directions,Mesurer la température,Mesurer la vitesse,Calculer une moyenne,0,10,difficile
Q04976,Logique & culture générale,"Dernier défi : Si 2 + 3 = 5, combien font 7 + 6 ?",13,12,14,11,0,10,difficile
Q04977,Logique & culture générale,"Dernier défi : Quel nombre complète la suite 2, 4, 6, 8, ?",10,9,11,12,0,10,difficile
Q04978,Logique & culture générale,Dernier défi : Quel nombre est premier ?,17,21,27,33,0,10,difficile
Q04979,Logique & culture générale,Dernier défi : Combien y a-t-il de bits dans un octet ?,8,4,16,32,0,10,difficile
Q04980,Logique & culture générale,"Dernier défi : Quel est le plus grand : 0,7 ou 0,65 ?","0,7","0,65",Ils sont égaux,Impossible,0,10,difficile
Q04981,Logique & culture générale,"Dernier défi : Si tous les A sont B et tous les B sont C, que peut-on conclure ?",Tous les A sont C,Aucun A n'est C,Tous les C sont A,B n'existe pas,0,10,difficile
Q04982,Logique & culture générale,Dernier défi : Quelle planète est connue comme la planète rouge ?,Mars,Vénus,Jupiter,Mercure,0,10,difficile
Q04983,Logique & culture générale,Dernier défi : Quelle est la capitale du Cameroun ?,Yaoundé,Douala,Maroua,Garoua,0,10,difficile
Q04984,Logique & culture générale,Dernier défi : Quelle est la région où se trouve Maroua ?,Extrême-Nord,Littoral,Sud-Ouest,Est,0,10,difficile
Q04985,Logique & culture générale,Dernier défi : Quel est le plus grand océan du monde ?,Pacifique,Atlantique,Indien,Arctique,0,10,difficile
Q04986,Logique & culture générale,Dernier défi : Combien de côtés possède un hexagone ?,6,5,7,8,0,10,difficile
Q04987,Logique & culture générale,Dernier défi : Quel est le résultat de 12 × 5 ?,60,50,70,55,0,10,difficile
Q04988,Logique & culture générale,Dernier défi : Quel est le résultat de 100 / 4 ?,25,20,30,40,0,10,difficile
Q04989,Logique & culture générale,"Dernier défi : Si un objet coûte 10 000 FCFA et bénéficie de 10% de réduction, quel est le prix ?",9 000 FCFA,9 500 FCFA,8 000 FCFA,10 100 FCFA,0,10,difficile
Q04990,Logique & culture générale,Dernier défi : Quel langage utilise principalement le symbole # pour les commentaires sur une ligne ?,Python,HTML,CSS,SQL,0,10,difficile
Q04991,Logique & culture générale,Dernier défi : Quelle unité mesure généralement la fréquence d'un processeur ?,GHz,GB,dpi,Mbps,0,10,difficile
Q04992,Logique & culture générale,Dernier défi : Quelle unité mesure le débit réseau ?,Mbps,kg,cm,dpi,0,10,difficile
Q04993,Logique & culture générale,Dernier défi : Quel est le contraire de 'public' ?,Privé,Rapide,Ouvert,Central,0,10,difficile
Q04994,Logique & culture générale,Dernier défi : Quel continent abrite le Cameroun ?,Afrique,Asie,Europe,Amérique,0,10,difficile
Q04995,Logique & culture générale,Dernier défi : Quel est le résultat de 15 - 7 ?,8,7,9,6,0,10,difficile
Q04996,Logique & culture générale,"Dernier défi : Si A est plus grand que B et B plus grand que C, qui est le plus petit ?",C,A,B,Impossible,0,10,difficile
Q04997,Logique & culture générale,Dernier défi : Quelle couleur obtient-on en mélangeant du bleu et du jaune en peinture ?,Vert,Rouge,Violet,Noir,0,10,difficile
Q04998,Logique & culture générale,Dernier défi : Combien de minutes y a-t-il dans une heure ?,60,30,100,90,0,10,difficile
Q04999,Logique & culture générale,Dernier défi : Quel instrument sert à mesurer la température ?,Thermomètre,Baromètre,Voltmètre,Compas,0,10,difficile
Q05000,Logique & culture générale,Dernier défi : Quel est le rôle principal d'une boussole ?,Indiquer les directions,Mesurer la température,Mesurer la vitesse,Calculer une moyenne,0,10,difficile
